{"type": "FeatureCollection", "features": [{"type": "Feature", "properties": {"kind": "reach", "name": "Jamuna \u2014 Kazipur to Chauhali (Sirajganj / Tangail)"}, "geometry": {"type": "Polygon", "coordinates": [[[89.56, 24.1], [89.98, 24.1], [89.98, 24.85], [89.56, 24.85], [89.56, 24.1]]]}}, {"type": "Feature", "properties": {"kind": "baseline", "bank": "W"}, "geometry": {"type": "LineString", "coordinates": [[89.585983, 24.848348], [89.586121, 24.847443], [89.586262, 24.846538], [89.586407, 24.845633], [89.586555, 24.844728], [89.586707, 24.843823], [89.586861, 24.842917], [89.587018, 24.842012], [89.587176, 24.841107], [89.587336, 24.840202], [89.587496, 24.839296], [89.587658, 24.838391], [89.587819, 24.837486], [89.58798, 24.83658], [89.58814, 24.835675], [89.5883, 24.83477], [89.588458, 24.833864], [89.588615, 24.832959], [89.588771, 24.832054], [89.588925, 24.831149], [89.589077, 24.830244], [89.589227, 24.829339], [89.589376, 24.828433], [89.589524, 24.827528], [89.589671, 24.826623], [89.589817, 24.825718], [89.589963, 24.824813], [89.590109, 24.823908], [89.590256, 24.823003], [89.590405, 24.822098], [89.590555, 24.821193], [89.590708, 24.820288], [89.590865, 24.819382], [89.591027, 24.818477], [89.591193, 24.817572], [89.591366, 24.816666], [89.591545, 24.81576], [89.591733, 24.814855], [89.591929, 24.813949], [89.592134, 24.813043], [89.59235, 24.812136], [89.592577, 24.81123], [89.592816, 24.810323], [89.593067, 24.809416], [89.593331, 24.808509], [89.593608, 24.807602], [89.5939, 24.806694], [89.594205, 24.805786], [89.594525, 24.804878], [89.594859, 24.80397], [89.595208, 24.803061], [89.595571, 24.802153], [89.595948, 24.801244], [89.596339, 24.800334], [89.596743, 24.799425], [89.597159, 24.798515], [89.597588, 24.797605], [89.598027, 24.796695], [89.598476, 24.795784], [89.598934, 24.794874], [89.5994, 24.793963], [89.599873, 24.793053], [89.60035, 24.792142], [89.600832, 24.791231], [89.601315, 24.79032], [89.6018, 24.789409], [89.602284, 24.788498], [89.602765, 24.787587], [89.603244, 24.786676], [89.603717, 24.785766], [89.604183, 24.784855], [89.604642, 24.783944], [89.605092, 24.783034], [89.605532, 24.782124], [89.605961, 24.781214], [89.606378, 24.780304], [89.606782, 24.779394], [89.607173, 24.778485], [89.60755, 24.777576], [89.607913, 24.776667], [89.608262, 24.775759], [89.608596, 24.77485], [89.608917, 24.773942], [89.609224, 24.773034], [89.609518, 24.772127], [89.609799, 24.771219], [89.610068, 24.770312], [89.610326, 24.769405], [89.610575, 24.768498], [89.610814, 24.767591], [89.611045, 24.766685], [89.611269, 24.765778], [89.611488, 24.764872], [89.611703, 24.763966], [89.611913, 24.76306], [89.612122, 24.762153], [89.61233, 24.761247], [89.612537, 24.760341], [89.612746, 24.759435], [89.612956, 24.758529], [89.613169, 24.757623], [89.613385, 24.756716], [89.613605, 24.75581], [89.613829, 24.754903], [89.614058, 24.753997], [89.614292, 24.75309], [89.614531, 24.752184], [89.614775, 24.751277], [89.615023, 24.75037], [89.615277, 24.749463], [89.615534, 24.748556], [89.615796, 24.747649], [89.616061, 24.746742], [89.61633, 24.745835], [89.616601, 24.744927], [89.616874, 24.74402], [89.617148, 24.743113], [89.617423, 24.742205], [89.617698, 24.741298], [89.617973, 24.740391], [89.618247, 24.739483], [89.618519, 24.738576], [89.618789, 24.737669], [89.619056, 24.736762], [89.61932, 24.735854], [89.61958, 24.734947], [89.619837, 24.73404], [89.620089, 24.733133], [89.620338, 24.732227], [89.620582, 24.73132], [89.620821, 24.730413], [89.621056, 24.729506], [89.621287, 24.7286], [89.621513, 24.727693], [89.621735, 24.726787], [89.621953, 24.725881], [89.622167, 24.724974], [89.622379, 24.724068], [89.622587, 24.723162], [89.622792, 24.722256], [89.622996, 24.72135], [89.623198, 24.720444], [89.623399, 24.719538], [89.623599, 24.718632], [89.6238, 24.717726], [89.624001, 24.71682], [89.624203, 24.715914], [89.624408, 24.715007], [89.624614, 24.714101], [89.624824, 24.713195], [89.625038, 24.712289], [89.625256, 24.711382], [89.625479, 24.710476], [89.625708, 24.70957], [89.625942, 24.708663], [89.626184, 24.707756], [89.626433, 24.706849], [89.626689, 24.705942], [89.626954, 24.705035], [89.627228, 24.704128], [89.627512, 24.70322], [89.627805, 24.702313], [89.628108, 24.701405], [89.628422, 24.700497], [89.628748, 24.699589], [89.629084, 24.69868], [89.629433, 24.697771], [89.629794, 24.696863], [89.630167, 24.695954], [89.630554, 24.695044], [89.630954, 24.694135], [89.631367, 24.693225], [89.631794, 24.692315], [89.632235, 24.691405], [89.632691, 24.690494], [89.633161, 24.689583], [89.633646, 24.688672], [89.634145, 24.687761], [89.634659, 24.68685], [89.635188, 24.685938], [89.635732, 24.685026], [89.63629, 24.684113], [89.636862, 24.683201], [89.637448, 24.682288], [89.638047, 24.681375], [89.638659, 24.680462], [89.639283, 24.679548], [89.639919, 24.678634], [89.640564, 24.677721], [89.641219, 24.676806], [89.641882, 24.675892], [89.642552, 24.674978], [89.643228, 24.674064], [89.643907, 24.673149], [89.644589, 24.672235], [89.645271, 24.67132], [89.645953, 24.670405], [89.646633, 24.669491], [89.647308, 24.668577], [89.647977, 24.667662], [89.648638, 24.666748], [89.64929, 24.665834], [89.649931, 24.66492], [89.65056, 24.664007], [89.651174, 24.663093], [89.651773, 24.66218], [89.652355, 24.661267], [89.65292, 24.660355], [89.653465, 24.659443], [89.65399, 24.658531], [89.654495, 24.657619], [89.654978, 24.656708], [89.655439, 24.655798], [89.655877, 24.654887], [89.656293, 24.653978], [89.656686, 24.653068], [89.657056, 24.652159], [89.657403, 24.65125], [89.657727, 24.650342], [89.658029, 24.649434], [89.658308, 24.648527], [89.658566, 24.64762], [89.658803, 24.646713], [89.659019, 24.645807], [89.659215, 24.644901], [89.659392, 24.643995], [89.659551, 24.64309], [89.659692, 24.642185], [89.659815, 24.64128], [89.659923, 24.640376], [89.660016, 24.639472], [89.660094, 24.638568], [89.660159, 24.637664], [89.660212, 24.636761], [89.660253, 24.635857], [89.660283, 24.634954], [89.660304, 24.634051], [89.660316, 24.633149], [89.66032, 24.632246], [89.660318, 24.631344], [89.660309, 24.630441], [89.660296, 24.629539], [89.660278, 24.628637], [89.660256, 24.627735], [89.660232, 24.626832], [89.660206, 24.62593], [89.660178, 24.625028], [89.66015, 24.624126], [89.660122, 24.623224], [89.660094, 24.622322], [89.660068, 24.62142], [89.660042, 24.620518], [89.660019, 24.619616], [89.659997, 24.618714], [89.659979, 24.617812], [89.659962, 24.61691], [89.659949, 24.616007], [89.659939, 24.615105], [89.659932, 24.614203], [89.659928, 24.6133], [89.659928, 24.612398], [89.659931, 24.611495], [89.659938, 24.610592], [89.659947, 24.60969], [89.659961, 24.608787], [89.659977, 24.607884], [89.659997, 24.606981], [89.66002, 24.606078], [89.660046, 24.605175], [89.660076, 24.604272], [89.660109, 24.603369], [89.660145, 24.602466], [89.660185, 24.601563], [89.660228, 24.60066], [89.660275, 24.599756], [89.660325, 24.598853], [89.660379, 24.597949], [89.660436, 24.597046], [89.660498, 24.596142], [89.660563, 24.595239], [89.660632, 24.594335], [89.660705, 24.593431], [89.660782, 24.592527], [89.660863, 24.591623], [89.660949, 24.590719], [89.661038, 24.589815], [89.661132, 24.588911], [89.66123, 24.588007], [89.661333, 24.587102], [89.66144, 24.586198], [89.661551, 24.585293], [89.661667, 24.584389], [89.661787, 24.583484], [89.661912, 24.582579], [89.662042, 24.581675], [89.662176, 24.58077], [89.662316, 24.579865], [89.662462, 24.57896], [89.662613, 24.578054], [89.662771, 24.577149], [89.662935, 24.576244], [89.663107, 24.575338], [89.663287, 24.574432], [89.663476, 24.573527], [89.663673, 24.572621], [89.663881, 24.571714], [89.6641, 24.570808], [89.664331, 24.569901], [89.664574, 24.568995], [89.664831, 24.568088], [89.665102, 24.56718], [89.665388, 24.566273], [89.66569, 24.565365], [89.666008, 24.564457], [89.666344, 24.563548], [89.666698, 24.562639], [89.667069, 24.56173], [89.667459, 24.560821], [89.667868, 24.559911], [89.668295, 24.559001], [89.668741, 24.558091], [89.669205, 24.55718], [89.669687, 24.556269], [89.670186, 24.555357], [89.670702, 24.554446], [89.671233, 24.553534], [89.671779, 24.552622], [89.672338, 24.551709], [89.67291, 24.550797], [89.673492, 24.549884], [89.674083, 24.548971], [89.674683, 24.548058], [89.675289, 24.547144], [89.675899, 24.546231], [89.676513, 24.545317], [89.677129, 24.544404], [89.677744, 24.543491], [89.678358, 24.542577], [89.678969, 24.541664], [89.679576, 24.54075], [89.680178, 24.539837], [89.680772, 24.538924], [89.681359, 24.538011], [89.681938, 24.537098], [89.682507, 24.536186], [89.683065, 24.535273], [89.683613, 24.534361], [89.68415, 24.533449], [89.684675, 24.532537], [89.685189, 24.531625], [89.68569, 24.530714], [89.68618, 24.529803], [89.686658, 24.528892], [89.687125, 24.527981], [89.68758, 24.52707], [89.688025, 24.52616], [89.688459, 24.52525], [89.688883, 24.52434], [89.689298, 24.52343], [89.689704, 24.52252], [89.690102, 24.52161], [89.690492, 24.520701], [89.690875, 24.519791], [89.691253, 24.518882], [89.691624, 24.517973], [89.691991, 24.517064], [89.692354, 24.516155], [89.692714, 24.515246], [89.693071, 24.514337], [89.693426, 24.513428], [89.693779, 24.51252], [89.694131, 24.511611], [89.694484, 24.510702], [89.694836, 24.509793], [89.69519, 24.508884], [89.695545, 24.507975], [89.695902, 24.507067], [89.696261, 24.506158], [89.696623, 24.505249], [89.696989, 24.50434], [89.697358, 24.50343], [89.697732, 24.502521], [89.69811, 24.501612], [89.698494, 24.500703], [89.698882, 24.499793], [89.699277, 24.498884], [89.699678, 24.497974], [89.700085, 24.497064], [89.700499, 24.496154], [89.700921, 24.495244], [89.70135, 24.494334], [89.701786, 24.493424], [89.70223, 24.492513], [89.702682, 24.491603], [89.703142, 24.490692], [89.70361, 24.489781], [89.704086, 24.48887], [89.704569, 24.487959], [89.705059, 24.487048], [89.705555, 24.486136], [89.706058, 24.485225], [89.706566, 24.484313], [89.707078, 24.483401], [89.707594, 24.48249], [89.708111, 24.481578], [89.70863, 24.480666], [89.709149, 24.479754], [89.709666, 24.478842], [89.710179, 24.477931], [89.710688, 24.477019], [89.71119, 24.476107], [89.711685, 24.475196], [89.712169, 24.474285], [89.712642, 24.473374], [89.713102, 24.472463], [89.713547, 24.471553], [89.713976, 24.470642], [89.714387, 24.469732], [89.71478, 24.468823], [89.715153, 24.467914], [89.715504, 24.467005], [89.715835, 24.466096], [89.716142, 24.465188], [89.716428, 24.464281], [89.71669, 24.463374], [89.71693, 24.462467], [89.717146, 24.46156], [89.717341, 24.460654], [89.717514, 24.459749], [89.717666, 24.458843], [89.717799, 24.457939], [89.717913, 24.457034], [89.71801, 24.45613], [89.718091, 24.455226], [89.718158, 24.454322], [89.718213, 24.453419], [89.718258, 24.452515], [89.718294, 24.451612], [89.718325, 24.450709], [89.718351, 24.449806], [89.718375, 24.448903], [89.718399, 24.448], [89.718426, 24.447097], [89.718457, 24.446194], [89.718495, 24.445291], [89.718542, 24.444388], [89.718599, 24.443484], [89.718668, 24.44258], [89.718753, 24.441676], [89.718854, 24.440772], [89.718973, 24.439867], [89.719111, 24.438962], [89.719271, 24.438057], [89.719454, 24.437151], [89.719662, 24.436245], [89.719894, 24.435338], [89.720153, 24.434431], [89.72044, 24.433524], [89.720756, 24.432615], [89.721101, 24.431707], [89.721476, 24.430797], [89.721881, 24.429888], [89.722318, 24.428977], [89.722786, 24.428066], [89.723285, 24.427155], [89.723814, 24.426243], [89.724374, 24.42533], [89.724964, 24.424417], [89.725583, 24.423503], [89.726229, 24.422589], [89.726901, 24.421675], [89.727598, 24.42076], [89.728317, 24.419844], [89.729056, 24.418928], [89.729812, 24.418012], [89.730583, 24.417096], [89.731365, 24.416179], [89.732155, 24.415262], [89.732949, 24.414345], [89.733743, 24.413429], [89.734533, 24.412512], [89.735315, 24.411595], [89.736083, 24.410679], [89.736834, 24.409763], [89.737564, 24.408847], [89.738266, 24.407932], [89.738938, 24.407017], [89.739573, 24.406103], [89.740169, 24.40519], [89.740721, 24.404277], [89.741224, 24.403366], [89.741677, 24.402455], [89.742074, 24.401545], [89.742414, 24.400637], [89.742693, 24.399729], [89.742911, 24.398823], [89.743065, 24.397917], [89.743155, 24.397013], [89.74318, 24.39611], [89.74314, 24.395209], [89.743036, 24.394308], [89.742869, 24.393409], [89.74264, 24.39251], [89.742352, 24.391613], [89.742008, 24.390717], [89.741611, 24.389821], [89.741164, 24.388927], [89.740671, 24.388033], [89.740137, 24.387141], [89.739565, 24.386248], [89.738962, 24.385357], [89.738332, 24.384466], [89.73768, 24.383575], [89.737011, 24.382685], [89.73633, 24.381794], [89.735643, 24.380904], [89.734955, 24.380014], [89.734269, 24.379124], [89.733591, 24.378234], [89.732924, 24.377343], [89.732274, 24.376453], [89.731643, 24.375561], [89.731034, 24.37467], [89.73045, 24.373778], [89.729893, 24.372886], [89.729366, 24.371993], [89.728869, 24.371099], [89.728404, 24.370205], [89.727971, 24.36931], [89.72757, 24.368415], [89.7272, 24.367519], [89.726861, 24.366623], [89.726552, 24.365726], [89.726272, 24.364828], [89.726018, 24.36393], [89.725789, 24.363032], [89.725583, 24.362133], [89.725398, 24.361234], [89.725231, 24.360334], [89.725079, 24.359435], [89.724941, 24.358535], [89.724813, 24.357634], [89.724693, 24.356734], [89.72458, 24.355834], [89.72447, 24.354933], [89.724362, 24.354032], [89.724253, 24.353132], [89.724141, 24.352231], [89.724026, 24.351331], [89.723906, 24.350431], [89.723779, 24.34953], [89.723645, 24.34863], [89.723503, 24.34773], [89.723352, 24.346831], [89.723193, 24.345931], [89.723025, 24.345031], [89.722848, 24.344132], [89.722663, 24.343233], [89.722471, 24.342334], [89.722271, 24.341435], [89.722066, 24.340536], [89.721857, 24.339637], [89.721643, 24.338739], [89.721427, 24.33784], [89.72121, 24.336941], [89.720993, 24.336043], [89.720778, 24.335144], [89.720565, 24.334245], [89.720356, 24.333347], [89.720153, 24.332448], [89.719955, 24.331549], [89.719765, 24.33065], [89.719583, 24.32975], [89.719409, 24.328851], [89.719245, 24.327951], [89.71909, 24.327052], [89.718946, 24.326152], [89.71881, 24.325252], [89.718685, 24.324351], [89.718569, 24.323451], [89.718462, 24.32255], [89.718363, 24.32165], [89.718272, 24.320749], [89.718187, 24.319848], [89.718108, 24.318947], [89.718033, 24.318046], [89.717962, 24.317144], [89.717893, 24.316243], [89.717824, 24.315342], [89.717755, 24.31444], [89.717684, 24.313539], [89.71761, 24.312638], [89.71753, 24.311737], [89.717445, 24.310836], [89.717352, 24.309935], [89.71725, 24.309034], [89.717139, 24.308134], [89.717017, 24.307234], [89.716883, 24.306333], [89.716737, 24.305434], [89.716577, 24.304534], [89.716404, 24.303634], [89.716217, 24.302735], [89.716015, 24.301836], [89.715799, 24.300938], [89.715568, 24.300039], [89.715323, 24.299141], [89.715065, 24.298243], [89.714793, 24.297346], [89.714509, 24.296448], [89.714213, 24.295551], [89.713907, 24.294654], [89.713591, 24.293757], [89.713266, 24.29286], [89.712934, 24.291964], [89.712597, 24.291067], [89.712255, 24.290171], [89.71191, 24.289274], [89.711564, 24.288378], [89.711218, 24.287482], [89.710874, 24.286585], [89.710533, 24.285689], [89.710196, 24.284792], [89.709866, 24.283896], [89.709543, 24.282999], [89.709229, 24.282102], [89.708925, 24.281205], [89.708633, 24.280308], [89.708352, 24.27941], [89.708085, 24.278512], [89.707833, 24.277614], [89.707595, 24.276716], [89.707372, 24.275818], [89.707166, 24.274919], [89.706976, 24.27402], [89.706804, 24.27312], [89.706648, 24.27222], [89.70651, 24.27132], [89.706389, 24.27042], [89.706286, 24.269519], [89.706199, 24.268618], [89.70613, 24.267717], [89.706076, 24.266815], [89.706039, 24.265914], [89.706017, 24.265011], [89.70601, 24.264109], [89.706017, 24.263206], [89.706037, 24.262304], [89.706069, 24.2614], [89.706113, 24.260497], [89.706168, 24.259594], [89.706231, 24.25869], [89.706303, 24.257786], [89.706382, 24.256882], [89.706467, 24.255978], [89.706557, 24.255074], [89.706649, 24.25417], [89.706744, 24.253266], [89.70684, 24.252361], [89.706936, 24.251457], [89.70703, 24.250553], [89.707121, 24.249649], [89.707208, 24.248745], [89.707291, 24.247841], [89.707367, 24.246937], [89.707437, 24.246033], [89.707499, 24.245129], [89.707553, 24.244226], [89.707597, 24.243323], [89.707632, 24.24242], [89.707656, 24.241517], [89.70767, 24.240614], [89.707673, 24.239711], [89.707664, 24.238809], [89.707644, 24.237907], [89.707613, 24.237005], [89.70757, 24.236103], [89.707516, 24.235201], [89.70745, 24.2343], [89.707373, 24.233399], [89.707285, 24.232498], [89.707186, 24.231597], [89.707076, 24.230697], [89.706955, 24.229796], [89.706825, 24.228896], [89.706683, 24.227996], [89.706532, 24.227096], [89.706371, 24.226196], [89.7062, 24.225297], [89.70602, 24.224398], [89.70583, 24.223498], [89.705631, 24.222599], [89.705423, 24.221701], [89.705206, 24.220802], [89.704979, 24.219903], [89.704744, 24.219005], [89.704501, 24.218107], [89.704248, 24.217209], [89.703988, 24.216311], [89.703719, 24.215413], [89.703443, 24.214516], [89.70316, 24.213618], [89.702869, 24.212721], [89.702572, 24.211823], [89.702269, 24.210926], [89.70196, 24.210029], [89.701647, 24.209132], [89.701329, 24.208235], [89.701007, 24.207339], [89.700683, 24.206442], [89.700356, 24.205545], [89.700029, 24.204648], [89.699701, 24.203752], [89.699373, 24.202855], [89.699046, 24.201958], [89.698721, 24.201061], [89.698398, 24.200165], [89.698079, 24.199268], [89.697764, 24.198371], [89.697453, 24.197474], [89.697146, 24.196577], [89.696845, 24.195679], [89.696549, 24.194782], [89.696259, 24.193885], [89.695974, 24.192987], [89.695694, 24.19209], [89.695418, 24.191192], [89.695148, 24.190294], [89.694881, 24.189396], [89.694617, 24.188499], [89.694356, 24.187601], [89.694097, 24.186703], [89.693838, 24.185805], [89.693578, 24.184907], [89.693317, 24.184009], [89.693054, 24.183111], [89.692786, 24.182213], [89.692514, 24.181315], [89.692236, 24.180418], [89.69195, 24.17952], [89.691656, 24.178623], [89.691353, 24.177726], [89.691041, 24.176829], [89.690717, 24.175932], [89.690382, 24.175035], [89.690035, 24.174139], [89.689676, 24.173243], [89.689305, 24.172347], [89.688921, 24.171451], [89.688525, 24.170555], [89.688117, 24.16966], [89.687697, 24.168765], [89.687266, 24.16787], [89.686824, 24.166975], [89.686372, 24.166081], [89.685911, 24.165186], [89.685442, 24.164292], [89.684966, 24.163398], [89.684483, 24.162504], [89.683996, 24.16161], [89.683505, 24.160716], [89.683011, 24.159822], [89.682516, 24.158928], [89.68202, 24.158034], [89.681525, 24.15714], [89.681031, 24.156247], [89.680541, 24.155353], [89.680054, 24.154459], [89.679572, 24.153565], [89.679096, 24.15267], [89.678627, 24.151776], [89.678165, 24.150882], [89.67771, 24.149987], [89.677265, 24.149092], [89.676829, 24.148197], [89.676402, 24.147302], [89.675986, 24.146407], [89.67558, 24.145512], [89.675186, 24.144616], [89.674803, 24.14372], [89.674432, 24.142824], [89.674074, 24.141928], [89.673727, 24.141031], [89.673394, 24.140135], [89.673073, 24.139238], [89.672766, 24.138341], [89.672472, 24.137443], [89.672191, 24.136546], [89.671925, 24.135648], [89.671673, 24.13475], [89.671435, 24.133851], [89.671212, 24.132952], [89.671003, 24.132054], [89.670809, 24.131154], [89.67063, 24.130255], [89.670466, 24.129355], [89.670318, 24.128455], [89.670184, 24.127555], [89.670066, 24.126655], [89.669964, 24.125754], [89.669876, 24.124853], [89.669804, 24.123952], [89.669747, 24.12305], [89.669704, 24.122148], [89.669676, 24.121246], [89.669662, 24.120344], [89.669663, 24.119441], [89.669676, 24.118538], [89.669703, 24.117635], [89.669742, 24.116732], [89.669792, 24.115829], [89.669854, 24.114925], [89.669927, 24.114021], [89.670009, 24.113117], [89.6701, 24.112213], [89.6702, 24.111309], [89.670306, 24.110404], [89.670419, 24.1095], [89.670537, 24.108595], [89.67066, 24.107691]]}}, {"type": "Feature", "properties": {"kind": "baseline", "bank": "E"}, "geometry": {"type": "LineString", "coordinates": [[89.663699, 24.846982], [89.663771, 24.846078], [89.66386, 24.845174], [89.663969, 24.844269], [89.664099, 24.843365], [89.664253, 24.842459], [89.664431, 24.841554], [89.664637, 24.840648], [89.664871, 24.839741], [89.665136, 24.838834], [89.665433, 24.837926], [89.665765, 24.837017], [89.666131, 24.836108], [89.666534, 24.835199], [89.666974, 24.834288], [89.667452, 24.833377], [89.667969, 24.832466], [89.668525, 24.831553], [89.66912, 24.83064], [89.669754, 24.829726], [89.670426, 24.828812], [89.671135, 24.827897], [89.671881, 24.826981], [89.672661, 24.826064], [89.673475, 24.825147], [89.674321, 24.82423], [89.675196, 24.823312], [89.676098, 24.822393], [89.677026, 24.821474], [89.677976, 24.820554], [89.678946, 24.819634], [89.679933, 24.818714], [89.680934, 24.817794], [89.681947, 24.816873], [89.682969, 24.815952], [89.683998, 24.815031], [89.68503, 24.81411], [89.686063, 24.813189], [89.687094, 24.812268], [89.688122, 24.811347], [89.689145, 24.810426], [89.69016, 24.809506], [89.691166, 24.808585], [89.692161, 24.807665], [89.693145, 24.806744], [89.694116, 24.805824], [89.695073, 24.804905], [89.696016, 24.803985], [89.696945, 24.803066], [89.697859, 24.802147], [89.698759, 24.801228], [89.699644, 24.80031], [89.700516, 24.799392], [89.701374, 24.798474], [89.702219, 24.797556], [89.703053, 24.796638], [89.703875, 24.795721], [89.704687, 24.794804], [89.705489, 24.793887], [89.706284, 24.79297], [89.70707, 24.792053], [89.70785, 24.791137], [89.708624, 24.79022], [89.709393, 24.789304], [89.710158, 24.788388], [89.710918, 24.787471], [89.711675, 24.786555], [89.71243, 24.785639], [89.713181, 24.784723], [89.713929, 24.783807], [89.714675, 24.782891], [89.715418, 24.781975], [89.716158, 24.781059], [89.716894, 24.780143], [89.717627, 24.779227], [89.718354, 24.778312], [89.719077, 24.777396], [89.719793, 24.776481], [89.720503, 24.775565], [89.721205, 24.77465], [89.721898, 24.773735], [89.722581, 24.77282], [89.723255, 24.771905], [89.723916, 24.770991], [89.724565, 24.770076], [89.725201, 24.769162], [89.725823, 24.768249], [89.726429, 24.767335], [89.727019, 24.766422], [89.727593, 24.765509], [89.728149, 24.764596], [89.728686, 24.763684], [89.729205, 24.762772], [89.729705, 24.761861], [89.730185, 24.760949], [89.730645, 24.760038], [89.731084, 24.759128], [89.731503, 24.758218], [89.7319, 24.757308], [89.732276, 24.756399], [89.732631, 24.75549], [89.732965, 24.754581], [89.733278, 24.753673], [89.733569, 24.752765], [89.733839, 24.751858], [89.734089, 24.750951], [89.734317, 24.750044], [89.734526, 24.749138], [89.734715, 24.748232], [89.734885, 24.747327], [89.735035, 24.746421], [89.735168, 24.745516], [89.735283, 24.744612], [89.735382, 24.743708], [89.735465, 24.742804], [89.735533, 24.7419], [89.735588, 24.740996], [89.735629, 24.740093], [89.73566, 24.73919], [89.735681, 24.738287], [89.735693, 24.737385], [89.735698, 24.736482], [89.735697, 24.73558], [89.735693, 24.734677], [89.735686, 24.733775], [89.735679, 24.732873], [89.735672, 24.73197], [89.735669, 24.731068], [89.735671, 24.730165], [89.735679, 24.729263], [89.735695, 24.72836], [89.735721, 24.727457], [89.735759, 24.726554], [89.73581, 24.72565], [89.735876, 24.724747], [89.735959, 24.723843], [89.73606, 24.722938], [89.736181, 24.722034], [89.736324, 24.721129], [89.736489, 24.720223], [89.736678, 24.719317], [89.736893, 24.718411], [89.737135, 24.717504], [89.737405, 24.716597], [89.737705, 24.715689], [89.738036, 24.71478], [89.738399, 24.713871], [89.738796, 24.712961], [89.739229, 24.712051], [89.739698, 24.71114], [89.740204, 24.710228], [89.740751, 24.709316], [89.741337, 24.708403], [89.741966, 24.707489], [89.742639, 24.706574], [89.743356, 24.705658], [89.744119, 24.704742], [89.744929, 24.703824], [89.745787, 24.702906], [89.746693, 24.701987], [89.74765, 24.701067], [89.748656, 24.700146], [89.749713, 24.699225], [89.750819, 24.698302], [89.751976, 24.697378], [89.753181, 24.696453], [89.754435, 24.695528], [89.755735, 24.694602], [89.75708, 24.693675], [89.758467, 24.692747], [89.759894, 24.691818], [89.761359, 24.690888], [89.762857, 24.689958], [89.764385, 24.689028], [89.76594, 24.688097], [89.767515, 24.687165], [89.769108, 24.686233], [89.770713, 24.685301], [89.772325, 24.684369], [89.77394, 24.683437], [89.775551, 24.682504], [89.777154, 24.681572], [89.778743, 24.68064], [89.780314, 24.679709], [89.781862, 24.678778], [89.783381, 24.677847], [89.784868, 24.676917], [89.786318, 24.675988], [89.787727, 24.675059], [89.789092, 24.674131], [89.790411, 24.673204], [89.791679, 24.672278], [89.792895, 24.671353], [89.794058, 24.670429], [89.795165, 24.669506], [89.796216, 24.668584], [89.797211, 24.667663], [89.798148, 24.666743], [89.799029, 24.665824], [89.799853, 24.664907], [89.800623, 24.66399], [89.801337, 24.663074], [89.801999, 24.662159], [89.80261, 24.661245], [89.803171, 24.660332], [89.803685, 24.65942], [89.804153, 24.658509], [89.804578, 24.657599], [89.804962, 24.656689], [89.805306, 24.65578], [89.805614, 24.654872], [89.805888, 24.653965], [89.80613, 24.653058], [89.806342, 24.652151], [89.806526, 24.651245], [89.806684, 24.65034], [89.806819, 24.649435], [89.806933, 24.64853], [89.807027, 24.647626], [89.807104, 24.646722], [89.807164, 24.645819], [89.807211, 24.644915], [89.807245, 24.644012], [89.807268, 24.64311], [89.807281, 24.642207], [89.807287, 24.641304], [89.807286, 24.640402], [89.807279, 24.6395], [89.807268, 24.638597], [89.807255, 24.637695], [89.807239, 24.636793], [89.807223, 24.635891], [89.807207, 24.634989], [89.807193, 24.634086], [89.807181, 24.633184], [89.807172, 24.632282], [89.807167, 24.63138], [89.807167, 24.630477], [89.807172, 24.629575], [89.807185, 24.628672], [89.807204, 24.627769], [89.807232, 24.626866], [89.807268, 24.625963], [89.807313, 24.62506], [89.807368, 24.624156], [89.807434, 24.623253], [89.807511, 24.622349], [89.807599, 24.621445], [89.807699, 24.62054], [89.807811, 24.619636], [89.807935, 24.618731], [89.808072, 24.617826], [89.808221, 24.616921], [89.808384, 24.616015], [89.808558, 24.61511], [89.808746, 24.614204], [89.808946, 24.613298], [89.809158, 24.612391], [89.809382, 24.611485], [89.809617, 24.610578], [89.809863, 24.609671], [89.81012, 24.608763], [89.810386, 24.607856], [89.810662, 24.606948], [89.810946, 24.606041], [89.811238, 24.605133], [89.811537, 24.604225], [89.811843, 24.603317], [89.812153, 24.602408], [89.812468, 24.6015], [89.812787, 24.600592], [89.813109, 24.599683], [89.813433, 24.598775], [89.813758, 24.597866], [89.814084, 24.596958], [89.814409, 24.596049], [89.814734, 24.595141], [89.815058, 24.594232], [89.815381, 24.593324], [89.815701, 24.592415], [89.816018, 24.591507], [89.816333, 24.590598], [89.816645, 24.58969], [89.816954, 24.588782], [89.81726, 24.587874], [89.817562, 24.586966], [89.817862, 24.586058], [89.818159, 24.58515], [89.818453, 24.584242], [89.818745, 24.583334], [89.819034, 24.582426], [89.819322, 24.581518], [89.819608, 24.58061], [89.819892, 24.579702], [89.820175, 24.578795], [89.820458, 24.577887], [89.82074, 24.576979], [89.821021, 24.576072], [89.821302, 24.575164], [89.821583, 24.574256], [89.821864, 24.573348], [89.822144, 24.572441], [89.822425, 24.571533], [89.822706, 24.570625], [89.822986, 24.569718], [89.823265, 24.56881], [89.823544, 24.567902], [89.823823, 24.566995], [89.8241, 24.566087], [89.824376, 24.565179], [89.824651, 24.564272], [89.824924, 24.563364], [89.825195, 24.562457], [89.825465, 24.561549], [89.825732, 24.560642], [89.825997, 24.559734], [89.82626, 24.558827], [89.826521, 24.55792], [89.82678, 24.557012], [89.827036, 24.556105], [89.827291, 24.555198], [89.827545, 24.554291], [89.827797, 24.553383], [89.828048, 24.552476], [89.828298, 24.551569], [89.828547, 24.550662], [89.828797, 24.549755], [89.829047, 24.548848], [89.829297, 24.547941], [89.829547, 24.547034], [89.829799, 24.546126], [89.830052, 24.545219], [89.830306, 24.544312], [89.830561, 24.543405], [89.830818, 24.542497], [89.831076, 24.54159], [89.831335, 24.540683], [89.831595, 24.539776], [89.831856, 24.538868], [89.832117, 24.537961], [89.832377, 24.537054], [89.832637, 24.536146], [89.832895, 24.535239], [89.833151, 24.534332], [89.833405, 24.533424], [89.833655, 24.532517], [89.833901, 24.53161], [89.834141, 24.530703], [89.834376, 24.529796], [89.834604, 24.52889], [89.834825, 24.527983], [89.835038, 24.527077], [89.835241, 24.52617], [89.835435, 24.525264], [89.835618, 24.524359], [89.83579, 24.523453], [89.83595, 24.522547], [89.836099, 24.521642], [89.836234, 24.520737], [89.836357, 24.519832], [89.836467, 24.518928], [89.836562, 24.518024], [89.836645, 24.51712], [89.836713, 24.516216], [89.836767, 24.515313], [89.836808, 24.514409], [89.836835, 24.513506], [89.836849, 24.512604], [89.836849, 24.511701], [89.836836, 24.510799], [89.836811, 24.509897], [89.836774, 24.508995], [89.836725, 24.508094], [89.836664, 24.507193], [89.836594, 24.506291], [89.836513, 24.50539], [89.836423, 24.50449], [89.836324, 24.503589], [89.836218, 24.502689], [89.836104, 24.501788], [89.835984, 24.500888], [89.835858, 24.499988], [89.835727, 24.499088], [89.835592, 24.498188], [89.835454, 24.497288], [89.835313, 24.496389], [89.83517, 24.495489], [89.835026, 24.494589], [89.834881, 24.493689], [89.834737, 24.49279], [89.834592, 24.49189], [89.834449, 24.49099], [89.834307, 24.49009], [89.834166, 24.489191], [89.834027, 24.488291], [89.83389, 24.487391], [89.833755, 24.486491], [89.833621, 24.485591], [89.833489, 24.484691], [89.833357, 24.483791], [89.833227, 24.482891], [89.833096, 24.481991], [89.832965, 24.481091], [89.832833, 24.480191], [89.832699, 24.479291], [89.832563, 24.478391], [89.832423, 24.477492], [89.83228, 24.476592], [89.832131, 24.475692], [89.831976, 24.474793], [89.831815, 24.473893], [89.831647, 24.472994], [89.831471, 24.472095], [89.831286, 24.471196], [89.831092, 24.470297], [89.830888, 24.469398], [89.830675, 24.4685], [89.830452, 24.467602], [89.830218, 24.466704], [89.829974, 24.465806], [89.82972, 24.464908], [89.829457, 24.464011], [89.829183, 24.463113], [89.828901, 24.462216], [89.828609, 24.461319], [89.82831, 24.460422], [89.828003, 24.459526], [89.82769, 24.458629], [89.82737, 24.457733], [89.827046, 24.456836], [89.826717, 24.45594], [89.826385, 24.455044], [89.82605, 24.454147], [89.825713, 24.453251], [89.825375, 24.452355], [89.825037, 24.451459], [89.824699, 24.450563], [89.824362, 24.449667], [89.824026, 24.448771], [89.823692, 24.447874], [89.82336, 24.446978], [89.823031, 24.446082], [89.822704, 24.445186], [89.822379, 24.444289], [89.822057, 24.443393], [89.821738, 24.442496], [89.82142, 24.4416], [89.821105, 24.440703], [89.82079, 24.439807], [89.820477, 24.43891], [89.820163, 24.438013], [89.81985, 24.437117], [89.819535, 24.43622], [89.819219, 24.435324], [89.8189, 24.434427], [89.818579, 24.433531], [89.818253, 24.432634], [89.817923, 24.431738], [89.817588, 24.430842], [89.817247, 24.429946], [89.8169, 24.42905], [89.816546, 24.428154], [89.816185, 24.427258], [89.815817, 24.426362], [89.815441, 24.425467], [89.815058, 24.424572], [89.814668, 24.423676], [89.814271, 24.422781], [89.813867, 24.421886], [89.813457, 24.420992], [89.813042, 24.420097], [89.812623, 24.419202], [89.812201, 24.418308], [89.811778, 24.417413], [89.811354, 24.416518], [89.810931, 24.415624], [89.810511, 24.414729], [89.810095, 24.413834], [89.809686, 24.41294], [89.809286, 24.412045], [89.808896, 24.411149], [89.808518, 24.410254], [89.808154, 24.409358], [89.807806, 24.408462], [89.807476, 24.407566], [89.807166, 24.406669], [89.806876, 24.405772], [89.806609, 24.404875], [89.806365, 24.403977], [89.806146, 24.403078], [89.805953, 24.402179], [89.805785, 24.40128], [89.805643, 24.40038], [89.805528, 24.39948], [89.805439, 24.398579], [89.805376, 24.397678], [89.805338, 24.396776], [89.805324, 24.395874], [89.805333, 24.394971], [89.805365, 24.394068], [89.805416, 24.393165], [89.805486, 24.392261], [89.805574, 24.391357], [89.805676, 24.390452], [89.805792, 24.389548], [89.80592, 24.388643], [89.806057, 24.387738], [89.806202, 24.386833], [89.806353, 24.385928], [89.806509, 24.385022], [89.806666, 24.384117], [89.806825, 24.383211], [89.806983, 24.382306], [89.807139, 24.381401], [89.807292, 24.380495], [89.807442, 24.37959], [89.807586, 24.378685], [89.807726, 24.37778], [89.807859, 24.376875], [89.807985, 24.37597], [89.808105, 24.375066], [89.808218, 24.374161], [89.808324, 24.373257], [89.808423, 24.372352], [89.808516, 24.371448], [89.808602, 24.370544], [89.808682, 24.36964], [89.808756, 24.368736], [89.808825, 24.367832], [89.808889, 24.366929], [89.808949, 24.366025], [89.809004, 24.365122], [89.809056, 24.364218], [89.809105, 24.363315], [89.809152, 24.362412], [89.809197, 24.361508], [89.80924, 24.360605], [89.809282, 24.359702], [89.809323, 24.358799], [89.809365, 24.357895], [89.809407, 24.356992], [89.80945, 24.356089], [89.809495, 24.355185], [89.809542, 24.354282], [89.80959, 24.353379], [89.809642, 24.352475], [89.809697, 24.351572], [89.809755, 24.350668], [89.809817, 24.349765], [89.809883, 24.348861], [89.809954, 24.347957], [89.810029, 24.347053], [89.81011, 24.346149], [89.810195, 24.345245], [89.810285, 24.344341], [89.81038, 24.343437], [89.81048, 24.342533], [89.810584, 24.341628], [89.810694, 24.340724], [89.810807, 24.339819], [89.810925, 24.338915], [89.811045, 24.33801], [89.811169, 24.337105], [89.811295, 24.3362], [89.811423, 24.335296], [89.811552, 24.334391], [89.811681, 24.333486], [89.811809, 24.332581], [89.811937, 24.331676], [89.812061, 24.330771], [89.812183, 24.329867], [89.812301, 24.328962], [89.812414, 24.328057], [89.812521, 24.327153], [89.812622, 24.326249], [89.812715, 24.325344], [89.812799, 24.32444], [89.812874, 24.323537], [89.812939, 24.322633], [89.812994, 24.321729], [89.813036, 24.320826], [89.813067, 24.319923], [89.813084, 24.31902], [89.813088, 24.318118], [89.813078, 24.317215], [89.813054, 24.316313], [89.813014, 24.315412], [89.81296, 24.31451], [89.81289, 24.313609], [89.812804, 24.312708], [89.812702, 24.311808], [89.812583, 24.310907], [89.812449, 24.310007], [89.812298, 24.309108], [89.812131, 24.308208], [89.811948, 24.307309], [89.811748, 24.306411], [89.811533, 24.305512], [89.811302, 24.304614], [89.811056, 24.303716], [89.810795, 24.302818], [89.81052, 24.301921], [89.81023, 24.301024], [89.809928, 24.300127], [89.809612, 24.29923], [89.809286, 24.298334], [89.808948, 24.297438], [89.8086, 24.296542], [89.808244, 24.295646], [89.80788, 24.29475], [89.80751, 24.293854], [89.807135, 24.292959], [89.806757, 24.292063], [89.806377, 24.291168], [89.805996, 24.290272], [89.805618, 24.289377], [89.805242, 24.288481], [89.804872, 24.287586], [89.804508, 24.28669], [89.804154, 24.285794], [89.80381, 24.284898], [89.803478, 24.284002], [89.803161, 24.283105], [89.802859, 24.282208], [89.802576, 24.281311], [89.802311, 24.280413], [89.802066, 24.279515], [89.801843, 24.278617], [89.801642, 24.277718], [89.801464, 24.276819], [89.80131, 24.275919], [89.80118, 24.275019], [89.801074, 24.274119], [89.800992, 24.273218], [89.800933, 24.272316], [89.800897, 24.271415], [89.800883, 24.270512], [89.80089, 24.26961], [89.800916, 24.268707], [89.800961, 24.267804], [89.801021, 24.2669], [89.801096, 24.265996], [89.801183, 24.265092], [89.801281, 24.264188], [89.801387, 24.263283], [89.801499, 24.262379], [89.801615, 24.261474], [89.801733, 24.260569], [89.801851, 24.259665], [89.801967, 24.25876], [89.802079, 24.257856], [89.802186, 24.256951], [89.802285, 24.256047], [89.802376, 24.255143], [89.802457, 24.254239], [89.802528, 24.253335], [89.802587, 24.252431], [89.802634, 24.251528], [89.802669, 24.250625], [89.802692, 24.249722], [89.802702, 24.248819], [89.8027, 24.247917], [89.802688, 24.247015], [89.802664, 24.246113], [89.802631, 24.245211], [89.802589, 24.244309], [89.80254, 24.243407], [89.802485, 24.242506], [89.802425, 24.241605], [89.802363, 24.240703], [89.802301, 24.239802], [89.802239, 24.238901], [89.802179, 24.237999], [89.802125, 24.237098], [89.802077, 24.236196], [89.802038, 24.235294], [89.80201, 24.234392], [89.801993, 24.23349], [89.801992, 24.232588], [89.802006, 24.231685], [89.802038, 24.230782], [89.80209, 24.229879], [89.802162, 24.228975], [89.802256, 24.228071], [89.802373, 24.227166], [89.802515, 24.226261], [89.802682, 24.225355], [89.802874, 24.224449], [89.803093, 24.223543], [89.803337, 24.222636], [89.803608, 24.221728], [89.803906, 24.22082], [89.804229, 24.219912], [89.804577, 24.219003], [89.80495, 24.218094], [89.805346, 24.217184], [89.805766, 24.216274], [89.806206, 24.215363], [89.806667, 24.214452], [89.807147, 24.213541], [89.807643, 24.212629], [89.808156, 24.211717], [89.808682, 24.210805], [89.809221, 24.209893], [89.809771, 24.20898], [89.81033, 24.208067], [89.810897, 24.207154], [89.81147, 24.206241], [89.812048, 24.205328], [89.81263, 24.204415], [89.813215, 24.203501], [89.813801, 24.202588], [89.814389, 24.201675], [89.814977, 24.200761], [89.815566, 24.199848], [89.816155, 24.198935], [89.816744, 24.198021], [89.817334, 24.197108], [89.817925, 24.196195], [89.818517, 24.195281], [89.819112, 24.194368], [89.81971, 24.193454], [89.820313, 24.19254], [89.820921, 24.191627], [89.821537, 24.190713], [89.822161, 24.189799], [89.822794, 24.188885], [89.823439, 24.18797], [89.824097, 24.187055], [89.824769, 24.186141], [89.825456, 24.185225], [89.82616, 24.18431], [89.826881, 24.183394], [89.827622, 24.182478], [89.828382, 24.181561], [89.829163, 24.180644], [89.829964, 24.179727], [89.830786, 24.178809], [89.83163, 24.177891], [89.832495, 24.176972], [89.833381, 24.176053], [89.834287, 24.175134], [89.835213, 24.174214], [89.836158, 24.173294], [89.837121, 24.172374], [89.8381, 24.171453], [89.839095, 24.170532], [89.840104, 24.169611], [89.841126, 24.168689], [89.842159, 24.167768], [89.843201, 24.166846], [89.844251, 24.165924], [89.845307, 24.165002], [89.846368, 24.164079], [89.847431, 24.163157], [89.848496, 24.162235], [89.849561, 24.161312], [89.850624, 24.16039], [89.851683, 24.159468], [89.852739, 24.158545], [89.853789, 24.157623], [89.854833, 24.156701], [89.855869, 24.15578], [89.856896, 24.154858], [89.857914, 24.153936], [89.858922, 24.153015], [89.85992, 24.152094], [89.860906, 24.151173], [89.861882, 24.150252], [89.862846, 24.149331], [89.863799, 24.148411], [89.864741, 24.147491], [89.865672, 24.146571], [89.866592, 24.145651], [89.867502, 24.144732], [89.868403, 24.143812], [89.869295, 24.142893], [89.870179, 24.141974], [89.871057, 24.141055], [89.871928, 24.140136], [89.872795, 24.139217], [89.873658, 24.138299], [89.874519, 24.13738], [89.875378, 24.136461], [89.876237, 24.135543], [89.877097, 24.134624], [89.877958, 24.133705], [89.878822, 24.132787], [89.879689, 24.131868], [89.880559, 24.130949], [89.881433, 24.13003], [89.882311, 24.129111], [89.883192, 24.128192], [89.884076, 24.127273], [89.884962, 24.126354], [89.885849, 24.125434], [89.886736, 24.124515], [89.88762, 24.123596], [89.8885, 24.122677], [89.889373, 24.121758], [89.890237, 24.120839], [89.89109, 24.11992], [89.891928, 24.119002], [89.892749, 24.118084], [89.893549, 24.117167], [89.894327, 24.116249], [89.895078, 24.115333], [89.895801, 24.114417], [89.896491, 24.113501], [89.897148, 24.112586], [89.897768, 24.111672], [89.89835, 24.110758], [89.898892, 24.109846], [89.899392, 24.108934], [89.899851, 24.108023], [89.900266, 24.107112], [89.900638, 24.106203], [89.900967, 24.105294], [89.901253, 24.104386], [89.901498, 24.103479]]}}, {"type": "Feature", "properties": {"kind": "transect", "id": "W-05300", "bank": "W", "chainage_m": 5300}, "geometry": {"type": "LineString", "coordinates": [[89.609705, 24.806302], [89.558922, 24.788576]]}}, {"type": "Feature", "properties": {"kind": "transect", "id": "W-05500", "bank": "W", "chainage_m": 5500}, "geometry": {"type": "LineString", "coordinates": [[89.610317, 24.804889], [89.559954, 24.786191]]}}, {"type": "Feature", "properties": {"kind": "transect", "id": "W-05700", "bank": "W", "chainage_m": 5700}, "geometry": {"type": "LineString", "coordinates": [[89.610972, 24.803457], [89.561002, 24.783903]]}}, {"type": "Feature", "properties": {"kind": "transect", "id": "W-05900", "bank": "W", "chainage_m": 5900}, "geometry": {"type": "LineString", "coordinates": [[89.611671, 24.802002], [89.56205, 24.781722]]}}, {"type": "Feature", "properties": {"kind": "transect", "id": "W-06100", "bank": "W", "chainage_m": 6100}, "geometry": {"type": "LineString", "coordinates": [[89.61241, 24.800522], [89.563085, 24.779649]]}}, {"type": "Feature", "properties": {"kind": "transect", "id": "W-06300", "bank": "W", "chainage_m": 6300}, "geometry": {"type": "LineString", "coordinates": [[89.613189, 24.799009], [89.564092, 24.777695]]}}, {"type": "Feature", "properties": {"kind": "transect", "id": "W-06500", "bank": "W", "chainage_m": 6500}, "geometry": {"type": "LineString", "coordinates": [[89.614007, 24.797452], [89.565046, 24.775881]]}}, {"type": "Feature", "properties": {"kind": "transect", "id": "W-06700", "bank": "W", "chainage_m": 6700}, "geometry": {"type": "LineString", "coordinates": [[89.614854, 24.795854], [89.565946, 24.774185]]}}, {"type": "Feature", "properties": {"kind": "transect", "id": "W-06900", "bank": "W", "chainage_m": 6900}, "geometry": {"type": "LineString", "coordinates": [[89.615726, 24.794213], [89.566784, 24.772608]]}}, {"type": "Feature", "properties": {"kind": "transect", "id": "W-07100", "bank": "W", "chainage_m": 7100}, "geometry": {"type": "LineString", "coordinates": [[89.616617, 24.792521], [89.567549, 24.771157]]}}, {"type": "Feature", "properties": {"kind": "transect", "id": "W-07300", "bank": "W", "chainage_m": 7300}, "geometry": {"type": "LineString", "coordinates": [[89.617519, 24.790775], [89.568236, 24.769827]]}}, {"type": "Feature", "properties": {"kind": "transect", "id": "W-07500", "bank": "W", "chainage_m": 7500}, "geometry": {"type": "LineString", "coordinates": [[89.61842, 24.78898], [89.568854, 24.768599]]}}, {"type": "Feature", "properties": {"kind": "transect", "id": "W-07700", "bank": "W", "chainage_m": 7700}, "geometry": {"type": "LineString", "coordinates": [[89.619312, 24.787133], [89.569401, 24.767468]]}}, {"type": "Feature", "properties": {"kind": "transect", "id": "W-07900", "bank": "W", "chainage_m": 7900}, "geometry": {"type": "LineString", "coordinates": [[89.620185, 24.785237], [89.569882, 24.766425]]}}, {"type": "Feature", "properties": {"kind": "transect", "id": "W-08100", "bank": "W", "chainage_m": 8100}, "geometry": {"type": "LineString", "coordinates": [[89.621031, 24.783295], [89.570305, 24.765456]]}}, {"type": "Feature", "properties": {"kind": "transect", "id": "W-08300", "bank": "W", "chainage_m": 8300}, "geometry": {"type": "LineString", "coordinates": [[89.621841, 24.781304], [89.570669, 24.764563]]}}, {"type": "Feature", "properties": {"kind": "transect", "id": "W-08500", "bank": "W", "chainage_m": 8500}, "geometry": {"type": "LineString", "coordinates": [[89.6226, 24.779297], [89.57101, 24.76366]]}}, {"type": "Feature", "properties": {"kind": "transect", "id": "W-08700", "bank": "W", "chainage_m": 8700}, "geometry": {"type": "LineString", "coordinates": [[89.623305, 24.777275], [89.571329, 24.762747]]}}, {"type": "Feature", "properties": {"kind": "transect", "id": "W-08900", "bank": "W", "chainage_m": 8900}, "geometry": {"type": "LineString", "coordinates": [[89.623955, 24.775253], [89.571638, 24.761789]]}}, {"type": "Feature", "properties": {"kind": "transect", "id": "W-09100", "bank": "W", "chainage_m": 9100}, "geometry": {"type": "LineString", "coordinates": [[89.62455, 24.773246], [89.571945, 24.760753]]}}, {"type": "Feature", "properties": {"kind": "transect", "id": "W-09300", "bank": "W", "chainage_m": 9300}, "geometry": {"type": "LineString", "coordinates": [[89.625092, 24.771268], [89.572258, 24.759609]]}}, {"type": "Feature", "properties": {"kind": "transect", "id": "W-09500", "bank": "W", "chainage_m": 9500}, "geometry": {"type": "LineString", "coordinates": [[89.625588, 24.76933], [89.572585, 24.758335]]}}, {"type": "Feature", "properties": {"kind": "transect", "id": "W-09700", "bank": "W", "chainage_m": 9700}, "geometry": {"type": "LineString", "coordinates": [[89.626047, 24.767439], [89.572929, 24.756917]]}}, {"type": "Feature", "properties": {"kind": "transect", "id": "W-09900", "bank": "W", "chainage_m": 9900}, "geometry": {"type": "LineString", "coordinates": [[89.626476, 24.7656], [89.573296, 24.755349]]}}, {"type": "Feature", "properties": {"kind": "transect", "id": "W-10100", "bank": "W", "chainage_m": 10100}, "geometry": {"type": "LineString", "coordinates": [[89.626887, 24.763812], [89.573688, 24.75364]]}}, {"type": "Feature", "properties": {"kind": "transect", "id": "W-10300", "bank": "W", "chainage_m": 10300}, "geometry": {"type": "LineString", "coordinates": [[89.627287, 24.762072], [89.574111, 24.751805]]}}, {"type": "Feature", "properties": {"kind": "transect", "id": "W-10500", "bank": "W", "chainage_m": 10500}, "geometry": {"type": "LineString", "coordinates": [[89.627684, 24.760372], [89.574565, 24.749866]]}}, {"type": "Feature", "properties": {"kind": "transect", "id": "W-10700", "bank": "W", "chainage_m": 10700}, "geometry": {"type": "LineString", "coordinates": [[89.628086, 24.758704], [89.575051, 24.747851]]}}, {"type": "Feature", "properties": {"kind": "transect", "id": "W-10900", "bank": "W", "chainage_m": 10900}, "geometry": {"type": "LineString", "coordinates": [[89.628497, 24.757058], [89.575568, 24.745789]]}}, {"type": "Feature", "properties": {"kind": "transect", "id": "W-11100", "bank": "W", "chainage_m": 11100}, "geometry": {"type": "LineString", "coordinates": [[89.628923, 24.755424], [89.57611, 24.74371]]}}, {"type": "Feature", "properties": {"kind": "transect", "id": "W-11300", "bank": "W", "chainage_m": 11300}, "geometry": {"type": "LineString", "coordinates": [[89.629366, 24.753789], [89.57667, 24.741646]]}}, {"type": "Feature", "properties": {"kind": "transect", "id": "W-11500", "bank": "W", "chainage_m": 11500}, "geometry": {"type": "LineString", "coordinates": [[89.629827, 24.752145], [89.577241, 24.739619]]}}, {"type": "Feature", "properties": {"kind": "transect", "id": "W-11700", "bank": "W", "chainage_m": 11700}, "geometry": {"type": "LineString", "coordinates": [[89.630307, 24.750487], [89.577813, 24.737643]]}}, {"type": "Feature", "properties": {"kind": "transect", "id": "W-11900", "bank": "W", "chainage_m": 11900}, "geometry": {"type": "LineString", "coordinates": [[89.630805, 24.748808], [89.57838, 24.735733]]}}, {"type": "Feature", "properties": {"kind": "transect", "id": "W-12100", "bank": "W", "chainage_m": 12100}, "geometry": {"type": "LineString", "coordinates": [[89.631317, 24.747105], [89.578934, 24.733894]]}}, {"type": "Feature", "properties": {"kind": "transect", "id": "W-12300", "bank": "W", "chainage_m": 12300}, "geometry": {"type": "LineString", "coordinates": [[89.631841, 24.745375], [89.579469, 24.73213]]}}, {"type": "Feature", "properties": {"kind": "transect", "id": "W-12500", "bank": "W", "chainage_m": 12500}, "geometry": {"type": "LineString", "coordinates": [[89.632373, 24.743619], [89.579982, 24.730436]]}}, {"type": "Feature", "properties": {"kind": "transect", "id": "W-12700", "bank": "W", "chainage_m": 12700}, "geometry": {"type": "LineString", "coordinates": [[89.632907, 24.741835], [89.580471, 24.728808]]}}, {"type": "Feature", "properties": {"kind": "transect", "id": "W-12900", "bank": "W", "chainage_m": 12900}, "geometry": {"type": "LineString", "coordinates": [[89.63344, 24.740028], [89.580934, 24.72724]]}}, {"type": "Feature", "properties": {"kind": "transect", "id": "W-13100", "bank": "W", "chainage_m": 13100}, "geometry": {"type": "LineString", "coordinates": [[89.633967, 24.738199], [89.581374, 24.725716]]}}, {"type": "Feature", "properties": {"kind": "transect", "id": "W-13300", "bank": "W", "chainage_m": 13300}, "geometry": {"type": "LineString", "coordinates": [[89.634484, 24.736354], [89.581792, 24.724226]]}}, {"type": "Feature", "properties": {"kind": "transect", "id": "W-13500", "bank": "W", "chainage_m": 13500}, "geometry": {"type": "LineString", "coordinates": [[89.634988, 24.734497], [89.582192, 24.722756]]}}, {"type": "Feature", "properties": {"kind": "transect", "id": "W-13700", "bank": "W", "chainage_m": 13700}, "geometry": {"type": "LineString", "coordinates": [[89.635475, 24.732632], [89.582575, 24.721293]]}}, {"type": "Feature", "properties": {"kind": "transect", "id": "W-13900", "bank": "W", "chainage_m": 13900}, "geometry": {"type": "LineString", "coordinates": [[89.635945, 24.730768], [89.582948, 24.719815]]}}, {"type": "Feature", "properties": {"kind": "transect", "id": "W-14100", "bank": "W", "chainage_m": 14100}, "geometry": {"type": "LineString", "coordinates": [[89.636397, 24.728909], [89.583314, 24.718311]]}}, {"type": "Feature", "properties": {"kind": "transect", "id": "W-14300", "bank": "W", "chainage_m": 14300}, "geometry": {"type": "LineString", "coordinates": [[89.636832, 24.727062], [89.583678, 24.716768]]}}, {"type": "Feature", "properties": {"kind": "transect", "id": "W-14500", "bank": "W", "chainage_m": 14500}, "geometry": {"type": "LineString", "coordinates": [[89.637251, 24.725231], [89.584043, 24.715174]]}}, {"type": "Feature", "properties": {"kind": "transect", "id": "W-14700", "bank": "W", "chainage_m": 14700}, "geometry": {"type": "LineString", "coordinates": [[89.637657, 24.723421], [89.584415, 24.713519]]}}, {"type": "Feature", "properties": {"kind": "transect", "id": "W-14900", "bank": "W", "chainage_m": 14900}, "geometry": {"type": "LineString", "coordinates": [[89.638053, 24.721635], [89.584798, 24.711796]]}}, {"type": "Feature", "properties": {"kind": "transect", "id": "W-15100", "bank": "W", "chainage_m": 15100}, "geometry": {"type": "LineString", "coordinates": [[89.638442, 24.719877], [89.585197, 24.709997]]}}, {"type": "Feature", "properties": {"kind": "transect", "id": "W-15300", "bank": "W", "chainage_m": 15300}, "geometry": {"type": "LineString", "coordinates": [[89.638828, 24.718149], [89.585617, 24.708121]]}}, {"type": "Feature", "properties": {"kind": "transect", "id": "W-15500", "bank": "W", "chainage_m": 15500}, "geometry": {"type": "LineString", "coordinates": [[89.639216, 24.716453], [89.586064, 24.706167]]}}, {"type": "Feature", "properties": {"kind": "transect", "id": "W-15700", "bank": "W", "chainage_m": 15700}, "geometry": {"type": "LineString", "coordinates": [[89.639608, 24.714788], [89.586544, 24.704137]]}}, {"type": "Feature", "properties": {"kind": "transect", "id": "W-15900", "bank": "W", "chainage_m": 15900}, "geometry": {"type": "LineString", "coordinates": [[89.640009, 24.713155], [89.587061, 24.702035]]}}, {"type": "Feature", "properties": {"kind": "transect", "id": "W-16100", "bank": "W", "chainage_m": 16100}, "geometry": {"type": "LineString", "coordinates": [[89.640422, 24.711553], [89.587621, 24.699867]]}}, {"type": "Feature", "properties": {"kind": "transect", "id": "W-16300", "bank": "W", "chainage_m": 16300}, "geometry": {"type": "LineString", "coordinates": [[89.640851, 24.70998], [89.588229, 24.697641]]}}, {"type": "Feature", "properties": {"kind": "transect", "id": "W-16500", "bank": "W", "chainage_m": 16500}, "geometry": {"type": "LineString", "coordinates": [[89.641298, 24.708434], [89.588889, 24.695366]]}}, {"type": "Feature", "properties": {"kind": "transect", "id": "W-16700", "bank": "W", "chainage_m": 16700}, "geometry": {"type": "LineString", "coordinates": [[89.641767, 24.706914], [89.589603, 24.69305]]}}, {"type": "Feature", "properties": {"kind": "transect", "id": "W-16900", "bank": "W", "chainage_m": 16900}, "geometry": {"type": "LineString", "coordinates": [[89.642257, 24.705421], [89.590379, 24.690694]]}}, {"type": "Feature", "properties": {"kind": "transect", "id": "W-17100", "bank": "W", "chainage_m": 17100}, "geometry": {"type": "LineString", "coordinates": [[89.642774, 24.703951], [89.591217, 24.688314]]}}, {"type": "Feature", "properties": {"kind": "transect", "id": "W-17300", "bank": "W", "chainage_m": 17300}, "geometry": {"type": "LineString", "coordinates": [[89.643319, 24.702498], [89.592113, 24.685929]]}}, {"type": "Feature", "properties": {"kind": "transect", "id": "W-17500", "bank": "W", "chainage_m": 17500}, "geometry": {"type": "LineString", "coordinates": [[89.643893, 24.701063], [89.593069, 24.68354]]}}, {"type": "Feature", "properties": {"kind": "transect", "id": "W-17700", "bank": "W", "chainage_m": 17700}, "geometry": {"type": "LineString", "coordinates": [[89.644497, 24.699645], [89.594086, 24.681156]]}}, {"type": "Feature", "properties": {"kind": "transect", "id": "W-17900", "bank": "W", "chainage_m": 17900}, "geometry": {"type": "LineString", "coordinates": [[89.645132, 24.698241], [89.59516, 24.678785]]}}, {"type": "Feature", "properties": {"kind": "transect", "id": "W-18100", "bank": "W", "chainage_m": 18100}, "geometry": {"type": "LineString", "coordinates": [[89.6458, 24.696851], [89.59629, 24.676433]]}}, {"type": "Feature", "properties": {"kind": "transect", "id": "W-18300", "bank": "W", "chainage_m": 18300}, "geometry": {"type": "LineString", "coordinates": [[89.646494, 24.695486], [89.597491, 24.674071]]}}, {"type": "Feature", "properties": {"kind": "transect", "id": "W-18500", "bank": "W", "chainage_m": 18500}, "geometry": {"type": "LineString", "coordinates": [[89.647228, 24.69412], [89.598726, 24.671776]]}}, {"type": "Feature", "properties": {"kind": "transect", "id": "W-18700", "bank": "W", "chainage_m": 18700}, "geometry": {"type": "LineString", "coordinates": [[89.647999, 24.692756], [89.599995, 24.669533]]}}, {"type": "Feature", "properties": {"kind": "transect", "id": "W-18900", "bank": "W", "chainage_m": 18900}, "geometry": {"type": "LineString", "coordinates": [[89.648806, 24.691396], [89.601294, 24.667344]]}}, {"type": "Feature", "properties": {"kind": "transect", "id": "W-19100", "bank": "W", "chainage_m": 19100}, "geometry": {"type": "LineString", "coordinates": [[89.64964, 24.69005], [89.602639, 24.665175]]}}, {"type": "Feature", "properties": {"kind": "transect", "id": "W-19300", "bank": "W", "chainage_m": 19300}, "geometry": {"type": "LineString", "coordinates": [[89.650519, 24.68869], [89.603979, 24.663103]]}}, {"type": "Feature", "properties": {"kind": "transect", "id": "W-19500", "bank": "W", "chainage_m": 19500}, "geometry": {"type": "LineString", "coordinates": [[89.651437, 24.687319], [89.60531, 24.661116]]}}, {"type": "Feature", "properties": {"kind": "transect", "id": "W-19700", "bank": "W", "chainage_m": 19700}, "geometry": {"type": "LineString", "coordinates": [[89.652385, 24.685947], [89.606648, 24.659179]]}}, {"type": "Feature", "properties": {"kind": "transect", "id": "W-19900", "bank": "W", "chainage_m": 19900}, "geometry": {"type": "LineString", "coordinates": [[89.653372, 24.684557], [89.607959, 24.657333]]}}, {"type": "Feature", "properties": {"kind": "transect", "id": "W-20100", "bank": "W", "chainage_m": 20100}, "geometry": {"type": "LineString", "coordinates": [[89.654395, 24.683144], [89.609227, 24.655584]]}}, {"type": "Feature", "properties": {"kind": "transect", "id": "W-20300", "bank": "W", "chainage_m": 20300}, "geometry": {"type": "LineString", "coordinates": [[89.655446, 24.681717], [89.610467, 24.6539]]}}, {"type": "Feature", "properties": {"kind": "transect", "id": "W-20500", "bank": "W", "chainage_m": 20500}, "geometry": {"type": "LineString", "coordinates": [[89.656531, 24.680258], [89.611644, 24.652318]]}}, {"type": "Feature", "properties": {"kind": "transect", "id": "W-20700", "bank": "W", "chainage_m": 20700}, "geometry": {"type": "LineString", "coordinates": [[89.65764, 24.67877], [89.612765, 24.650816]]}}, {"type": "Feature", "properties": {"kind": "transect", "id": "W-20900", "bank": "W", "chainage_m": 20900}, "geometry": {"type": "LineString", "coordinates": [[89.658776, 24.677244], [89.613809, 24.649414]]}}, {"type": "Feature", "properties": {"kind": "transect", "id": "W-21100", "bank": "W", "chainage_m": 21100}, "geometry": {"type": "LineString", "coordinates": [[89.659927, 24.675682], [89.614785, 24.64809]]}}, {"type": "Feature", "properties": {"kind": "transect", "id": "W-21300", "bank": "W", "chainage_m": 21300}, "geometry": {"type": "LineString", "coordinates": [[89.661091, 24.674078], [89.615683, 24.646854]]}}, {"type": "Feature", "properties": {"kind": "transect", "id": "W-21500", "bank": "W", "chainage_m": 21500}, "geometry": {"type": "LineString", "coordinates": [[89.66227, 24.672412], [89.616471, 24.645741]]}}, {"type": "Feature", "properties": {"kind": "transect", "id": "W-21700", "bank": "W", "chainage_m": 21700}, "geometry": {"type": "LineString", "coordinates": [[89.66344, 24.670705], [89.617196, 24.644685]]}}, {"type": "Feature", "properties": {"kind": "transect", "id": "W-21900", "bank": "W", "chainage_m": 21900}, "geometry": {"type": "LineString", "coordinates": [[89.664604, 24.668942], [89.617833, 24.643722]]}}, {"type": "Feature", "properties": {"kind": "transect", "id": "W-22100", "bank": "W", "chainage_m": 22100}, "geometry": {"type": "LineString", "coordinates": [[89.665766, 24.667091], [89.618338, 24.642918]]}}, {"type": "Feature", "properties": {"kind": "transect", "id": "W-22300", "bank": "W", "chainage_m": 22300}, "geometry": {"type": "LineString", "coordinates": [[89.666888, 24.665198], [89.618795, 24.642148]]}}, {"type": "Feature", "properties": {"kind": "transect", "id": "W-22500", "bank": "W", "chainage_m": 22500}, "geometry": {"type": "LineString", "coordinates": [[89.667973, 24.663239], [89.619172, 24.641469]]}}, {"type": "Feature", "properties": {"kind": "transect", "id": "W-22700", "bank": "W", "chainage_m": 22700}, "geometry": {"type": "LineString", "coordinates": [[89.669012, 24.661213], [89.619475, 24.640879]]}}, {"type": "Feature", "properties": {"kind": "transect", "id": "W-22900", "bank": "W", "chainage_m": 22900}, "geometry": {"type": "LineString", "coordinates": [[89.669998, 24.659108], [89.619696, 24.64041]]}}, {"type": "Feature", "properties": {"kind": "transect", "id": "W-23100", "bank": "W", "chainage_m": 23100}, "geometry": {"type": "LineString", "coordinates": [[89.670905, 24.656956], [89.61988, 24.639974]]}}, {"type": "Feature", "properties": {"kind": "transect", "id": "W-23300", "bank": "W", "chainage_m": 23300}, "geometry": {"type": "LineString", "coordinates": [[89.671727, 24.654763], [89.620034, 24.639564]]}}, {"type": "Feature", "properties": {"kind": "transect", "id": "W-23500", "bank": "W", "chainage_m": 23500}, "geometry": {"type": "LineString", "coordinates": [[89.67246, 24.652533], [89.620163, 24.639173]]}}, {"type": "Feature", "properties": {"kind": "transect", "id": "W-23700", "bank": "W", "chainage_m": 23700}, "geometry": {"type": "LineString", "coordinates": [[89.673097, 24.65028], [89.620276, 24.638775]]}}, {"type": "Feature", "properties": {"kind": "transect", "id": "W-23900", "bank": "W", "chainage_m": 23900}, "geometry": {"type": "LineString", "coordinates": [[89.673637, 24.648018], [89.620379, 24.638343]]}}, {"type": "Feature", "properties": {"kind": "transect", "id": "W-24100", "bank": "W", "chainage_m": 24100}, "geometry": {"type": "LineString", "coordinates": [[89.674081, 24.645761], [89.620476, 24.637849]]}}, {"type": "Feature", "properties": {"kind": "transect", "id": "W-24300", "bank": "W", "chainage_m": 24300}, "geometry": {"type": "LineString", "coordinates": [[89.674433, 24.643522], [89.620566, 24.637271]]}}, {"type": "Feature", "properties": {"kind": "transect", "id": "W-24500", "bank": "W", "chainage_m": 24500}, "geometry": {"type": "LineString", "coordinates": [[89.674701, 24.641312], [89.620649, 24.636588]]}}, {"type": "Feature", "properties": {"kind": "transect", "id": "W-24700", "bank": "W", "chainage_m": 24700}, "geometry": {"type": "LineString", "coordinates": [[89.674893, 24.639138], [89.62072, 24.635789]]}}, {"type": "Feature", "properties": {"kind": "transect", "id": "W-24900", "bank": "W", "chainage_m": 24900}, "geometry": {"type": "LineString", "coordinates": [[89.675021, 24.637008], [89.620775, 24.634861]]}}, {"type": "Feature", "properties": {"kind": "transect", "id": "W-25100", "bank": "W", "chainage_m": 25100}, "geometry": {"type": "LineString", "coordinates": [[89.675095, 24.634926], [89.620813, 24.633802]]}}, {"type": "Feature", "properties": {"kind": "transect", "id": "W-25300", "bank": "W", "chainage_m": 25300}, "geometry": {"type": "LineString", "coordinates": [[89.675125, 24.632892], [89.620831, 24.632608]]}}, {"type": "Feature", "properties": {"kind": "transect", "id": "W-25500", "bank": "W", "chainage_m": 25500}, "geometry": {"type": "LineString", "coordinates": [[89.675122, 24.630907], [89.620829, 24.631284]]}}, {"type": "Feature", "properties": {"kind": "transect", "id": "W-25700", "bank": "W", "chainage_m": 25700}, "geometry": {"type": "LineString", "coordinates": [[89.675094, 24.62897], [89.620808, 24.629833]]}}, {"type": "Feature", "properties": {"kind": "transect", "id": "W-25900", "bank": "W", "chainage_m": 25900}, "geometry": {"type": "LineString", "coordinates": [[89.67505, 24.627077], [89.620772, 24.628264]]}}, {"type": "Feature", "properties": {"kind": "transect", "id": "W-26100", "bank": "W", "chainage_m": 26100}, "geometry": {"type": "LineString", "coordinates": [[89.674997, 24.625225], [89.620725, 24.626589]]}}, {"type": "Feature", "properties": {"kind": "transect", "id": "W-26300", "bank": "W", "chainage_m": 26300}, "geometry": {"type": "LineString", "coordinates": [[89.67494, 24.623409], [89.620671, 24.624818]]}}, {"type": "Feature", "properties": {"kind": "transect", "id": "W-26500", "bank": "W", "chainage_m": 26500}, "geometry": {"type": "LineString", "coordinates": [[89.674885, 24.621623], [89.620614, 24.622966]]}}, {"type": "Feature", "properties": {"kind": "transect", "id": "W-26700", "bank": "W", "chainage_m": 26700}, "geometry": {"type": "LineString", "coordinates": [[89.674835, 24.619862], [89.620561, 24.621048]]}}, {"type": "Feature", "properties": {"kind": "transect", "id": "W-26900", "bank": "W", "chainage_m": 26900}, "geometry": {"type": "LineString", "coordinates": [[89.674794, 24.618119], [89.620514, 24.619078]]}}, {"type": "Feature", "properties": {"kind": "transect", "id": "W-27100", "bank": "W", "chainage_m": 27100}, "geometry": {"type": "LineString", "coordinates": [[89.674762, 24.616391], [89.620478, 24.61707]]}}, {"type": "Feature", "properties": {"kind": "transect", "id": "W-27300", "bank": "W", "chainage_m": 27300}, "geometry": {"type": "LineString", "coordinates": [[89.674742, 24.614672], [89.620455, 24.615038]]}}, {"type": "Feature", "properties": {"kind": "transect", "id": "W-27500", "bank": "W", "chainage_m": 27500}, "geometry": {"type": "LineString", "coordinates": [[89.674734, 24.612958], [89.620447, 24.612992]]}}, {"type": "Feature", "properties": {"kind": "transect", "id": "W-27700", "bank": "W", "chainage_m": 27700}, "geometry": {"type": "LineString", "coordinates": [[89.674738, 24.611246], [89.620453, 24.61094]]}}, {"type": "Feature", "properties": {"kind": "transect", "id": "W-27900", "bank": "W", "chainage_m": 27900}, "geometry": {"type": "LineString", "coordinates": [[89.674756, 24.609533], [89.620475, 24.60889]]}}, {"type": "Feature", "properties": {"kind": "transect", "id": "W-28100", "bank": "W", "chainage_m": 28100}, "geometry": {"type": "LineString", "coordinates": [[89.674786, 24.60782], [89.620512, 24.606842]]}}, {"type": "Feature", "properties": {"kind": "transect", "id": "W-28300", "bank": "W", "chainage_m": 28300}, "geometry": {"type": "LineString", "coordinates": [[89.674829, 24.606106], [89.620564, 24.604797]]}}, {"type": "Feature", "properties": {"kind": "transect", "id": "W-28500", "bank": "W", "chainage_m": 28500}, "geometry": {"type": "LineString", "coordinates": [[89.674884, 24.604392], [89.620631, 24.602753]]}}, {"type": "Feature", "properties": {"kind": "transect", "id": "W-28700", "bank": "W", "chainage_m": 28700}, "geometry": {"type": "LineString", "coordinates": [[89.674952, 24.60268], [89.620713, 24.600706]]}}, {"type": "Feature", "properties": {"kind": "transect", "id": "W-28900", "bank": "W", "chainage_m": 28900}, "geometry": {"type": "LineString", "coordinates": [[89.675033, 24.600971], [89.620811, 24.598653]]}}, {"type": "Feature", "properties": {"kind": "transect", "id": "W-29100", "bank": "W", "chainage_m": 29100}, "geometry": {"type": "LineString", "coordinates": [[89.675126, 24.599266], [89.620924, 24.596591]]}}, {"type": "Feature", "properties": {"kind": "transect", "id": "W-29300", "bank": "W", "chainage_m": 29300}, "geometry": {"type": "LineString", "coordinates": [[89.675233, 24.597565], [89.621056, 24.59452]]}}, {"type": "Feature", "properties": {"kind": "transect", "id": "W-29500", "bank": "W", "chainage_m": 29500}, "geometry": {"type": "LineString", "coordinates": [[89.675354, 24.59587], [89.621205, 24.592438]]}}, {"type": "Feature", "properties": {"kind": "transect", "id": "W-29700", "bank": "W", "chainage_m": 29700}, "geometry": {"type": "LineString", "coordinates": [[89.675489, 24.594179], [89.621373, 24.590348]]}}, {"type": "Feature", "properties": {"kind": "transect", "id": "W-29900", "bank": "W", "chainage_m": 29900}, "geometry": {"type": "LineString", "coordinates": [[89.675639, 24.592491], [89.62156, 24.588252]]}}, {"type": "Feature", "properties": {"kind": "transect", "id": "W-30100", "bank": "W", "chainage_m": 30100}, "geometry": {"type": "LineString", "coordinates": [[89.675805, 24.590807], [89.621767, 24.586152]]}}, {"type": "Feature", "properties": {"kind": "transect", "id": "W-30300", "bank": "W", "chainage_m": 30300}, "geometry": {"type": "LineString", "coordinates": [[89.675985, 24.589126], [89.621994, 24.584049]]}}, {"type": "Feature", "properties": {"kind": "transect", "id": "W-30500", "bank": "W", "chainage_m": 30500}, "geometry": {"type": "LineString", "coordinates": [[89.676182, 24.587448], [89.622242, 24.581945]]}}, {"type": "Feature", "properties": {"kind": "transect", "id": "W-30700", "bank": "W", "chainage_m": 30700}, "geometry": {"type": "LineString", "coordinates": [[89.676394, 24.585774], [89.62251, 24.579835]]}}, {"type": "Feature", "properties": {"kind": "transect", "id": "W-30900", "bank": "W", "chainage_m": 30900}, "geometry": {"type": "LineString", "coordinates": [[89.676621, 24.584107], [89.622801, 24.577714]]}}, {"type": "Feature", "properties": {"kind": "transect", "id": "W-31100", "bank": "W", "chainage_m": 31100}, "geometry": {"type": "LineString", "coordinates": [[89.676865, 24.582452], [89.623117, 24.575571]]}}, {"type": "Feature", "properties": {"kind": "transect", "id": "W-31300", "bank": "W", "chainage_m": 31300}, "geometry": {"type": "LineString", "coordinates": [[89.677125, 24.580813], [89.623464, 24.573394]]}}, {"type": "Feature", "properties": {"kind": "transect", "id": "W-31500", "bank": "W", "chainage_m": 31500}, "geometry": {"type": "LineString", "coordinates": [[89.677403, 24.579196], [89.623847, 24.571169]]}}, {"type": "Feature", "properties": {"kind": "transect", "id": "W-31700", "bank": "W", "chainage_m": 31700}, "geometry": {"type": "LineString", "coordinates": [[89.6777, 24.577607], [89.624275, 24.568882]]}}, {"type": "Feature", "properties": {"kind": "transect", "id": "W-31900", "bank": "W", "chainage_m": 31900}, "geometry": {"type": "LineString", "coordinates": [[89.678017, 24.576053], [89.624758, 24.566522]]}}, {"type": "Feature", "properties": {"kind": "transect", "id": "W-32100", "bank": "W", "chainage_m": 32100}, "geometry": {"type": "LineString", "coordinates": [[89.678356, 24.574538], [89.625307, 24.56408]]}}, {"type": "Feature", "properties": {"kind": "transect", "id": "W-32300", "bank": "W", "chainage_m": 32300}, "geometry": {"type": "LineString", "coordinates": [[89.67872, 24.57307], [89.625938, 24.56154]]}}, {"type": "Feature", "properties": {"kind": "transect", "id": "W-32500", "bank": "W", "chainage_m": 32500}, "geometry": {"type": "LineString", "coordinates": [[89.679113, 24.571641], [89.626655, 24.558933]]}}, {"type": "Feature", "properties": {"kind": "transect", "id": "W-32700", "bank": "W", "chainage_m": 32700}, "geometry": {"type": "LineString", "coordinates": [[89.679536, 24.570252], [89.62747, 24.556266]]}}, {"type": "Feature", "properties": {"kind": "transect", "id": "W-32900", "bank": "W", "chainage_m": 32900}, "geometry": {"type": "LineString", "coordinates": [[89.679994, 24.568895], [89.628385, 24.553561]]}}, {"type": "Feature", "properties": {"kind": "transect", "id": "W-33100", "bank": "W", "chainage_m": 33100}, "geometry": {"type": "LineString", "coordinates": [[89.68049, 24.567564], [89.629397, 24.550848]]}}, {"type": "Feature", "properties": {"kind": "transect", "id": "W-33300", "bank": "W", "chainage_m": 33300}, "geometry": {"type": "LineString", "coordinates": [[89.681028, 24.566249], [89.630499, 24.548158]]}}, {"type": "Feature", "properties": {"kind": "transect", "id": "W-33500", "bank": "W", "chainage_m": 33500}, "geometry": {"type": "LineString", "coordinates": [[89.681612, 24.564941], [89.631677, 24.545521]]}}, {"type": "Feature", "properties": {"kind": "transect", "id": "W-33700", "bank": "W", "chainage_m": 33700}, "geometry": {"type": "LineString", "coordinates": [[89.682245, 24.563631], [89.632914, 24.542961]]}}, {"type": "Feature", "properties": {"kind": "transect", "id": "W-33900", "bank": "W", "chainage_m": 33900}, "geometry": {"type": "LineString", "coordinates": [[89.682919, 24.562333], [89.634221, 24.540445]]}}, {"type": "Feature", "properties": {"kind": "transect", "id": "W-34100", "bank": "W", "chainage_m": 34100}, "geometry": {"type": "LineString", "coordinates": [[89.683657, 24.560999], [89.635519, 24.538099]]}}, {"type": "Feature", "properties": {"kind": "transect", "id": "W-34300", "bank": "W", "chainage_m": 34300}, "geometry": {"type": "LineString", "coordinates": [[89.684447, 24.559644], [89.636817, 24.535873]]}}, {"type": "Feature", "properties": {"kind": "transect", "id": "W-34500", "bank": "W", "chainage_m": 34500}, "geometry": {"type": "LineString", "coordinates": [[89.685285, 24.558267], [89.638101, 24.533765]]}}, {"type": "Feature", "properties": {"kind": "transect", "id": "W-34700", "bank": "W", "chainage_m": 34700}, "geometry": {"type": "LineString", "coordinates": [[89.686164, 24.556876], [89.639379, 24.531744]]}}, {"type": "Feature", "properties": {"kind": "transect", "id": "W-34900", "bank": "W", "chainage_m": 34900}, "geometry": {"type": "LineString", "coordinates": [[89.687097, 24.55544], [89.640587, 24.529885]]}}, {"type": "Feature", "properties": {"kind": "transect", "id": "W-35100", "bank": "W", "chainage_m": 35100}, "geometry": {"type": "LineString", "coordinates": [[89.688066, 24.553976], [89.64175, 24.528129]]}}, {"type": "Feature", "properties": {"kind": "transect", "id": "W-35300", "bank": "W", "chainage_m": 35300}, "geometry": {"type": "LineString", "coordinates": [[89.689067, 24.552483], [89.642863, 24.52647]]}}, {"type": "Feature", "properties": {"kind": "transect", "id": "W-35500", "bank": "W", "chainage_m": 35500}, "geometry": {"type": "LineString", "coordinates": [[89.690099, 24.550951], [89.643907, 24.524921]]}}, {"type": "Feature", "properties": {"kind": "transect", "id": "W-35700", "bank": "W", "chainage_m": 35700}, "geometry": {"type": "LineString", "coordinates": [[89.69115, 24.549387], [89.644891, 24.523456]]}}, {"type": "Feature", "properties": {"kind": "transect", "id": "W-35900", "bank": "W", "chainage_m": 35900}, "geometry": {"type": "LineString", "coordinates": [[89.692219, 24.547783], [89.645808, 24.522082]]}}, {"type": "Feature", "properties": {"kind": "transect", "id": "W-36100", "bank": "W", "chainage_m": 36100}, "geometry": {"type": "LineString", "coordinates": [[89.693295, 24.546142], [89.646659, 24.520786]]}}, {"type": "Feature", "properties": {"kind": "transect", "id": "W-36300", "bank": "W", "chainage_m": 36300}, "geometry": {"type": "LineString", "coordinates": [[89.69437, 24.544469], [89.647459, 24.51954]]}}, {"type": "Feature", "properties": {"kind": "transect", "id": "W-36500", "bank": "W", "chainage_m": 36500}, "geometry": {"type": "LineString", "coordinates": [[89.69544, 24.542761], [89.648202, 24.518356]]}}, {"type": "Feature", "properties": {"kind": "transect", "id": "W-36700", "bank": "W", "chainage_m": 36700}, "geometry": {"type": "LineString", "coordinates": [[89.696503, 24.541008], [89.648877, 24.517243]]}}, {"type": "Feature", "properties": {"kind": "transect", "id": "W-36900", "bank": "W", "chainage_m": 36900}, "geometry": {"type": "LineString", "coordinates": [[89.69754, 24.539238], [89.64953, 24.51613]]}}, {"type": "Feature", "properties": {"kind": "transect", "id": "W-37100", "bank": "W", "chainage_m": 37100}, "geometry": {"type": "LineString", "coordinates": [[89.698552, 24.537443], [89.650147, 24.515037]]}}, {"type": "Feature", "properties": {"kind": "transect", "id": "W-37300", "bank": "W", "chainage_m": 37300}, "geometry": {"type": "LineString", "coordinates": [[89.699536, 24.535626], [89.650734, 24.513954]]}}, {"type": "Feature", "properties": {"kind": "transect", "id": "W-37500", "bank": "W", "chainage_m": 37500}, "geometry": {"type": "LineString", "coordinates": [[89.700493, 24.533782], [89.651284, 24.512894]]}}, {"type": "Feature", "properties": {"kind": "transect", "id": "W-37700", "bank": "W", "chainage_m": 37700}, "geometry": {"type": "LineString", "coordinates": [[89.701406, 24.531941], [89.651839, 24.511777]]}}, {"type": "Feature", "properties": {"kind": "transect", "id": "W-37900", "bank": "W", "chainage_m": 37900}, "geometry": {"type": "LineString", "coordinates": [[89.702283, 24.530098], [89.652387, 24.510626]]}}, {"type": "Feature", "properties": {"kind": "transect", "id": "W-38100", "bank": "W", "chainage_m": 38100}, "geometry": {"type": "LineString", "coordinates": [[89.703124, 24.528257], [89.652934, 24.509429]]}}, {"type": "Feature", "properties": {"kind": "transect", "id": "W-38300", "bank": "W", "chainage_m": 38300}, "geometry": {"type": "LineString", "coordinates": [[89.703929, 24.526424], [89.653485, 24.508177]]}}, {"type": "Feature", "properties": {"kind": "transect", "id": "W-38500", "bank": "W", "chainage_m": 38500}, "geometry": {"type": "LineString", "coordinates": [[89.704703, 24.524604], [89.654042, 24.506865]]}}, {"type": "Feature", "properties": {"kind": "transect", "id": "W-38700", "bank": "W", "chainage_m": 38700}, "geometry": {"type": "LineString", "coordinates": [[89.705446, 24.5228], [89.654612, 24.505483]]}}, {"type": "Feature", "properties": {"kind": "transect", "id": "W-38900", "bank": "W", "chainage_m": 38900}, "geometry": {"type": "LineString", "coordinates": [[89.706162, 24.52102], [89.655201, 24.50402]]}}, {"type": "Feature", "properties": {"kind": "transect", "id": "W-39100", "bank": "W", "chainage_m": 39100}, "geometry": {"type": "LineString", "coordinates": [[89.706857, 24.519262], [89.655808, 24.502485]]}}, {"type": "Feature", "properties": {"kind": "transect", "id": "W-39300", "bank": "W", "chainage_m": 39300}, "geometry": {"type": "LineString", "coordinates": [[89.707534, 24.517526], [89.656434, 24.500882]]}}, {"type": "Feature", "properties": {"kind": "transect", "id": "W-39500", "bank": "W", "chainage_m": 39500}, "geometry": {"type": "LineString", "coordinates": [[89.708199, 24.515813], [89.657082, 24.499214]]}}, {"type": "Feature", "properties": {"kind": "transect", "id": "W-39700", "bank": "W", "chainage_m": 39700}, "geometry": {"type": "LineString", "coordinates": [[89.708854, 24.514123], [89.657753, 24.497485]]}}, {"type": "Feature", "properties": {"kind": "transect", "id": "W-39900", "bank": "W", "chainage_m": 39900}, "geometry": {"type": "LineString", "coordinates": [[89.709505, 24.512455], [89.658449, 24.495703]]}}, {"type": "Feature", "properties": {"kind": "transect", "id": "W-40100", "bank": "W", "chainage_m": 40100}, "geometry": {"type": "LineString", "coordinates": [[89.710153, 24.510809], [89.659174, 24.493866]]}}, {"type": "Feature", "properties": {"kind": "transect", "id": "W-40300", "bank": "W", "chainage_m": 40300}, "geometry": {"type": "LineString", "coordinates": [[89.710803, 24.509184], [89.659927, 24.491985]]}}, {"type": "Feature", "properties": {"kind": "transect", "id": "W-40500", "bank": "W", "chainage_m": 40500}, "geometry": {"type": "LineString", "coordinates": [[89.711457, 24.507578], [89.660709, 24.490067]]}}, {"type": "Feature", "properties": {"kind": "transect", "id": "W-40700", "bank": "W", "chainage_m": 40700}, "geometry": {"type": "LineString", "coordinates": [[89.712118, 24.505992], [89.661524, 24.488115]]}}, {"type": "Feature", "properties": {"kind": "transect", "id": "W-40900", "bank": "W", "chainage_m": 40900}, "geometry": {"type": "LineString", "coordinates": [[89.712788, 24.504424], [89.662371, 24.486134]]}}, {"type": "Feature", "properties": {"kind": "transect", "id": "W-41100", "bank": "W", "chainage_m": 41100}, "geometry": {"type": "LineString", "coordinates": [[89.713469, 24.502874], [89.663252, 24.484128]]}}, {"type": "Feature", "properties": {"kind": "transect", "id": "W-41300", "bank": "W", "chainage_m": 41300}, "geometry": {"type": "LineString", "coordinates": [[89.714162, 24.50134], [89.664169, 24.482103]]}}, {"type": "Feature", "properties": {"kind": "transect", "id": "W-41500", "bank": "W", "chainage_m": 41500}, "geometry": {"type": "LineString", "coordinates": [[89.714869, 24.499828], [89.665128, 24.480052]]}}, {"type": "Feature", "properties": {"kind": "transect", "id": "W-41700", "bank": "W", "chainage_m": 41700}, "geometry": {"type": "LineString", "coordinates": [[89.715595, 24.498321], [89.666109, 24.478017]]}}, {"type": "Feature", "properties": {"kind": "transect", "id": "W-41900", "bank": "W", "chainage_m": 41900}, "geometry": {"type": "LineString", "coordinates": [[89.716341, 24.496821], [89.667117, 24.475994]]}}, {"type": "Feature", "properties": {"kind": "transect", "id": "W-42100", "bank": "W", "chainage_m": 42100}, "geometry": {"type": "LineString", "coordinates": [[89.717108, 24.495325], [89.668143, 24.473994]]}}, {"type": "Feature", "properties": {"kind": "transect", "id": "W-42300", "bank": "W", "chainage_m": 42300}, "geometry": {"type": "LineString", "coordinates": [[89.717897, 24.493828], [89.669181, 24.472026]]}}, {"type": "Feature", "properties": {"kind": "transect", "id": "W-42500", "bank": "W", "chainage_m": 42500}, "geometry": {"type": "LineString", "coordinates": [[89.718708, 24.492329], [89.670227, 24.470094]]}}, {"type": "Feature", "properties": {"kind": "transect", "id": "W-42700", "bank": "W", "chainage_m": 42700}, "geometry": {"type": "LineString", "coordinates": [[89.719549, 24.490807], [89.671249, 24.468246]]}}, {"type": "Feature", "properties": {"kind": "transect", "id": "W-42900", "bank": "W", "chainage_m": 42900}, "geometry": {"type": "LineString", "coordinates": [[89.720415, 24.489265], [89.672245, 24.466473]]}}, {"type": "Feature", "properties": {"kind": "transect", "id": "W-43100", "bank": "W", "chainage_m": 43100}, "geometry": {"type": "LineString", "coordinates": [[89.721305, 24.487696], [89.673204, 24.464784]]}}, {"type": "Feature", "properties": {"kind": "transect", "id": "W-43300", "bank": "W", "chainage_m": 43300}, "geometry": {"type": "LineString", "coordinates": [[89.722219, 24.48609], [89.674106, 24.463199]]}}, {"type": "Feature", "properties": {"kind": "transect", "id": "W-43500", "bank": "W", "chainage_m": 43500}, "geometry": {"type": "LineString", "coordinates": [[89.723153, 24.484437], [89.674938, 24.461728]]}}, {"type": "Feature", "properties": {"kind": "transect", "id": "W-43700", "bank": "W", "chainage_m": 43700}, "geometry": {"type": "LineString", "coordinates": [[89.724101, 24.482735], [89.675694, 24.460373]]}}, {"type": "Feature", "properties": {"kind": "transect", "id": "W-43900", "bank": "W", "chainage_m": 43900}, "geometry": {"type": "LineString", "coordinates": [[89.725058, 24.480976], [89.676365, 24.459142]]}}, {"type": "Feature", "properties": {"kind": "transect", "id": "W-44100", "bank": "W", "chainage_m": 44100}, "geometry": {"type": "LineString", "coordinates": [[89.726021, 24.47914], [89.676927, 24.458072]]}}, {"type": "Feature", "properties": {"kind": "transect", "id": "W-44300", "bank": "W", "chainage_m": 44300}, "geometry": {"type": "LineString", "coordinates": [[89.726973, 24.477229], [89.677388, 24.457148]]}}, {"type": "Feature", "properties": {"kind": "transect", "id": "W-44500", "bank": "W", "chainage_m": 44500}, "geometry": {"type": "LineString", "coordinates": [[89.727899, 24.475245], [89.677759, 24.456355]]}}, {"type": "Feature", "properties": {"kind": "transect", "id": "W-44700", "bank": "W", "chainage_m": 44700}, "geometry": {"type": "LineString", "coordinates": [[89.728789, 24.47318], [89.67804, 24.455706]]}}, {"type": "Feature", "properties": {"kind": "transect", "id": "W-44900", "bank": "W", "chainage_m": 44900}, "geometry": {"type": "LineString", "coordinates": [[89.729624, 24.471035], [89.67824, 24.455194]]}}, {"type": "Feature", "properties": {"kind": "transect", "id": "W-45100", "bank": "W", "chainage_m": 45100}, "geometry": {"type": "LineString", "coordinates": [[89.730389, 24.468817], [89.678377, 24.454798]]}}, {"type": "Feature", "properties": {"kind": "transect", "id": "W-45300", "bank": "W", "chainage_m": 45300}, "geometry": {"type": "LineString", "coordinates": [[89.731066, 24.466542], [89.678472, 24.45448]]}}, {"type": "Feature", "properties": {"kind": "transect", "id": "W-45500", "bank": "W", "chainage_m": 45500}, "geometry": {"type": "LineString", "coordinates": [[89.731642, 24.464231], [89.678544, 24.454193]]}}, {"type": "Feature", "properties": {"kind": "transect", "id": "W-45700", "bank": "W", "chainage_m": 45700}, "geometry": {"type": "LineString", "coordinates": [[89.732111, 24.46191], [89.678608, 24.453877]]}}, {"type": "Feature", "properties": {"kind": "transect", "id": "W-45900", "bank": "W", "chainage_m": 45900}, "geometry": {"type": "LineString", "coordinates": [[89.732473, 24.459608], [89.678672, 24.453465]]}}, {"type": "Feature", "properties": {"kind": "transect", "id": "W-46100", "bank": "W", "chainage_m": 46100}, "geometry": {"type": "LineString", "coordinates": [[89.732735, 24.457356], [89.678738, 24.452891]]}}, {"type": "Feature", "properties": {"kind": "transect", "id": "W-46300", "bank": "W", "chainage_m": 46300}, "geometry": {"type": "LineString", "coordinates": [[89.732914, 24.45518], [89.678803, 24.452096]]}}, {"type": "Feature", "properties": {"kind": "transect", "id": "W-46500", "bank": "W", "chainage_m": 46500}, "geometry": {"type": "LineString", "coordinates": [[89.73303, 24.453098], [89.678861, 24.451039]]}}, {"type": "Feature", "properties": {"kind": "transect", "id": "W-46700", "bank": "W", "chainage_m": 46700}, "geometry": {"type": "LineString", "coordinates": [[89.733104, 24.451123], [89.678911, 24.449692]]}}, {"type": "Feature", "properties": {"kind": "transect", "id": "W-46900", "bank": "W", "chainage_m": 46900}, "geometry": {"type": "LineString", "coordinates": [[89.733155, 24.449263], [89.678958, 24.448037]]}}, {"type": "Feature", "properties": {"kind": "transect", "id": "W-47100", "bank": "W", "chainage_m": 47100}, "geometry": {"type": "LineString", "coordinates": [[89.733204, 24.447521], [89.679014, 24.446068]]}}, {"type": "Feature", "properties": {"kind": "transect", "id": "W-47300", "bank": "W", "chainage_m": 47300}, "geometry": {"type": "LineString", "coordinates": [[89.733266, 24.445896], [89.679102, 24.443789]]}}, {"type": "Feature", "properties": {"kind": "transect", "id": "W-47500", "bank": "W", "chainage_m": 47500}, "geometry": {"type": "LineString", "coordinates": [[89.733351, 24.444382], [89.67925, 24.441217]]}}, {"type": "Feature", "properties": {"kind": "transect", "id": "W-47700", "bank": "W", "chainage_m": 47700}, "geometry": {"type": "LineString", "coordinates": [[89.73347, 24.442974], [89.679492, 24.438375]]}}, {"type": "Feature", "properties": {"kind": "transect", "id": "W-47900", "bank": "W", "chainage_m": 47900}, "geometry": {"type": "LineString", "coordinates": [[89.733627, 24.441661], [89.679865, 24.435301]]}}, {"type": "Feature", "properties": {"kind": "transect", "id": "W-48100", "bank": "W", "chainage_m": 48100}, "geometry": {"type": "LineString", "coordinates": [[89.733828, 24.44043], [89.6804, 24.43204]]}}, {"type": "Feature", "properties": {"kind": "transect", "id": "W-48300", "bank": "W", "chainage_m": 48300}, "geometry": {"type": "LineString", "coordinates": [[89.734075, 24.439263], [89.681121, 24.428655]]}}, {"type": "Feature", "properties": {"kind": "transect", "id": "W-48500", "bank": "W", "chainage_m": 48500}, "geometry": {"type": "LineString", "coordinates": [[89.734372, 24.438147], [89.682042, 24.425203]]}}, {"type": "Feature", "properties": {"kind": "transect", "id": "W-48700", "bank": "W", "chainage_m": 48700}, "geometry": {"type": "LineString", "coordinates": [[89.734724, 24.437063], [89.683163, 24.421752]]}}, {"type": "Feature", "properties": {"kind": "transect", "id": "W-48900", "bank": "W", "chainage_m": 48900}, "geometry": {"type": "LineString", "coordinates": [[89.735135, 24.435994], [89.684466, 24.418363]]}}, {"type": "Feature", "properties": {"kind": "transect", "id": "W-49100", "bank": "W", "chainage_m": 49100}, "geometry": {"type": "LineString", "coordinates": [[89.735612, 24.434923], [89.685924, 24.415093]]}}, {"type": "Feature", "properties": {"kind": "transect", "id": "W-49300", "bank": "W", "chainage_m": 49300}, "geometry": {"type": "LineString", "coordinates": [[89.73616, 24.43384], [89.6875, 24.411978]]}}, {"type": "Feature", "properties": {"kind": "transect", "id": "W-49500", "bank": "W", "chainage_m": 49500}, "geometry": {"type": "LineString", "coordinates": [[89.736769, 24.432763], [89.6892, 24.408975]]}}, {"type": "Feature", "properties": {"kind": "transect", "id": "W-49700", "bank": "W", "chainage_m": 49700}, "geometry": {"type": "LineString", "coordinates": [[89.737467, 24.431649], [89.690932, 24.406204]]}}, {"type": "Feature", "properties": {"kind": "transect", "id": "W-49900", "bank": "W", "chainage_m": 49900}, "geometry": {"type": "LineString", "coordinates": [[89.738252, 24.43049], [89.692648, 24.403671]]}}, {"type": "Feature", "properties": {"kind": "transect", "id": "W-50100", "bank": "W", "chainage_m": 50100}, "geometry": {"type": "LineString", "coordinates": [[89.739098, 24.429322], [89.694386, 24.401272]]}}, {"type": "Feature", "properties": {"kind": "transect", "id": "W-50300", "bank": "W", "chainage_m": 50300}, "geometry": {"type": "LineString", "coordinates": [[89.740026, 24.428118], [89.696077, 24.399075]]}}, {"type": "Feature", "properties": {"kind": "transect", "id": "W-50500", "bank": "W", "chainage_m": 50500}, "geometry": {"type": "LineString", "coordinates": [[89.741035, 24.426863], [89.697671, 24.397094]]}}, {"type": "Feature", "properties": {"kind": "transect", "id": "W-50700", "bank": "W", "chainage_m": 50700}, "geometry": {"type": "LineString", "coordinates": [[89.742092, 24.425595], [89.699235, 24.395216]]}}, {"type": "Feature", "properties": {"kind": "transect", "id": "W-50900", "bank": "W", "chainage_m": 50900}, "geometry": {"type": "LineString", "coordinates": [[89.743232, 24.424258], [89.700644, 24.393565]]}}, {"type": "Feature", "properties": {"kind": "transect", "id": "W-51100", "bank": "W", "chainage_m": 51100}, "geometry": {"type": "LineString", "coordinates": [[89.744421, 24.422883], [89.701958, 24.392045]]}}, {"type": "Feature", "properties": {"kind": "transect", "id": "W-51300", "bank": "W", "chainage_m": 51300}, "geometry": {"type": "LineString", "coordinates": [[89.745667, 24.421442], [89.703122, 24.390699]]}}, {"type": "Feature", "properties": {"kind": "transect", "id": "W-51500", "bank": "W", "chainage_m": 51500}, "geometry": {"type": "LineString", "coordinates": [[89.746963, 24.419928], [89.704124, 24.38953]]}}, {"type": "Feature", "properties": {"kind": "transect", "id": "W-51700", "bank": "W", "chainage_m": 51700}, "geometry": {"type": "LineString", "coordinates": [[89.748301, 24.418321], [89.704939, 24.388552]]}}, {"type": "Feature", "properties": {"kind": "transect", "id": "W-51900", "bank": "W", "chainage_m": 51900}, "geometry": {"type": "LineString", "coordinates": [[89.749667, 24.416615], [89.70557, 24.387767]]}}, {"type": "Feature", "properties": {"kind": "transect", "id": "W-52100", "bank": "W", "chainage_m": 52100}, "geometry": {"type": "LineString", "coordinates": [[89.751083, 24.414732], [89.705893, 24.38734]]}}, {"type": "Feature", "properties": {"kind": "transect", "id": "W-52300", "bank": "W", "chainage_m": 52300}, "geometry": {"type": "LineString", "coordinates": [[89.752479, 24.412711], [89.706035, 24.387139]]}}, {"type": "Feature", "properties": {"kind": "transect", "id": "W-52500", "bank": "W", "chainage_m": 52500}, "geometry": {"type": "LineString", "coordinates": [[89.753861, 24.410471], [89.705907, 24.387355]]}}, {"type": "Feature", "properties": {"kind": "transect", "id": "W-52700", "bank": "W", "chainage_m": 52700}, "geometry": {"type": "LineString", "coordinates": [[89.755212, 24.407887], [89.705429, 24.38828]]}}, {"type": "Feature", "properties": {"kind": "transect", "id": "W-52900", "bank": "W", "chainage_m": 52900}, "geometry": {"type": "LineString", "coordinates": [[89.756388, 24.405039], [89.704854, 24.38969]]}}, {"type": "Feature", "properties": {"kind": "transect", "id": "W-53100", "bank": "W", "chainage_m": 53100}, "geometry": {"type": "LineString", "coordinates": [[89.757313, 24.401862], [89.704253, 24.391774]]}}, {"type": "Feature", "properties": {"kind": "transect", "id": "W-53300", "bank": "W", "chainage_m": 53300}, "geometry": {"type": "LineString", "coordinates": [[89.757855, 24.398416], [89.70384, 24.394422]]}}, {"type": "Feature", "properties": {"kind": "transect", "id": "W-53500", "bank": "W", "chainage_m": 53500}, "geometry": {"type": "LineString", "coordinates": [[89.757915, 24.394848], [89.703792, 24.397327]]}}, {"type": "Feature", "properties": {"kind": "transect", "id": "W-53700", "bank": "W", "chainage_m": 53700}, "geometry": {"type": "LineString", "coordinates": [[89.757478, 24.391358], [89.704129, 24.400068]]}}, {"type": "Feature", "properties": {"kind": "transect", "id": "W-53900", "bank": "W", "chainage_m": 53900}, "geometry": {"type": "LineString", "coordinates": [[89.756633, 24.388115], [89.704699, 24.402286]]}}, {"type": "Feature", "properties": {"kind": "transect", "id": "W-54100", "bank": "W", "chainage_m": 54100}, "geometry": {"type": "LineString", "coordinates": [[89.755514, 24.385205], [89.705277, 24.403811]]}}, {"type": "Feature", "properties": {"kind": "transect", "id": "W-54300", "bank": "W", "chainage_m": 54300}, "geometry": {"type": "LineString", "coordinates": [[89.754247, 24.382631], [89.705681, 24.404646]]}}, {"type": "Feature", "properties": {"kind": "transect", "id": "W-54500", "bank": "W", "chainage_m": 54500}, "geometry": {"type": "LineString", "coordinates": [[89.752917, 24.380348], [89.705824, 24.4049]]}}, {"type": "Feature", "properties": {"kind": "transect", "id": "W-54700", "bank": "W", "chainage_m": 54700}, "geometry": {"type": "LineString", "coordinates": [[89.751559, 24.37828], [89.705719, 24.404747]]}}, {"type": "Feature", "properties": {"kind": "transect", "id": "W-54900", "bank": "W", "chainage_m": 54900}, "geometry": {"type": "LineString", "coordinates": [[89.750257, 24.376452], [89.705243, 24.404081]]}}, {"type": "Feature", "properties": {"kind": "transect", "id": "W-55100", "bank": "W", "chainage_m": 55100}, "geometry": {"type": "LineString", "coordinates": [[89.748999, 24.374768], [89.704517, 24.403111]]}}, {"type": "Feature", "properties": {"kind": "transect", "id": "W-55300", "bank": "W", "chainage_m": 55300}, "geometry": {"type": "LineString", "coordinates": [[89.747796, 24.373203], [89.703565, 24.401873]]}}, {"type": "Feature", "properties": {"kind": "transect", "id": "W-55500", "bank": "W", "chainage_m": 55500}, "geometry": {"type": "LineString", "coordinates": [[89.746677, 24.371755], [89.702377, 24.400334]]}}, {"type": "Feature", "properties": {"kind": "transect", "id": "W-55700", "bank": "W", "chainage_m": 55700}, "geometry": {"type": "LineString", "coordinates": [[89.745631, 24.370384], [89.701028, 24.398565]]}}, {"type": "Feature", "properties": {"kind": "transect", "id": "W-55900", "bank": "W", "chainage_m": 55900}, "geometry": {"type": "LineString", "coordinates": [[89.744694, 24.369116], [89.699479, 24.396466]]}}, {"type": "Feature", "properties": {"kind": "transect", "id": "W-56100", "bank": "W", "chainage_m": 56100}, "geometry": {"type": "LineString", "coordinates": [[89.74384, 24.367901], [89.697849, 24.394141]]}}, {"type": "Feature", "properties": {"kind": "transect", "id": "W-56300", "bank": "W", "chainage_m": 56300}, "geometry": {"type": "LineString", "coordinates": [[89.74308, 24.366744], [89.696153, 24.391554]]}}, {"type": "Feature", "properties": {"kind": "transect", "id": "W-56500", "bank": "W", "chainage_m": 56500}, "geometry": {"type": "LineString", "coordinates": [[89.742422, 24.365652], [89.694421, 24.388673]]}}, {"type": "Feature", "properties": {"kind": "transect", "id": "W-56700", "bank": "W", "chainage_m": 56700}, "geometry": {"type": "LineString", "coordinates": [[89.74187, 24.364628], [89.692697, 24.385469]]}}, {"type": "Feature", "properties": {"kind": "transect", "id": "W-56900", "bank": "W", "chainage_m": 56900}, "geometry": {"type": "LineString", "coordinates": [[89.741385, 24.363603], [89.691121, 24.38213]]}}, {"type": "Feature", "properties": {"kind": "transect", "id": "W-57100", "bank": "W", "chainage_m": 57100}, "geometry": {"type": "LineString", "coordinates": [[89.740969, 24.362581], [89.68971, 24.378656]]}}, {"type": "Feature", "properties": {"kind": "transect", "id": "W-57300", "bank": "W", "chainage_m": 57300}, "geometry": {"type": "LineString", "coordinates": [[89.740609, 24.361528], [89.688511, 24.37515]]}}, {"type": "Feature", "properties": {"kind": "transect", "id": "W-57500", "bank": "W", "chainage_m": 57500}, "geometry": {"type": "LineString", "coordinates": [[89.740294, 24.360411], [89.687542, 24.371724]]}}, {"type": "Feature", "properties": {"kind": "transect", "id": "W-57700", "bank": "W", "chainage_m": 57700}, "geometry": {"type": "LineString", "coordinates": [[89.740014, 24.359198], [89.686794, 24.368486]]}}, {"type": "Feature", "properties": {"kind": "transect", "id": "W-57900", "bank": "W", "chainage_m": 57900}, "geometry": {"type": "LineString", "coordinates": [[89.739764, 24.357866], [89.686236, 24.365517]]}}, {"type": "Feature", "properties": {"kind": "transect", "id": "W-58100", "bank": "W", "chainage_m": 58100}, "geometry": {"type": "LineString", "coordinates": [[89.739537, 24.356403], [89.685823, 24.362867]]}}, {"type": "Feature", "properties": {"kind": "transect", "id": "W-58300", "bank": "W", "chainage_m": 58300}, "geometry": {"type": "LineString", "coordinates": [[89.739324, 24.354809], [89.685512, 24.36055]]}}, {"type": "Feature", "properties": {"kind": "transect", "id": "W-58500", "bank": "W", "chainage_m": 58500}, "geometry": {"type": "LineString", "coordinates": [[89.739112, 24.353091], [89.685267, 24.358556]]}}, {"type": "Feature", "properties": {"kind": "transect", "id": "W-58700", "bank": "W", "chainage_m": 58700}, "geometry": {"type": "LineString", "coordinates": [[89.738891, 24.351267], [89.68506, 24.356843]]}}, {"type": "Feature", "properties": {"kind": "transect", "id": "W-58900", "bank": "W", "chainage_m": 58900}, "geometry": {"type": "LineString", "coordinates": [[89.738647, 24.349358], [89.684872, 24.355361]]}}, {"type": "Feature", "properties": {"kind": "transect", "id": "W-59100", "bank": "W", "chainage_m": 59100}, "geometry": {"type": "LineString", "coordinates": [[89.738371, 24.347388], [89.684689, 24.35405]]}}, {"type": "Feature", "properties": {"kind": "transect", "id": "W-59300", "bank": "W", "chainage_m": 59300}, "geometry": {"type": "LineString", "coordinates": [[89.738057, 24.345385], [89.6845, 24.352843]]}}, {"type": "Feature", "properties": {"kind": "transect", "id": "W-59500", "bank": "W", "chainage_m": 59500}, "geometry": {"type": "LineString", "coordinates": [[89.737703, 24.343374], [89.684295, 24.351673]]}}, {"type": "Feature", "properties": {"kind": "transect", "id": "W-59700", "bank": "W", "chainage_m": 59700}, "geometry": {"type": "LineString", "coordinates": [[89.737315, 24.341379], [89.684063, 24.350479]]}}, {"type": "Feature", "properties": {"kind": "transect", "id": "W-59900", "bank": "W", "chainage_m": 59900}, "geometry": {"type": "LineString", "coordinates": [[89.736899, 24.339419], [89.683794, 24.349209]]}}, {"type": "Feature", "properties": {"kind": "transect", "id": "W-60100", "bank": "W", "chainage_m": 60100}, "geometry": {"type": "LineString", "coordinates": [[89.736467, 24.33751], [89.68348, 24.347821]]}}, {"type": "Feature", "properties": {"kind": "transect", "id": "W-60300", "bank": "W", "chainage_m": 60300}, "geometry": {"type": "LineString", "coordinates": [[89.73603, 24.33566], [89.683118, 24.346286]]}}, {"type": "Feature", "properties": {"kind": "transect", "id": "W-60500", "bank": "W", "chainage_m": 60500}, "geometry": {"type": "LineString", "coordinates": [[89.735599, 24.333875], [89.682708, 24.344586]]}}, {"type": "Feature", "properties": {"kind": "transect", "id": "W-60700", "bank": "W", "chainage_m": 60700}, "geometry": {"type": "LineString", "coordinates": [[89.735185, 24.332153], [89.682259, 24.342714]]}}, {"type": "Feature", "properties": {"kind": "transect", "id": "W-60900", "bank": "W", "chainage_m": 60900}, "geometry": {"type": "LineString", "coordinates": [[89.734796, 24.330492], [89.681783, 24.340674]]}}, {"type": "Feature", "properties": {"kind": "transect", "id": "W-61100", "bank": "W", "chainage_m": 61100}, "geometry": {"type": "LineString", "coordinates": [[89.734438, 24.328884], [89.681295, 24.338479]]}}, {"type": "Feature", "properties": {"kind": "transect", "id": "W-61300", "bank": "W", "chainage_m": 61300}, "geometry": {"type": "LineString", "coordinates": [[89.734114, 24.327317], [89.680816, 24.336156]]}}, {"type": "Feature", "properties": {"kind": "transect", "id": "W-61500", "bank": "W", "chainage_m": 61500}, "geometry": {"type": "LineString", "coordinates": [[89.733825, 24.325781], [89.680361, 24.333731]]}}, {"type": "Feature", "properties": {"kind": "transect", "id": "W-61700", "bank": "W", "chainage_m": 61700}, "geometry": {"type": "LineString", "coordinates": [[89.733571, 24.324255], [89.679951, 24.331259]]}}, {"type": "Feature", "properties": {"kind": "transect", "id": "W-61900", "bank": "W", "chainage_m": 61900}, "geometry": {"type": "LineString", "coordinates": [[89.733349, 24.322723], [89.679593, 24.328784]]}}, {"type": "Feature", "properties": {"kind": "transect", "id": "W-62100", "bank": "W", "chainage_m": 62100}, "geometry": {"type": "LineString", "coordinates": [[89.733156, 24.321169], [89.679291, 24.326353]]}}, {"type": "Feature", "properties": {"kind": "transect", "id": "W-62300", "bank": "W", "chainage_m": 62300}, "geometry": {"type": "LineString", "coordinates": [[89.732987, 24.319577], [89.679044, 24.324013]]}}, {"type": "Feature", "properties": {"kind": "transect", "id": "W-62500", "bank": "W", "chainage_m": 62500}, "geometry": {"type": "LineString", "coordinates": [[89.732837, 24.317932], [89.678843, 24.321804]]}}, {"type": "Feature", "properties": {"kind": "transect", "id": "W-62700", "bank": "W", "chainage_m": 62700}, "geometry": {"type": "LineString", "coordinates": [[89.732698, 24.316224], [89.678677, 24.31976]]}}, {"type": "Feature", "properties": {"kind": "transect", "id": "W-62900", "bank": "W", "chainage_m": 62900}, "geometry": {"type": "LineString", "coordinates": [[89.732562, 24.314445], [89.678536, 24.317904]]}}, {"type": "Feature", "properties": {"kind": "transect", "id": "W-63100", "bank": "W", "chainage_m": 63100}, "geometry": {"type": "LineString", "coordinates": [[89.732418, 24.312591], [89.678408, 24.316246]]}}, {"type": "Feature", "properties": {"kind": "transect", "id": "W-63300", "bank": "W", "chainage_m": 63300}, "geometry": {"type": "LineString", "coordinates": [[89.732253, 24.310664], [89.678284, 24.314789]]}}, {"type": "Feature", "properties": {"kind": "transect", "id": "W-63500", "bank": "W", "chainage_m": 63500}, "geometry": {"type": "LineString", "coordinates": [[89.732056, 24.308668], [89.67816, 24.313522]]}}, {"type": "Feature", "properties": {"kind": "transect", "id": "W-63700", "bank": "W", "chainage_m": 63700}, "geometry": {"type": "LineString", "coordinates": [[89.731814, 24.306612], [89.678032, 24.312424]]}}, {"type": "Feature", "properties": {"kind": "transect", "id": "W-63900", "bank": "W", "chainage_m": 63900}, "geometry": {"type": "LineString", "coordinates": [[89.731517, 24.304511], [89.677897, 24.311465]]}}, {"type": "Feature", "properties": {"kind": "transect", "id": "W-64100", "bank": "W", "chainage_m": 64100}, "geometry": {"type": "LineString", "coordinates": [[89.731158, 24.302381], [89.677753, 24.310607]]}}, {"type": "Feature", "properties": {"kind": "transect", "id": "W-64300", "bank": "W", "chainage_m": 64300}, "geometry": {"type": "LineString", "coordinates": [[89.730732, 24.300239], [89.677595, 24.309807]]}}, {"type": "Feature", "properties": {"kind": "transect", "id": "W-64500", "bank": "W", "chainage_m": 64500}, "geometry": {"type": "LineString", "coordinates": [[89.73024, 24.298106], [89.677414, 24.309021]]}}, {"type": "Feature", "properties": {"kind": "transect", "id": "W-64700", "bank": "W", "chainage_m": 64700}, "geometry": {"type": "LineString", "coordinates": [[89.729689, 24.295999], [89.677201, 24.308206]]}}, {"type": "Feature", "properties": {"kind": "transect", "id": "W-64900", "bank": "W", "chainage_m": 64900}, "geometry": {"type": "LineString", "coordinates": [[89.729086, 24.293932], [89.676943, 24.307325]]}}, {"type": "Feature", "properties": {"kind": "transect", "id": "W-65100", "bank": "W", "chainage_m": 65100}, "geometry": {"type": "LineString", "coordinates": [[89.728443, 24.291918], [89.67663, 24.306344]]}}, {"type": "Feature", "properties": {"kind": "transect", "id": "W-65300", "bank": "W", "chainage_m": 65300}, "geometry": {"type": "LineString", "coordinates": [[89.727773, 24.289965], [89.676252, 24.305241]]}}, {"type": "Feature", "properties": {"kind": "transect", "id": "W-65500", "bank": "W", "chainage_m": 65500}, "geometry": {"type": "LineString", "coordinates": [[89.727089, 24.288077], [89.675801, 24.303995]]}}, {"type": "Feature", "properties": {"kind": "transect", "id": "W-65700", "bank": "W", "chainage_m": 65700}, "geometry": {"type": "LineString", "coordinates": [[89.726405, 24.286256], [89.675276, 24.302596]]}}, {"type": "Feature", "properties": {"kind": "transect", "id": "W-65900", "bank": "W", "chainage_m": 65900}, "geometry": {"type": "LineString", "coordinates": [[89.725731, 24.2845], [89.674677, 24.301035]]}}, {"type": "Feature", "properties": {"kind": "transect", "id": "W-66100", "bank": "W", "chainage_m": 66100}, "geometry": {"type": "LineString", "coordinates": [[89.725078, 24.282809], [89.67401, 24.299305]]}}, {"type": "Feature", "properties": {"kind": "transect", "id": "W-66300", "bank": "W", "chainage_m": 66300}, "geometry": {"type": "LineString", "coordinates": [[89.724456, 24.28118], [89.673285, 24.297404]]}}, {"type": "Feature", "properties": {"kind": "transect", "id": "W-66500", "bank": "W", "chainage_m": 66500}, "geometry": {"type": "LineString", "coordinates": [[89.723873, 24.279612], [89.672512, 24.295322]]}}, {"type": "Feature", "properties": {"kind": "transect", "id": "W-66700", "bank": "W", "chainage_m": 66700}, "geometry": {"type": "LineString", "coordinates": [[89.723335, 24.278099], [89.671711, 24.293065]]}}, {"type": "Feature", "properties": {"kind": "transect", "id": "W-66900", "bank": "W", "chainage_m": 66900}, "geometry": {"type": "LineString", "coordinates": [[89.722845, 24.276633], [89.670905, 24.290647]]}}, {"type": "Feature", "properties": {"kind": "transect", "id": "W-67100", "bank": "W", "chainage_m": 67100}, "geometry": {"type": "LineString", "coordinates": [[89.722407, 24.275209], [89.670115, 24.288074]]}}, {"type": "Feature", "properties": {"kind": "transect", "id": "W-67300", "bank": "W", "chainage_m": 67300}, "geometry": {"type": "LineString", "coordinates": [[89.722022, 24.273822], [89.669364, 24.28536]]}}, {"type": "Feature", "properties": {"kind": "transect", "id": "W-67500", "bank": "W", "chainage_m": 67500}, "geometry": {"type": "LineString", "coordinates": [[89.721691, 24.272463], [89.668674, 24.282525]]}}, {"type": "Feature", "properties": {"kind": "transect", "id": "W-67700", "bank": "W", "chainage_m": 67700}, "geometry": {"type": "LineString", "coordinates": [[89.721413, 24.271125], [89.668066, 24.279593]]}}, {"type": "Feature", "properties": {"kind": "transect", "id": "W-67900", "bank": "W", "chainage_m": 67900}, "geometry": {"type": "LineString", "coordinates": [[89.721187, 24.269797], [89.667557, 24.276596]]}}, {"type": "Feature", "properties": {"kind": "transect", "id": "W-68100", "bank": "W", "chainage_m": 68100}, "geometry": {"type": "LineString", "coordinates": [[89.721012, 24.268469], [89.667159, 24.273568]]}}, {"type": "Feature", "properties": {"kind": "transect", "id": "W-68300", "bank": "W", "chainage_m": 68300}, "geometry": {"type": "LineString", "coordinates": [[89.720886, 24.267131], [89.666876, 24.270546]]}}, {"type": "Feature", "properties": {"kind": "transect", "id": "W-68500", "bank": "W", "chainage_m": 68500}, "geometry": {"type": "LineString", "coordinates": [[89.720808, 24.26577], [89.666706, 24.267565]]}}, {"type": "Feature", "properties": {"kind": "transect", "id": "W-68700", "bank": "W", "chainage_m": 68700}, "geometry": {"type": "LineString", "coordinates": [[89.720776, 24.264378], [89.666641, 24.264662]]}}, {"type": "Feature", "properties": {"kind": "transect", "id": "W-68900", "bank": "W", "chainage_m": 68900}, "geometry": {"type": "LineString", "coordinates": [[89.72079, 24.262946], [89.666667, 24.261866]]}}, {"type": "Feature", "properties": {"kind": "transect", "id": "W-69100", "bank": "W", "chainage_m": 69100}, "geometry": {"type": "LineString", "coordinates": [[89.720845, 24.261465], [89.666767, 24.259202]]}}, {"type": "Feature", "properties": {"kind": "transect", "id": "W-69300", "bank": "W", "chainage_m": 69300}, "geometry": {"type": "LineString", "coordinates": [[89.720938, 24.259928], [89.66692, 24.256692]]}}, {"type": "Feature", "properties": {"kind": "transect", "id": "W-69500", "bank": "W", "chainage_m": 69500}, "geometry": {"type": "LineString", "coordinates": [[89.721066, 24.258332], [89.667108, 24.254349]]}}, {"type": "Feature", "properties": {"kind": "transect", "id": "W-69700", "bank": "W", "chainage_m": 69700}, "geometry": {"type": "LineString", "coordinates": [[89.721222, 24.256672], [89.667312, 24.252182]]}}, {"type": "Feature", "properties": {"kind": "transect", "id": "W-69900", "bank": "W", "chainage_m": 69900}, "geometry": {"type": "LineString", "coordinates": [[89.721399, 24.254947], [89.667517, 24.250195]]}}, {"type": "Feature", "properties": {"kind": "transect", "id": "W-70100", "bank": "W", "chainage_m": 70100}, "geometry": {"type": "LineString", "coordinates": [[89.721588, 24.253156], [89.667709, 24.248385]]}}, {"type": "Feature", "properties": {"kind": "transect", "id": "W-70300", "bank": "W", "chainage_m": 70300}, "geometry": {"type": "LineString", "coordinates": [[89.72178, 24.251301], [89.667879, 24.246745]]}}, {"type": "Feature", "properties": {"kind": "transect", "id": "W-70500", "bank": "W", "chainage_m": 70500}, "geometry": {"type": "LineString", "coordinates": [[89.721964, 24.249384], [89.668022, 24.245264]]}}, {"type": "Feature", "properties": {"kind": "transect", "id": "W-70700", "bank": "W", "chainage_m": 70700}, "geometry": {"type": "LineString", "coordinates": [[89.72213, 24.247412], [89.668135, 24.243926]]}}, {"type": "Feature", "properties": {"kind": "transect", "id": "W-70900", "bank": "W", "chainage_m": 70900}, "geometry": {"type": "LineString", "coordinates": [[89.722267, 24.245391], [89.668219, 24.242711]]}}, {"type": "Feature", "properties": {"kind": "transect", "id": "W-71100", "bank": "W", "chainage_m": 71100}, "geometry": {"type": "LineString", "coordinates": [[89.722368, 24.24333], [89.668274, 24.241595]]}}, {"type": "Feature", "properties": {"kind": "transect", "id": "W-71300", "bank": "W", "chainage_m": 71300}, "geometry": {"type": "LineString", "coordinates": [[89.722423, 24.24124], [89.668302, 24.240554]]}}, {"type": "Feature", "properties": {"kind": "transect", "id": "W-71500", "bank": "W", "chainage_m": 71500}, "geometry": {"type": "LineString", "coordinates": [[89.722429, 24.239131], [89.668306, 24.239562]]}}, {"type": "Feature", "properties": {"kind": "transect", "id": "W-71700", "bank": "W", "chainage_m": 71700}, "geometry": {"type": "LineString", "coordinates": [[89.722382, 24.237012], [89.668284, 24.238595]]}}, {"type": "Feature", "properties": {"kind": "transect", "id": "W-71900", "bank": "W", "chainage_m": 71900}, "geometry": {"type": "LineString", "coordinates": [[89.72228, 24.234894], [89.668239, 24.237632]]}}, {"type": "Feature", "properties": {"kind": "transect", "id": "W-72100", "bank": "W", "chainage_m": 72100}, "geometry": {"type": "LineString", "coordinates": [[89.722126, 24.232784], [89.668168, 24.236658]]}}, {"type": "Feature", "properties": {"kind": "transect", "id": "W-72300", "bank": "W", "chainage_m": 72300}, "geometry": {"type": "LineString", "coordinates": [[89.721921, 24.230686], [89.668071, 24.235662]]}}, {"type": "Feature", "properties": {"kind": "transect", "id": "W-72500", "bank": "W", "chainage_m": 72500}, "geometry": {"type": "LineString", "coordinates": [[89.721667, 24.228604], [89.667946, 24.234638]]}}, {"type": "Feature", "properties": {"kind": "transect", "id": "W-72700", "bank": "W", "chainage_m": 72700}, "geometry": {"type": "LineString", "coordinates": [[89.721367, 24.226539], [89.667794, 24.233586]]}}, {"type": "Feature", "properties": {"kind": "transect", "id": "W-72900", "bank": "W", "chainage_m": 72900}, "geometry": {"type": "LineString", "coordinates": [[89.721023, 24.224491], [89.667613, 24.232506]]}}, {"type": "Feature", "properties": {"kind": "transect", "id": "W-73100", "bank": "W", "chainage_m": 73100}, "geometry": {"type": "LineString", "coordinates": [[89.720639, 24.22246], [89.667404, 24.231402]]}}, {"type": "Feature", "properties": {"kind": "transect", "id": "W-73300", "bank": "W", "chainage_m": 73300}, "geometry": {"type": "LineString", "coordinates": [[89.720215, 24.220445], [89.667168, 24.230277]]}}, {"type": "Feature", "properties": {"kind": "transect", "id": "W-73500", "bank": "W", "chainage_m": 73500}, "geometry": {"type": "LineString", "coordinates": [[89.719754, 24.218447], [89.666904, 24.229133]]}}, {"type": "Feature", "properties": {"kind": "transect", "id": "W-73700", "bank": "W", "chainage_m": 73700}, "geometry": {"type": "LineString", "coordinates": [[89.719257, 24.216464], [89.666614, 24.22797]]}}, {"type": "Feature", "properties": {"kind": "transect", "id": "W-73900", "bank": "W", "chainage_m": 73900}, "geometry": {"type": "LineString", "coordinates": [[89.718728, 24.2145], [89.666295, 24.226785]]}}, {"type": "Feature", "properties": {"kind": "transect", "id": "W-74100", "bank": "W", "chainage_m": 74100}, "geometry": {"type": "LineString", "coordinates": [[89.718168, 24.212555], [89.665946, 24.225572]]}}, {"type": "Feature", "properties": {"kind": "transect", "id": "W-74300", "bank": "W", "chainage_m": 74300}, "geometry": {"type": "LineString", "coordinates": [[89.717582, 24.210634], [89.665566, 24.224324]]}}, {"type": "Feature", "properties": {"kind": "transect", "id": "W-74500", "bank": "W", "chainage_m": 74500}, "geometry": {"type": "LineString", "coordinates": [[89.716974, 24.208738], [89.665151, 24.223031]]}}, {"type": "Feature", "properties": {"kind": "transect", "id": "W-74700", "bank": "W", "chainage_m": 74700}, "geometry": {"type": "LineString", "coordinates": [[89.716349, 24.206871], [89.664701, 24.221684]]}}, {"type": "Feature", "properties": {"kind": "transect", "id": "W-74900", "bank": "W", "chainage_m": 74900}, "geometry": {"type": "LineString", "coordinates": [[89.715712, 24.205036], [89.664211, 24.220272]]}}, {"type": "Feature", "properties": {"kind": "transect", "id": "W-75100", "bank": "W", "chainage_m": 75100}, "geometry": {"type": "LineString", "coordinates": [[89.715072, 24.203237], [89.663679, 24.218778]]}}, {"type": "Feature", "properties": {"kind": "transect", "id": "W-75300", "bank": "W", "chainage_m": 75300}, "geometry": {"type": "LineString", "coordinates": [[89.714433, 24.201474], [89.663108, 24.217199]]}}, {"type": "Feature", "properties": {"kind": "transect", "id": "W-75500", "bank": "W", "chainage_m": 75500}, "geometry": {"type": "LineString", "coordinates": [[89.713801, 24.199747], [89.662498, 24.21553]]}}, {"type": "Feature", "properties": {"kind": "transect", "id": "W-75700", "bank": "W", "chainage_m": 75700}, "geometry": {"type": "LineString", "coordinates": [[89.713182, 24.198054], [89.661856, 24.213772]]}}, {"type": "Feature", "properties": {"kind": "transect", "id": "W-75900", "bank": "W", "chainage_m": 75900}, "geometry": {"type": "LineString", "coordinates": [[89.71258, 24.196391], [89.661188, 24.211926]]}}, {"type": "Feature", "properties": {"kind": "transect", "id": "W-76100", "bank": "W", "chainage_m": 76100}, "geometry": {"type": "LineString", "coordinates": [[89.711997, 24.194754], [89.660503, 24.209999]]}}, {"type": "Feature", "properties": {"kind": "transect", "id": "W-76300", "bank": "W", "chainage_m": 76300}, "geometry": {"type": "LineString", "coordinates": [[89.711435, 24.193137], [89.659811, 24.208006]]}}, {"type": "Feature", "properties": {"kind": "transect", "id": "W-76500", "bank": "W", "chainage_m": 76500}, "geometry": {"type": "LineString", "coordinates": [[89.710894, 24.191532], [89.659124, 24.205965]]}}, {"type": "Feature", "properties": {"kind": "transect", "id": "W-76700", "bank": "W", "chainage_m": 76700}, "geometry": {"type": "LineString", "coordinates": [[89.710372, 24.189929], [89.658452, 24.2039]]}}, {"type": "Feature", "properties": {"kind": "transect", "id": "W-76900", "bank": "W", "chainage_m": 76900}, "geometry": {"type": "LineString", "coordinates": [[89.709865, 24.188317], [89.657805, 24.20184]]}}, {"type": "Feature", "properties": {"kind": "transect", "id": "W-77100", "bank": "W", "chainage_m": 77100}, "geometry": {"type": "LineString", "coordinates": [[89.709369, 24.186684], [89.657192, 24.199819]]}}, {"type": "Feature", "properties": {"kind": "transect", "id": "W-77300", "bank": "W", "chainage_m": 77300}, "geometry": {"type": "LineString", "coordinates": [[89.708877, 24.185021], [89.656616, 24.197867]]}}, {"type": "Feature", "properties": {"kind": "transect", "id": "W-77500", "bank": "W", "chainage_m": 77500}, "geometry": {"type": "LineString", "coordinates": [[89.708382, 24.183315], [89.656081, 24.196021]]}}, {"type": "Feature", "properties": {"kind": "transect", "id": "W-77700", "bank": "W", "chainage_m": 77700}, "geometry": {"type": "LineString", "coordinates": [[89.707876, 24.181562], [89.655585, 24.1943]]}}, {"type": "Feature", "properties": {"kind": "transect", "id": "W-77900", "bank": "W", "chainage_m": 77900}, "geometry": {"type": "LineString", "coordinates": [[89.70735, 24.179758], [89.655124, 24.192718]]}}, {"type": "Feature", "properties": {"kind": "transect", "id": "W-78100", "bank": "W", "chainage_m": 78100}, "geometry": {"type": "LineString", "coordinates": [[89.706794, 24.177904], [89.654694, 24.19128]]}}, {"type": "Feature", "properties": {"kind": "transect", "id": "W-78300", "bank": "W", "chainage_m": 78300}, "geometry": {"type": "LineString", "coordinates": [[89.706202, 24.176006], [89.654288, 24.18998]]}}, {"type": "Feature", "properties": {"kind": "transect", "id": "W-78500", "bank": "W", "chainage_m": 78500}, "geometry": {"type": "LineString", "coordinates": [[89.705566, 24.174073], [89.653901, 24.1888]]}}, {"type": "Feature", "properties": {"kind": "transect", "id": "W-78700", "bank": "W", "chainage_m": 78700}, "geometry": {"type": "LineString", "coordinates": [[89.704881, 24.172116], [89.653523, 24.187717]]}}, {"type": "Feature", "properties": {"kind": "transect", "id": "W-78900", "bank": "W", "chainage_m": 78900}, "geometry": {"type": "LineString", "coordinates": [[89.704148, 24.17015], [89.653144, 24.186699]]}}, {"type": "Feature", "properties": {"kind": "transect", "id": "W-79100", "bank": "W", "chainage_m": 79100}, "geometry": {"type": "LineString", "coordinates": [[89.703366, 24.168189], [89.652751, 24.185714]]}}, {"type": "Feature", "properties": {"kind": "transect", "id": "W-79300", "bank": "W", "chainage_m": 79300}, "geometry": {"type": "LineString", "coordinates": [[89.702541, 24.166246], [89.652334, 24.18473]]}}, {"type": "Feature", "properties": {"kind": "transect", "id": "W-79500", "bank": "W", "chainage_m": 79500}, "geometry": {"type": "LineString", "coordinates": [[89.701678, 24.164329], [89.651882, 24.183726]]}}, {"type": "Feature", "properties": {"kind": "transect", "id": "W-79700", "bank": "W", "chainage_m": 79700}, "geometry": {"type": "LineString", "coordinates": [[89.700781, 24.162444], [89.651388, 24.182687]]}}, {"type": "Feature", "properties": {"kind": "transect", "id": "W-79900", "bank": "W", "chainage_m": 79900}, "geometry": {"type": "LineString", "coordinates": [[89.699869, 24.16061], [89.650826, 24.181558]]}}, {"type": "Feature", "properties": {"kind": "transect", "id": "W-80100", "bank": "W", "chainage_m": 80100}, "geometry": {"type": "LineString", "coordinates": [[89.698944, 24.158821], [89.650201, 24.180348]]}}, {"type": "Feature", "properties": {"kind": "transect", "id": "W-80300", "bank": "W", "chainage_m": 80300}, "geometry": {"type": "LineString", "coordinates": [[89.698017, 24.157078], [89.649512, 24.179051]]}}, {"type": "Feature", "properties": {"kind": "transect", "id": "W-80500", "bank": "W", "chainage_m": 80500}, "geometry": {"type": "LineString", "coordinates": [[89.697092, 24.155377], [89.648757, 24.177663]]}}, {"type": "Feature", "properties": {"kind": "transect", "id": "W-80700", "bank": "W", "chainage_m": 80700}, "geometry": {"type": "LineString", "coordinates": [[89.696178, 24.153718], [89.647942, 24.176184]]}}, {"type": "Feature", "properties": {"kind": "transect", "id": "W-80900", "bank": "W", "chainage_m": 80900}, "geometry": {"type": "LineString", "coordinates": [[89.695281, 24.1521], [89.647064, 24.174599]]}}, {"type": "Feature", "properties": {"kind": "transect", "id": "W-81100", "bank": "W", "chainage_m": 81100}, "geometry": {"type": "LineString", "coordinates": [[89.694405, 24.150517], [89.646135, 24.17292]]}}, {"type": "Feature", "properties": {"kind": "transect", "id": "W-81300", "bank": "W", "chainage_m": 81300}, "geometry": {"type": "LineString", "coordinates": [[89.693553, 24.148964], [89.645165, 24.17115]]}}, {"type": "Feature", "properties": {"kind": "transect", "id": "W-81500", "bank": "W", "chainage_m": 81500}, "geometry": {"type": "LineString", "coordinates": [[89.692728, 24.147438], [89.644162, 24.169292]]}}, {"type": "Feature", "properties": {"kind": "transect", "id": "W-81700", "bank": "W", "chainage_m": 81700}, "geometry": {"type": "LineString", "coordinates": [[89.691935, 24.145937], [89.64313, 24.167337]]}}, {"type": "Feature", "properties": {"kind": "transect", "id": "W-81900", "bank": "W", "chainage_m": 81900}, "geometry": {"type": "LineString", "coordinates": [[89.691176, 24.144458], [89.642084, 24.165295]]}}, {"type": "Feature", "properties": {"kind": "transect", "id": "W-82100", "bank": "W", "chainage_m": 82100}, "geometry": {"type": "LineString", "coordinates": [[89.69045, 24.14299], [89.641039, 24.163183]]}}, {"type": "Feature", "properties": {"kind": "transect", "id": "W-82300", "bank": "W", "chainage_m": 82300}, "geometry": {"type": "LineString", "coordinates": [[89.689758, 24.141536], [89.64, 24.160997]]}}, {"type": "Feature", "properties": {"kind": "transect", "id": "W-82500", "bank": "W", "chainage_m": 82500}, "geometry": {"type": "LineString", "coordinates": [[89.689103, 24.140092], [89.638977, 24.158738]]}}, {"type": "Feature", "properties": {"kind": "transect", "id": "W-82700", "bank": "W", "chainage_m": 82700}, "geometry": {"type": "LineString", "coordinates": [[89.688486, 24.138656], [89.637977, 24.15641]]}}, {"type": "Feature", "properties": {"kind": "transect", "id": "W-82900", "bank": "W", "chainage_m": 82900}, "geometry": {"type": "LineString", "coordinates": [[89.687908, 24.137229], [89.637007, 24.154013]]}}, {"type": "Feature", "properties": {"kind": "transect", "id": "W-83100", "bank": "W", "chainage_m": 83100}, "geometry": {"type": "LineString", "coordinates": [[89.68737, 24.135809], [89.636076, 24.151548]]}}, {"type": "Feature", "properties": {"kind": "transect", "id": "W-83300", "bank": "W", "chainage_m": 83300}, "geometry": {"type": "LineString", "coordinates": [[89.686877, 24.134401], [89.635185, 24.149002]]}}, {"type": "Feature", "properties": {"kind": "transect", "id": "W-83500", "bank": "W", "chainage_m": 83500}, "geometry": {"type": "LineString", "coordinates": [[89.686425, 24.132993], [89.634354, 24.14641]]}}, {"type": "Feature", "properties": {"kind": "transect", "id": "W-83700", "bank": "W", "chainage_m": 83700}, "geometry": {"type": "LineString", "coordinates": [[89.686017, 24.131591], [89.633582, 24.143753]]}}, {"type": "Feature", "properties": {"kind": "transect", "id": "W-83900", "bank": "W", "chainage_m": 83900}, "geometry": {"type": "LineString", "coordinates": [[89.685654, 24.130197], [89.632877, 24.141036]]}}, {"type": "Feature", "properties": {"kind": "transect", "id": "W-84100", "bank": "W", "chainage_m": 84100}, "geometry": {"type": "LineString", "coordinates": [[89.685338, 24.128808], [89.632246, 24.138261]]}}, {"type": "Feature", "properties": {"kind": "transect", "id": "W-84300", "bank": "W", "chainage_m": 84300}, "geometry": {"type": "LineString", "coordinates": [[89.685068, 24.127425], [89.631696, 24.135436]]}}, {"type": "Feature", "properties": {"kind": "transect", "id": "W-84500", "bank": "W", "chainage_m": 84500}, "geometry": {"type": "LineString", "coordinates": [[89.684845, 24.126044], [89.631234, 24.132571]]}}, {"type": "Feature", "properties": {"kind": "transect", "id": "W-84700", "bank": "W", "chainage_m": 84700}, "geometry": {"type": "LineString", "coordinates": [[89.684668, 24.124664], [89.630866, 24.129681]]}}, {"type": "Feature", "properties": {"kind": "transect", "id": "W-84900", "bank": "W", "chainage_m": 84900}, "geometry": {"type": "LineString", "coordinates": [[89.684538, 24.123279], [89.630594, 24.126781]]}}, {"type": "Feature", "properties": {"kind": "transect", "id": "W-85100", "bank": "W", "chainage_m": 85100}, "geometry": {"type": "LineString", "coordinates": [[89.684453, 24.121884], [89.63042, 24.123893]]}}, {"type": "Feature", "properties": {"kind": "transect", "id": "W-85300", "bank": "W", "chainage_m": 85300}, "geometry": {"type": "LineString", "coordinates": [[89.684414, 24.120474], [89.630341, 24.121037]]}}, {"type": "Feature", "properties": {"kind": "transect", "id": "W-85500", "bank": "W", "chainage_m": 85500}, "geometry": {"type": "LineString", "coordinates": [[89.684418, 24.119043], [89.630349, 24.118237]]}}, {"type": "Feature", "properties": {"kind": "transect", "id": "W-85700", "bank": "W", "chainage_m": 85700}, "geometry": {"type": "LineString", "coordinates": [[89.684464, 24.117584], [89.630436, 24.115512]]}}, {"type": "Feature", "properties": {"kind": "transect", "id": "W-85900", "bank": "W", "chainage_m": 85900}, "geometry": {"type": "LineString", "coordinates": [[89.684551, 24.116092], [89.63059, 24.112883]]}}, {"type": "Feature", "properties": {"kind": "transect", "id": "W-86100", "bank": "W", "chainage_m": 86100}, "geometry": {"type": "LineString", "coordinates": [[89.684676, 24.114563], [89.630797, 24.110363]]}}, {"type": "Feature", "properties": {"kind": "transect", "id": "W-86300", "bank": "W", "chainage_m": 86300}, "geometry": {"type": "LineString", "coordinates": [[89.684836, 24.112992], [89.631042, 24.107964]]}}, {"type": "Feature", "properties": {"kind": "transect", "id": "W-86500", "bank": "W", "chainage_m": 86500}, "geometry": {"type": "LineString", "coordinates": [[89.685028, 24.111377], [89.631312, 24.105693]]}}, {"type": "Feature", "properties": {"kind": "transect", "id": "W-86700", "bank": "W", "chainage_m": 86700}, "geometry": {"type": "LineString", "coordinates": [[89.685249, 24.109695], [89.631587, 24.103606]]}}, {"type": "Feature", "properties": {"kind": "transect", "id": "E-00100", "bank": "E", "chainage_m": 100}, "geometry": {"type": "LineString", "coordinates": [[89.648987, 24.844982], [89.703195, 24.849008]]}}, {"type": "Feature", "properties": {"kind": "transect", "id": "E-00300", "bank": "E", "chainage_m": 300}, "geometry": {"type": "LineString", "coordinates": [[89.64924, 24.84267], [89.70324, 24.848588]]}}, {"type": "Feature", "properties": {"kind": "transect", "id": "E-00500", "bank": "E", "chainage_m": 500}, "geometry": {"type": "LineString", "coordinates": [[89.649614, 24.840279], [89.703265, 24.848413]]}}, {"type": "Feature", "properties": {"kind": "transect", "id": "E-00700", "bank": "E", "chainage_m": 700}, "geometry": {"type": "LineString", "coordinates": [[89.65013, 24.837829], [89.703256, 24.84845]]}}, {"type": "Feature", "properties": {"kind": "transect", "id": "E-00900", "bank": "E", "chainage_m": 900}, "geometry": {"type": "LineString", "coordinates": [[89.650805, 24.835348], [89.703203, 24.848643]]}}, {"type": "Feature", "properties": {"kind": "transect", "id": "E-01100", "bank": "E", "chainage_m": 1100}, "geometry": {"type": "LineString", "coordinates": [[89.651644, 24.832875], [89.703109, 24.848918]]}}, {"type": "Feature", "properties": {"kind": "transect", "id": "E-01300", "bank": "E", "chainage_m": 1300}, "geometry": {"type": "LineString", "coordinates": [[89.652641, 24.830449], [89.702996, 24.849195]]}}, {"type": "Feature", "properties": {"kind": "transect", "id": "E-01500", "bank": "E", "chainage_m": 1500}, "geometry": {"type": "LineString", "coordinates": [[89.653776, 24.828102], [89.702897, 24.849401]]}}, {"type": "Feature", "properties": {"kind": "transect", "id": "E-01700", "bank": "E", "chainage_m": 1700}, "geometry": {"type": "LineString", "coordinates": [[89.655026, 24.825859], [89.702851, 24.849485]]}}, {"type": "Feature", "properties": {"kind": "transect", "id": "E-01900", "bank": "E", "chainage_m": 1900}, "geometry": {"type": "LineString", "coordinates": [[89.6564, 24.823683], [89.702807, 24.849556]]}}, {"type": "Feature", "properties": {"kind": "transect", "id": "E-02100", "bank": "E", "chainage_m": 2100}, "geometry": {"type": "LineString", "coordinates": [[89.657817, 24.82167], [89.70295, 24.849357]]}}, {"type": "Feature", "properties": {"kind": "transect", "id": "E-02300", "bank": "E", "chainage_m": 2300}, "geometry": {"type": "LineString", "coordinates": [[89.659273, 24.819774], [89.703227, 24.848997]]}}, {"type": "Feature", "properties": {"kind": "transect", "id": "E-02500", "bank": "E", "chainage_m": 2500}, "geometry": {"type": "LineString", "coordinates": [[89.6608, 24.817937], [89.703538, 24.848625]]}}, {"type": "Feature", "properties": {"kind": "transect", "id": "E-02700", "bank": "E", "chainage_m": 2700}, "geometry": {"type": "LineString", "coordinates": [[89.662294, 24.816254], [89.704118, 24.847971]]}}, {"type": "Feature", "properties": {"kind": "transect", "id": "E-02900", "bank": "E", "chainage_m": 2900}, "geometry": {"type": "LineString", "coordinates": [[89.663845, 24.814599], [89.704695, 24.847356]]}}, {"type": "Feature", "properties": {"kind": "transect", "id": "E-03100", "bank": "E", "chainage_m": 3100}, "geometry": {"type": "LineString", "coordinates": [[89.665349, 24.813066], [89.705522, 24.846515]]}}, {"type": "Feature", "properties": {"kind": "transect", "id": "E-03300", "bank": "E", "chainage_m": 3300}, "geometry": {"type": "LineString", "coordinates": [[89.666884, 24.811562], [89.706369, 24.845684]]}}, {"type": "Feature", "properties": {"kind": "transect", "id": "E-03500", "bank": "E", "chainage_m": 3500}, "geometry": {"type": "LineString", "coordinates": [[89.668383, 24.810135], [89.707389, 24.844713]]}}, {"type": "Feature", "properties": {"kind": "transect", "id": "E-03700", "bank": "E", "chainage_m": 3700}, "geometry": {"type": "LineString", "coordinates": [[89.669879, 24.808747], [89.708485, 24.843697]]}}, {"type": "Feature", "properties": {"kind": "transect", "id": "E-03900", "bank": "E", "chainage_m": 3900}, "geometry": {"type": "LineString", "coordinates": [[89.671359, 24.807396], [89.709663, 24.842621]]}}, {"type": "Feature", "properties": {"kind": "transect", "id": "E-04100", "bank": "E", "chainage_m": 4100}, "geometry": {"type": "LineString", "coordinates": [[89.672815, 24.806085], [89.710941, 24.841469]]}}, {"type": "Feature", "properties": {"kind": "transect", "id": "E-04300", "bank": "E", "chainage_m": 4300}, "geometry": {"type": "LineString", "coordinates": [[89.674256, 24.804796], [89.712277, 24.840275]]}}, {"type": "Feature", "properties": {"kind": "transect", "id": "E-04500", "bank": "E", "chainage_m": 4500}, "geometry": {"type": "LineString", "coordinates": [[89.675672, 24.803533], [89.713685, 24.839019]]}}, {"type": "Feature", "properties": {"kind": "transect", "id": "E-04700", "bank": "E", "chainage_m": 4700}, "geometry": {"type": "LineString", "coordinates": [[89.677068, 24.802286], [89.715144, 24.837715]]}}, {"type": "Feature", "properties": {"kind": "transect", "id": "E-04900", "bank": "E", "chainage_m": 4900}, "geometry": {"type": "LineString", "coordinates": [[89.678434, 24.801059], [89.716667, 24.836346]]}}, {"type": "Feature", "properties": {"kind": "transect", "id": "E-05100", "bank": "E", "chainage_m": 5100}, "geometry": {"type": "LineString", "coordinates": [[89.679784, 24.799836], [89.718212, 24.834945]]}}, {"type": "Feature", "properties": {"kind": "transect", "id": "E-05300", "bank": "E", "chainage_m": 5300}, "geometry": {"type": "LineString", "coordinates": [[89.681104, 24.798624], [89.719803, 24.833484]]}}, {"type": "Feature", "properties": {"kind": "transect", "id": "E-05500", "bank": "E", "chainage_m": 5500}, "geometry": {"type": "LineString", "coordinates": [[89.682399, 24.797417], [89.721422, 24.831975]]}}, {"type": "Feature", "properties": {"kind": "transect", "id": "E-05700", "bank": "E", "chainage_m": 5700}, "geometry": {"type": "LineString", "coordinates": [[89.68368, 24.796201], [89.723031, 24.830447]]}}, {"type": "Feature", "properties": {"kind": "transect", "id": "E-05900", "bank": "E", "chainage_m": 5900}, "geometry": {"type": "LineString", "coordinates": [[89.684919, 24.795002], [89.724699, 24.828832]]}}, {"type": "Feature", "properties": {"kind": "transect", "id": "E-06100", "bank": "E", "chainage_m": 6100}, "geometry": {"type": "LineString", "coordinates": [[89.68616, 24.793775], [89.726308, 24.827241]]}}, {"type": "Feature", "properties": {"kind": "transect", "id": "E-06300", "bank": "E", "chainage_m": 6300}, "geometry": {"type": "LineString", "coordinates": [[89.687363, 24.792558], [89.727954, 24.825574]]}}, {"type": "Feature", "properties": {"kind": "transect", "id": "E-06500", "bank": "E", "chainage_m": 6500}, "geometry": {"type": "LineString", "coordinates": [[89.688565, 24.791314], [89.729544, 24.823929]]}}, {"type": "Feature", "properties": {"kind": "transect", "id": "E-06700", "bank": "E", "chainage_m": 6700}, "geometry": {"type": "LineString", "coordinates": [[89.689742, 24.790067], [89.731136, 24.822241]]}}, {"type": "Feature", "properties": {"kind": "transect", "id": "E-06900", "bank": "E", "chainage_m": 6900}, "geometry": {"type": "LineString", "coordinates": [[89.690919, 24.788793], [89.732671, 24.820579]]}}, {"type": "Feature", "properties": {"kind": "transect", "id": "E-07100", "bank": "E", "chainage_m": 7100}, "geometry": {"type": "LineString", "coordinates": [[89.692079, 24.787509], [89.73419, 24.818897]]}}, {"type": "Feature", "properties": {"kind": "transect", "id": "E-07300", "bank": "E", "chainage_m": 7300}, "geometry": {"type": "LineString", "coordinates": [[89.693244, 24.786196], [89.735644, 24.817257]]}}, {"type": "Feature", "properties": {"kind": "transect", "id": "E-07500", "bank": "E", "chainage_m": 7500}, "geometry": {"type": "LineString", "coordinates": [[89.694397, 24.784872], [89.737081, 24.815607]]}}, {"type": "Feature", "properties": {"kind": "transect", "id": "E-07700", "bank": "E", "chainage_m": 7700}, "geometry": {"type": "LineString", "coordinates": [[89.69556, 24.783518], [89.738451, 24.814012]]}}, {"type": "Feature", "properties": {"kind": "transect", "id": "E-07900", "bank": "E", "chainage_m": 7900}, "geometry": {"type": "LineString", "coordinates": [[89.696714, 24.782156], [89.739809, 24.812409]]}}, {"type": "Feature", "properties": {"kind": "transect", "id": "E-08100", "bank": "E", "chainage_m": 8100}, "geometry": {"type": "LineString", "coordinates": [[89.697878, 24.780769], [89.741111, 24.810856]]}}, {"type": "Feature", "properties": {"kind": "transect", "id": "E-08300", "bank": "E", "chainage_m": 8300}, "geometry": {"type": "LineString", "coordinates": [[89.699039, 24.779374], [89.7424, 24.809306]]}}, {"type": "Feature", "properties": {"kind": "transect", "id": "E-08500", "bank": "E", "chainage_m": 8500}, "geometry": {"type": "LineString", "coordinates": [[89.700201, 24.777966], [89.743662, 24.807777]]}}, {"type": "Feature", "properties": {"kind": "transect", "id": "E-08700", "bank": "E", "chainage_m": 8700}, "geometry": {"type": "LineString", "coordinates": [[89.701362, 24.776551], [89.744912, 24.806253]]}}, {"type": "Feature", "properties": {"kind": "transect", "id": "E-08900", "bank": "E", "chainage_m": 8900}, "geometry": {"type": "LineString", "coordinates": [[89.702518, 24.775135], [89.74616, 24.804723]]}}, {"type": "Feature", "properties": {"kind": "transect", "id": "E-09100", "bank": "E", "chainage_m": 9100}, "geometry": {"type": "LineString", "coordinates": [[89.70367, 24.773716], [89.747402, 24.803192]]}}, {"type": "Feature", "properties": {"kind": "transect", "id": "E-09300", "bank": "E", "chainage_m": 9300}, "geometry": {"type": "LineString", "coordinates": [[89.704807, 24.772304], [89.748664, 24.801625]]}}, {"type": "Feature", "properties": {"kind": "transect", "id": "E-09500", "bank": "E", "chainage_m": 9500}, "geometry": {"type": "LineString", "coordinates": [[89.705935, 24.770893], [89.749928, 24.800043]]}}, {"type": "Feature", "properties": {"kind": "transect", "id": "E-09700", "bank": "E", "chainage_m": 9700}, "geometry": {"type": "LineString", "coordinates": [[89.707043, 24.769492], [89.751215, 24.798415]]}}, {"type": "Feature", "properties": {"kind": "transect", "id": "E-09900", "bank": "E", "chainage_m": 9900}, "geometry": {"type": "LineString", "coordinates": [[89.708128, 24.768101], [89.752526, 24.796732]]}}, {"type": "Feature", "properties": {"kind": "transect", "id": "E-10100", "bank": "E", "chainage_m": 10100}, "geometry": {"type": "LineString", "coordinates": [[89.709193, 24.766713], [89.753844, 24.795015]]}}, {"type": "Feature", "properties": {"kind": "transect", "id": "E-10300", "bank": "E", "chainage_m": 10300}, "geometry": {"type": "LineString", "coordinates": [[89.710218, 24.765351], [89.755212, 24.793194]]}}, {"type": "Feature", "properties": {"kind": "transect", "id": "E-10500", "bank": "E", "chainage_m": 10500}, "geometry": {"type": "LineString", "coordinates": [[89.711217, 24.763988], [89.756579, 24.791329]]}}, {"type": "Feature", "properties": {"kind": "transect", "id": "E-10700", "bank": "E", "chainage_m": 10700}, "geometry": {"type": "LineString", "coordinates": [[89.712182, 24.762634], [89.757958, 24.789393]]}}, {"type": "Feature", "properties": {"kind": "transect", "id": "E-10900", "bank": "E", "chainage_m": 10900}, "geometry": {"type": "LineString", "coordinates": [[89.71309, 24.761314], [89.75939, 24.787309]]}}, {"type": "Feature", "properties": {"kind": "transect", "id": "E-11100", "bank": "E", "chainage_m": 11100}, "geometry": {"type": "LineString", "coordinates": [[89.713968, 24.759985], [89.760791, 24.785186]]}}, {"type": "Feature", "properties": {"kind": "transect", "id": "E-11300", "bank": "E", "chainage_m": 11300}, "geometry": {"type": "LineString", "coordinates": [[89.714799, 24.758669], [89.762192, 24.782963]]}}, {"type": "Feature", "properties": {"kind": "transect", "id": "E-11500", "bank": "E", "chainage_m": 11500}, "geometry": {"type": "LineString", "coordinates": [[89.71557, 24.75738], [89.763609, 24.780592]]}}, {"type": "Feature", "properties": {"kind": "transect", "id": "E-11700", "bank": "E", "chainage_m": 11700}, "geometry": {"type": "LineString", "coordinates": [[89.716289, 24.756098], [89.764994, 24.778122]]}}, {"type": "Feature", "properties": {"kind": "transect", "id": "E-11900", "bank": "E", "chainage_m": 11900}, "geometry": {"type": "LineString", "coordinates": [[89.71696, 24.754818], [89.766331, 24.775567]]}}, {"type": "Feature", "properties": {"kind": "transect", "id": "E-12100", "bank": "E", "chainage_m": 12100}, "geometry": {"type": "LineString", "coordinates": [[89.717575, 24.753548], [89.76762, 24.772901]]}}, {"type": "Feature", "properties": {"kind": "transect", "id": "E-12300", "bank": "E", "chainage_m": 12300}, "geometry": {"type": "LineString", "coordinates": [[89.718133, 24.752288], [89.768848, 24.770128]]}}, {"type": "Feature", "properties": {"kind": "transect", "id": "E-12500", "bank": "E", "chainage_m": 12500}, "geometry": {"type": "LineString", "coordinates": [[89.718634, 24.751039], [89.770001, 24.767246]]}}, {"type": "Feature", "properties": {"kind": "transect", "id": "E-12700", "bank": "E", "chainage_m": 12700}, "geometry": {"type": "LineString", "coordinates": [[89.719076, 24.749799], [89.771063, 24.76426]]}}, {"type": "Feature", "properties": {"kind": "transect", "id": "E-12900", "bank": "E", "chainage_m": 12900}, "geometry": {"type": "LineString", "coordinates": [[89.719467, 24.748545], [89.772004, 24.761239]]}}, {"type": "Feature", "properties": {"kind": "transect", "id": "E-13100", "bank": "E", "chainage_m": 13100}, "geometry": {"type": "LineString", "coordinates": [[89.719805, 24.747285], [89.772824, 24.758173]]}}, {"type": "Feature", "properties": {"kind": "transect", "id": "E-13300", "bank": "E", "chainage_m": 13300}, "geometry": {"type": "LineString", "coordinates": [[89.720091, 24.746011], [89.773517, 24.755089]]}}, {"type": "Feature", "properties": {"kind": "transect", "id": "E-13500", "bank": "E", "chainage_m": 13500}, "geometry": {"type": "LineString", "coordinates": [[89.720329, 24.744716], [89.774079, 24.752018]]}}, {"type": "Feature", "properties": {"kind": "transect", "id": "E-13700", "bank": "E", "chainage_m": 13700}, "geometry": {"type": "LineString", "coordinates": [[89.720519, 24.743389], [89.774512, 24.748995]]}}, {"type": "Feature", "properties": {"kind": "transect", "id": "E-13900", "bank": "E", "chainage_m": 13900}, "geometry": {"type": "LineString", "coordinates": [[89.720665, 24.742021], [89.774825, 24.746059]]}}, {"type": "Feature", "properties": {"kind": "transect", "id": "E-14100", "bank": "E", "chainage_m": 14100}, "geometry": {"type": "LineString", "coordinates": [[89.720769, 24.7406], [89.775031, 24.743246]]}}, {"type": "Feature", "properties": {"kind": "transect", "id": "E-14300", "bank": "E", "chainage_m": 14300}, "geometry": {"type": "LineString", "coordinates": [[89.720836, 24.739116], [89.77515, 24.740592]]}}, {"type": "Feature", "properties": {"kind": "transect", "id": "E-14500", "bank": "E", "chainage_m": 14500}, "geometry": {"type": "LineString", "coordinates": [[89.72087, 24.73756], [89.775204, 24.738127]]}}, {"type": "Feature", "properties": {"kind": "transect", "id": "E-14700", "bank": "E", "chainage_m": 14700}, "geometry": {"type": "LineString", "coordinates": [[89.720878, 24.735922], [89.775215, 24.735877]]}}, {"type": "Feature", "properties": {"kind": "transect", "id": "E-14900", "bank": "E", "chainage_m": 14900}, "geometry": {"type": "LineString", "coordinates": [[89.72087, 24.734196], [89.775204, 24.733864]]}}, {"type": "Feature", "properties": {"kind": "transect", "id": "E-15100", "bank": "E", "chainage_m": 15100}, "geometry": {"type": "LineString", "coordinates": [[89.720856, 24.732377], [89.77519, 24.732099]]}}, {"type": "Feature", "properties": {"kind": "transect", "id": "E-15300", "bank": "E", "chainage_m": 15300}, "geometry": {"type": "LineString", "coordinates": [[89.720852, 24.730461], [89.775186, 24.730589]]}}, {"type": "Feature", "properties": {"kind": "transect", "id": "E-15500", "bank": "E", "chainage_m": 15500}, "geometry": {"type": "LineString", "coordinates": [[89.720873, 24.72845], [89.775198, 24.729337]]}}, {"type": "Feature", "properties": {"kind": "transect", "id": "E-15700", "bank": "E", "chainage_m": 15700}, "geometry": {"type": "LineString", "coordinates": [[89.720938, 24.726344], [89.775227, 24.728338]]}}, {"type": "Feature", "properties": {"kind": "transect", "id": "E-15900", "bank": "E", "chainage_m": 15900}, "geometry": {"type": "LineString", "coordinates": [[89.721069, 24.724151], [89.775271, 24.727581]]}}, {"type": "Feature", "properties": {"kind": "transect", "id": "E-16100", "bank": "E", "chainage_m": 16100}, "geometry": {"type": "LineString", "coordinates": [[89.721284, 24.721879], [89.77532, 24.727046]]}}, {"type": "Feature", "properties": {"kind": "transect", "id": "E-16300", "bank": "E", "chainage_m": 16300}, "geometry": {"type": "LineString", "coordinates": [[89.721604, 24.719544], [89.775365, 24.726708]]}}, {"type": "Feature", "properties": {"kind": "transect", "id": "E-16500", "bank": "E", "chainage_m": 16500}, "geometry": {"type": "LineString", "coordinates": [[89.722044, 24.717161], [89.775396, 24.726539]]}}, {"type": "Feature", "properties": {"kind": "transect", "id": "E-16700", "bank": "E", "chainage_m": 16700}, "geometry": {"type": "LineString", "coordinates": [[89.722619, 24.714751], [89.775404, 24.726502]]}}, {"type": "Feature", "properties": {"kind": "transect", "id": "E-16900", "bank": "E", "chainage_m": 16900}, "geometry": {"type": "LineString", "coordinates": [[89.723337, 24.712334], [89.775386, 24.72656]]}}, {"type": "Feature", "properties": {"kind": "transect", "id": "E-17100", "bank": "E", "chainage_m": 17100}, "geometry": {"type": "LineString", "coordinates": [[89.7242, 24.709935], [89.775345, 24.726674]]}}, {"type": "Feature", "properties": {"kind": "transect", "id": "E-17300", "bank": "E", "chainage_m": 17300}, "geometry": {"type": "LineString", "coordinates": [[89.725205, 24.707574], [89.77529, 24.726803]]}}, {"type": "Feature", "properties": {"kind": "transect", "id": "E-17500", "bank": "E", "chainage_m": 17500}, "geometry": {"type": "LineString", "coordinates": [[89.726364, 24.705241], [89.775191, 24.726999]]}}, {"type": "Feature", "properties": {"kind": "transect", "id": "E-17700", "bank": "E", "chainage_m": 17700}, "geometry": {"type": "LineString", "coordinates": [[89.727648, 24.702996], [89.775122, 24.727123]]}}, {"type": "Feature", "properties": {"kind": "transect", "id": "E-17900", "bank": "E", "chainage_m": 17900}, "geometry": {"type": "LineString", "coordinates": [[89.72903, 24.700857], [89.775118, 24.72713]]}}, {"type": "Feature", "properties": {"kind": "transect", "id": "E-18100", "bank": "E", "chainage_m": 18100}, "geometry": {"type": "LineString", "coordinates": [[89.730517, 24.698793], [89.775133, 24.727108]]}}, {"type": "Feature", "properties": {"kind": "transect", "id": "E-18300", "bank": "E", "chainage_m": 18300}, "geometry": {"type": "LineString", "coordinates": [[89.732109, 24.69681], [89.775174, 24.727062]]}}, {"type": "Feature", "properties": {"kind": "transect", "id": "E-18500", "bank": "E", "chainage_m": 18500}, "geometry": {"type": "LineString", "coordinates": [[89.73372, 24.694975], [89.775408, 24.726795]]}}, {"type": "Feature", "properties": {"kind": "transect", "id": "E-18700", "bank": "E", "chainage_m": 18700}, "geometry": {"type": "LineString", "coordinates": [[89.735442, 24.693176], [89.775585, 24.726613]]}}, {"type": "Feature", "properties": {"kind": "transect", "id": "E-18900", "bank": "E", "chainage_m": 18900}, "geometry": {"type": "LineString", "coordinates": [[89.737146, 24.691524], [89.776007, 24.726201]]}}, {"type": "Feature", "properties": {"kind": "transect", "id": "E-19100", "bank": "E", "chainage_m": 19100}, "geometry": {"type": "LineString", "coordinates": [[89.738904, 24.68994], [89.776478, 24.725781]]}}, {"type": "Feature", "properties": {"kind": "transect", "id": "E-19300", "bank": "E", "chainage_m": 19300}, "geometry": {"type": "LineString", "coordinates": [[89.740691, 24.688424], [89.777017, 24.725322]]}}, {"type": "Feature", "properties": {"kind": "transect", "id": "E-19500", "bank": "E", "chainage_m": 19500}, "geometry": {"type": "LineString", "coordinates": [[89.742458, 24.687007], [89.777748, 24.724735]]}}, {"type": "Feature", "properties": {"kind": "transect", "id": "E-19700", "bank": "E", "chainage_m": 19700}, "geometry": {"type": "LineString", "coordinates": [[89.74424, 24.685654], [89.778567, 24.724115]]}}, {"type": "Feature", "properties": {"kind": "transect", "id": "E-19900", "bank": "E", "chainage_m": 19900}, "geometry": {"type": "LineString", "coordinates": [[89.74605, 24.684339], [89.77941, 24.723504]]}}, {"type": "Feature", "properties": {"kind": "transect", "id": "E-20100", "bank": "E", "chainage_m": 20100}, "geometry": {"type": "LineString", "coordinates": [[89.747839, 24.68309], [89.780393, 24.722817]]}}, {"type": "Feature", "properties": {"kind": "transect", "id": "E-20300", "bank": "E", "chainage_m": 20300}, "geometry": {"type": "LineString", "coordinates": [[89.749618, 24.681892], [89.781479, 24.722085]]}}, {"type": "Feature", "properties": {"kind": "transect", "id": "E-20500", "bank": "E", "chainage_m": 20500}, "geometry": {"type": "LineString", "coordinates": [[89.751393, 24.680735], [89.78264, 24.721327]]}}, {"type": "Feature", "properties": {"kind": "transect", "id": "E-20700", "bank": "E", "chainage_m": 20700}, "geometry": {"type": "LineString", "coordinates": [[89.753162, 24.679614], [89.783874, 24.720546]]}}, {"type": "Feature", "properties": {"kind": "transect", "id": "E-20900", "bank": "E", "chainage_m": 20900}, "geometry": {"type": "LineString", "coordinates": [[89.754923, 24.678525], [89.785176, 24.719741]]}}, {"type": "Feature", "properties": {"kind": "transect", "id": "E-21100", "bank": "E", "chainage_m": 21100}, "geometry": {"type": "LineString", "coordinates": [[89.756673, 24.677464], [89.786543, 24.718913]]}}, {"type": "Feature", "properties": {"kind": "transect", "id": "E-21300", "bank": "E", "chainage_m": 21300}, "geometry": {"type": "LineString", "coordinates": [[89.758411, 24.676427], [89.787971, 24.718061]]}}, {"type": "Feature", "properties": {"kind": "transect", "id": "E-21500", "bank": "E", "chainage_m": 21500}, "geometry": {"type": "LineString", "coordinates": [[89.760136, 24.675411], [89.789458, 24.717185]]}}, {"type": "Feature", "properties": {"kind": "transect", "id": "E-21700", "bank": "E", "chainage_m": 21700}, "geometry": {"type": "LineString", "coordinates": [[89.761847, 24.674414], [89.791, 24.716285]]}}, {"type": "Feature", "properties": {"kind": "transect", "id": "E-21900", "bank": "E", "chainage_m": 21900}, "geometry": {"type": "LineString", "coordinates": [[89.763542, 24.673431], [89.792596, 24.71536]]}}, {"type": "Feature", "properties": {"kind": "transect", "id": "E-22100", "bank": "E", "chainage_m": 22100}, "geometry": {"type": "LineString", "coordinates": [[89.765219, 24.672462], [89.794244, 24.714408]]}}, {"type": "Feature", "properties": {"kind": "transect", "id": "E-22300", "bank": "E", "chainage_m": 22300}, "geometry": {"type": "LineString", "coordinates": [[89.766876, 24.671504], [89.795944, 24.713425]]}}, {"type": "Feature", "properties": {"kind": "transect", "id": "E-22500", "bank": "E", "chainage_m": 22500}, "geometry": {"type": "LineString", "coordinates": [[89.768513, 24.670555], [89.797694, 24.712409]]}}, {"type": "Feature", "properties": {"kind": "transect", "id": "E-22700", "bank": "E", "chainage_m": 22700}, "geometry": {"type": "LineString", "coordinates": [[89.770126, 24.669612], [89.799493, 24.711358]]}}, {"type": "Feature", "properties": {"kind": "transect", "id": "E-22900", "bank": "E", "chainage_m": 22900}, "geometry": {"type": "LineString", "coordinates": [[89.771713, 24.668675], [89.801341, 24.710266]]}}, {"type": "Feature", "properties": {"kind": "transect", "id": "E-23100", "bank": "E", "chainage_m": 23100}, "geometry": {"type": "LineString", "coordinates": [[89.773273, 24.667741], [89.803239, 24.709129]]}}, {"type": "Feature", "properties": {"kind": "transect", "id": "E-23300", "bank": "E", "chainage_m": 23300}, "geometry": {"type": "LineString", "coordinates": [[89.774801, 24.666809], [89.805188, 24.70794]]}}, {"type": "Feature", "properties": {"kind": "transect", "id": "E-23500", "bank": "E", "chainage_m": 23500}, "geometry": {"type": "LineString", "coordinates": [[89.776294, 24.665879], [89.807187, 24.706694]]}}, {"type": "Feature", "properties": {"kind": "transect", "id": "E-23700", "bank": "E", "chainage_m": 23700}, "geometry": {"type": "LineString", "coordinates": [[89.77775, 24.664948], [89.809238, 24.705381]]}}, {"type": "Feature", "properties": {"kind": "transect", "id": "E-23900", "bank": "E", "chainage_m": 23900}, "geometry": {"type": "LineString", "coordinates": [[89.779161, 24.664014], [89.811339, 24.703992]]}}, {"type": "Feature", "properties": {"kind": "transect", "id": "E-24100", "bank": "E", "chainage_m": 24100}, "geometry": {"type": "LineString", "coordinates": [[89.780526, 24.663078], [89.813489, 24.702517]]}}, {"type": "Feature", "properties": {"kind": "transect", "id": "E-24300", "bank": "E", "chainage_m": 24300}, "geometry": {"type": "LineString", "coordinates": [[89.781816, 24.662156], [89.815754, 24.700899]]}}, {"type": "Feature", "properties": {"kind": "transect", "id": "E-24500", "bank": "E", "chainage_m": 24500}, "geometry": {"type": "LineString", "coordinates": [[89.783048, 24.661234], [89.81807, 24.699163]]}}, {"type": "Feature", "properties": {"kind": "transect", "id": "E-24700", "bank": "E", "chainage_m": 24700}, "geometry": {"type": "LineString", "coordinates": [[89.784235, 24.6603], [89.820386, 24.697332]]}}, {"type": "Feature", "properties": {"kind": "transect", "id": "E-24900", "bank": "E", "chainage_m": 24900}, "geometry": {"type": "LineString", "coordinates": [[89.785343, 24.659362], [89.822748, 24.69534]]}}, {"type": "Feature", "properties": {"kind": "transect", "id": "E-25100", "bank": "E", "chainage_m": 25100}, "geometry": {"type": "LineString", "coordinates": [[89.786312, 24.658488], [89.825314, 24.693021]]}}, {"type": "Feature", "properties": {"kind": "transect", "id": "E-25300", "bank": "E", "chainage_m": 25300}, "geometry": {"type": "LineString", "coordinates": [[89.787271, 24.657553], [89.827702, 24.690684]]}}, {"type": "Feature", "properties": {"kind": "transect", "id": "E-25500", "bank": "E", "chainage_m": 25500}, "geometry": {"type": "LineString", "coordinates": [[89.788062, 24.656704], [89.830287, 24.687909]]}}, {"type": "Feature", "properties": {"kind": "transect", "id": "E-25700", "bank": "E", "chainage_m": 25700}, "geometry": {"type": "LineString", "coordinates": [[89.788829, 24.655796], [89.832661, 24.685092]]}}, {"type": "Feature", "properties": {"kind": "transect", "id": "E-25900", "bank": "E", "chainage_m": 25900}, "geometry": {"type": "LineString", "coordinates": [[89.789428, 24.654999], [89.835159, 24.68176]]}}, {"type": "Feature", "properties": {"kind": "transect", "id": "E-26100", "bank": "E", "chainage_m": 26100}, "geometry": {"type": "LineString", "coordinates": [[89.78999, 24.654143], [89.837382, 24.678371]]}}, {"type": "Feature", "properties": {"kind": "transect", "id": "E-26300", "bank": "E", "chainage_m": 26300}, "geometry": {"type": "LineString", "coordinates": [[89.790472, 24.653296], [89.839433, 24.674758]]}}, {"type": "Feature", "properties": {"kind": "transect", "id": "E-26500", "bank": "E", "chainage_m": 26500}, "geometry": {"type": "LineString", "coordinates": [[89.790883, 24.652445], [89.841256, 24.670975]]}}, {"type": "Feature", "properties": {"kind": "transect", "id": "E-26700", "bank": "E", "chainage_m": 26700}, "geometry": {"type": "LineString", "coordinates": [[89.791229, 24.651578], [89.842815, 24.667072]]}}, {"type": "Feature", "properties": {"kind": "transect", "id": "E-26900", "bank": "E", "chainage_m": 26900}, "geometry": {"type": "LineString", "coordinates": [[89.791533, 24.650633], [89.844049, 24.663248]]}}, {"type": "Feature", "properties": {"kind": "transect", "id": "E-27100", "bank": "E", "chainage_m": 27100}, "geometry": {"type": "LineString", "coordinates": [[89.791795, 24.649604], [89.844992, 24.659547]]}}, {"type": "Feature", "properties": {"kind": "transect", "id": "E-27300", "bank": "E", "chainage_m": 27300}, "geometry": {"type": "LineString", "coordinates": [[89.792012, 24.648486], [89.845681, 24.656015]]}}, {"type": "Feature", "properties": {"kind": "transect", "id": "E-27500", "bank": "E", "chainage_m": 27500}, "geometry": {"type": "LineString", "coordinates": [[89.792186, 24.647272], [89.846157, 24.652694]]}}, {"type": "Feature", "properties": {"kind": "transect", "id": "E-27700", "bank": "E", "chainage_m": 27700}, "geometry": {"type": "LineString", "coordinates": [[89.792316, 24.64596], [89.846465, 24.649602]]}}, {"type": "Feature", "properties": {"kind": "transect", "id": "E-27900", "bank": "E", "chainage_m": 27900}, "geometry": {"type": "LineString", "coordinates": [[89.792405, 24.644555], [89.846647, 24.646744]]}}, {"type": "Feature", "properties": {"kind": "transect", "id": "E-28100", "bank": "E", "chainage_m": 28100}, "geometry": {"type": "LineString", "coordinates": [[89.792457, 24.643062], [89.846739, 24.644112]]}}, {"type": "Feature", "properties": {"kind": "transect", "id": "E-28300", "bank": "E", "chainage_m": 28300}, "geometry": {"type": "LineString", "coordinates": [[89.792478, 24.641489], [89.846771, 24.641692]]}}, {"type": "Feature", "properties": {"kind": "transect", "id": "E-28500", "bank": "E", "chainage_m": 28500}, "geometry": {"type": "LineString", "coordinates": [[89.792474, 24.639842], [89.846765, 24.639468]]}}, {"type": "Feature", "properties": {"kind": "transect", "id": "E-28700", "bank": "E", "chainage_m": 28700}, "geometry": {"type": "LineString", "coordinates": [[89.792453, 24.638127], [89.846739, 24.637424]]}}, {"type": "Feature", "properties": {"kind": "transect", "id": "E-28900", "bank": "E", "chainage_m": 28900}, "geometry": {"type": "LineString", "coordinates": [[89.792423, 24.636351], [89.846706, 24.635545]]}}, {"type": "Feature", "properties": {"kind": "transect", "id": "E-29100", "bank": "E", "chainage_m": 29100}, "geometry": {"type": "LineString", "coordinates": [[89.792392, 24.634518], [89.846676, 24.633817]]}}, {"type": "Feature", "properties": {"kind": "transect", "id": "E-29300", "bank": "E", "chainage_m": 29300}, "geometry": {"type": "LineString", "coordinates": [[89.792368, 24.632633], [89.846655, 24.632227]]}}, {"type": "Feature", "properties": {"kind": "transect", "id": "E-29500", "bank": "E", "chainage_m": 29500}, "geometry": {"type": "LineString", "coordinates": [[89.792361, 24.6307], [89.846649, 24.630766]]}}, {"type": "Feature", "properties": {"kind": "transect", "id": "E-29700", "bank": "E", "chainage_m": 29700}, "geometry": {"type": "LineString", "coordinates": [[89.792377, 24.628723], [89.846659, 24.629422]]}}, {"type": "Feature", "properties": {"kind": "transect", "id": "E-29900", "bank": "E", "chainage_m": 29900}, "geometry": {"type": "LineString", "coordinates": [[89.792425, 24.626706], [89.846688, 24.628186]]}}, {"type": "Feature", "properties": {"kind": "transect", "id": "E-30100", "bank": "E", "chainage_m": 30100}, "geometry": {"type": "LineString", "coordinates": [[89.792513, 24.624654], [89.846736, 24.627045]]}}, {"type": "Feature", "properties": {"kind": "transect", "id": "E-30300", "bank": "E", "chainage_m": 30300}, "geometry": {"type": "LineString", "coordinates": [[89.792646, 24.622574], [89.846803, 24.625986]]}}, {"type": "Feature", "properties": {"kind": "transect", "id": "E-30500", "bank": "E", "chainage_m": 30500}, "geometry": {"type": "LineString", "coordinates": [[89.79283, 24.620473], [89.846889, 24.624995]]}}, {"type": "Feature", "properties": {"kind": "transect", "id": "E-30700", "bank": "E", "chainage_m": 30700}, "geometry": {"type": "LineString", "coordinates": [[89.79307, 24.618358], [89.846995, 24.624052]]}}, {"type": "Feature", "properties": {"kind": "transect", "id": "E-30900", "bank": "E", "chainage_m": 30900}, "geometry": {"type": "LineString", "coordinates": [[89.793366, 24.616241], [89.847123, 24.623137]]}}, {"type": "Feature", "properties": {"kind": "transect", "id": "E-31100", "bank": "E", "chainage_m": 31100}, "geometry": {"type": "LineString", "coordinates": [[89.79372, 24.614129], [89.847275, 24.622229]]}}, {"type": "Feature", "properties": {"kind": "transect", "id": "E-31300", "bank": "E", "chainage_m": 31300}, "geometry": {"type": "LineString", "coordinates": [[89.794129, 24.612031], [89.847454, 24.621309]]}}, {"type": "Feature", "properties": {"kind": "transect", "id": "E-31500", "bank": "E", "chainage_m": 31500}, "geometry": {"type": "LineString", "coordinates": [[89.794589, 24.609956], [89.847665, 24.620356]]}}, {"type": "Feature", "properties": {"kind": "transect", "id": "E-31700", "bank": "E", "chainage_m": 31700}, "geometry": {"type": "LineString", "coordinates": [[89.795094, 24.607912], [89.847912, 24.619354]]}}, {"type": "Feature", "properties": {"kind": "transect", "id": "E-31900", "bank": "E", "chainage_m": 31900}, "geometry": {"type": "LineString", "coordinates": [[89.795638, 24.605904], [89.848201, 24.618287]]}}, {"type": "Feature", "properties": {"kind": "transect", "id": "E-32100", "bank": "E", "chainage_m": 32100}, "geometry": {"type": "LineString", "coordinates": [[89.796214, 24.603936], [89.848535, 24.617144]]}}, {"type": "Feature", "properties": {"kind": "transect", "id": "E-32300", "bank": "E", "chainage_m": 32300}, "geometry": {"type": "LineString", "coordinates": [[89.796813, 24.60201], [89.848917, 24.615916]]}}, {"type": "Feature", "properties": {"kind": "transect", "id": "E-32500", "bank": "E", "chainage_m": 32500}, "geometry": {"type": "LineString", "coordinates": [[89.797429, 24.600126], [89.849348, 24.614599]]}}, {"type": "Feature", "properties": {"kind": "transect", "id": "E-32700", "bank": "E", "chainage_m": 32700}, "geometry": {"type": "LineString", "coordinates": [[89.798055, 24.598285], [89.849825, 24.613191]]}}, {"type": "Feature", "properties": {"kind": "transect", "id": "E-32900", "bank": "E", "chainage_m": 32900}, "geometry": {"type": "LineString", "coordinates": [[89.798684, 24.596481], [89.850346, 24.611697]]}}, {"type": "Feature", "properties": {"kind": "transect", "id": "E-33100", "bank": "E", "chainage_m": 33100}, "geometry": {"type": "LineString", "coordinates": [[89.799311, 24.594717], [89.85091, 24.610108]]}}, {"type": "Feature", "properties": {"kind": "transect", "id": "E-33300", "bank": "E", "chainage_m": 33300}, "geometry": {"type": "LineString", "coordinates": [[89.799931, 24.592985], [89.851507, 24.608438]]}}, {"type": "Feature", "properties": {"kind": "transect", "id": "E-33500", "bank": "E", "chainage_m": 33500}, "geometry": {"type": "LineString", "coordinates": [[89.800542, 24.59128], [89.852131, 24.606697]]}}, {"type": "Feature", "properties": {"kind": "transect", "id": "E-33700", "bank": "E", "chainage_m": 33700}, "geometry": {"type": "LineString", "coordinates": [[89.801142, 24.589597], [89.852772, 24.604895]]}}, {"type": "Feature", "properties": {"kind": "transect", "id": "E-33900", "bank": "E", "chainage_m": 33900}, "geometry": {"type": "LineString", "coordinates": [[89.80173, 24.587929], [89.853423, 24.603045]]}}, {"type": "Feature", "properties": {"kind": "transect", "id": "E-34100", "bank": "E", "chainage_m": 34100}, "geometry": {"type": "LineString", "coordinates": [[89.802306, 24.58627], [89.854077, 24.601161]]}}, {"type": "Feature", "properties": {"kind": "transect", "id": "E-34300", "bank": "E", "chainage_m": 34300}, "geometry": {"type": "LineString", "coordinates": [[89.80287, 24.584615], [89.854725, 24.599258]]}}, {"type": "Feature", "properties": {"kind": "transect", "id": "E-34500", "bank": "E", "chainage_m": 34500}, "geometry": {"type": "LineString", "coordinates": [[89.803425, 24.582959], [89.855363, 24.597349]]}}, {"type": "Feature", "properties": {"kind": "transect", "id": "E-34700", "bank": "E", "chainage_m": 34700}, "geometry": {"type": "LineString", "coordinates": [[89.803971, 24.581296], [89.855988, 24.595446]]}}, {"type": "Feature", "properties": {"kind": "transect", "id": "E-34900", "bank": "E", "chainage_m": 34900}, "geometry": {"type": "LineString", "coordinates": [[89.804512, 24.579622], [89.856594, 24.593564]]}}, {"type": "Feature", "properties": {"kind": "transect", "id": "E-35100", "bank": "E", "chainage_m": 35100}, "geometry": {"type": "LineString", "coordinates": [[89.805049, 24.577934], [89.857183, 24.591711]]}}, {"type": "Feature", "properties": {"kind": "transect", "id": "E-35300", "bank": "E", "chainage_m": 35300}, "geometry": {"type": "LineString", "coordinates": [[89.805584, 24.576233], [89.857756, 24.589888]]}}, {"type": "Feature", "properties": {"kind": "transect", "id": "E-35500", "bank": "E", "chainage_m": 35500}, "geometry": {"type": "LineString", "coordinates": [[89.806119, 24.57452], [89.858315, 24.588094]]}}, {"type": "Feature", "properties": {"kind": "transect", "id": "E-35700", "bank": "E", "chainage_m": 35700}, "geometry": {"type": "LineString", "coordinates": [[89.806654, 24.572796], [89.858864, 24.586326]]}}, {"type": "Feature", "properties": {"kind": "transect", "id": "E-35900", "bank": "E", "chainage_m": 35900}, "geometry": {"type": "LineString", "coordinates": [[89.80719, 24.571066], [89.859405, 24.584575]]}}, {"type": "Feature", "properties": {"kind": "transect", "id": "E-36100", "bank": "E", "chainage_m": 36100}, "geometry": {"type": "LineString", "coordinates": [[89.807727, 24.569332], [89.859944, 24.582832]]}}, {"type": "Feature", "properties": {"kind": "transect", "id": "E-36300", "bank": "E", "chainage_m": 36300}, "geometry": {"type": "LineString", "coordinates": [[89.808263, 24.567598], [89.860483, 24.581087]]}}, {"type": "Feature", "properties": {"kind": "transect", "id": "E-36500", "bank": "E", "chainage_m": 36500}, "geometry": {"type": "LineString", "coordinates": [[89.808797, 24.565869], [89.861024, 24.579331]]}}, {"type": "Feature", "properties": {"kind": "transect", "id": "E-36700", "bank": "E", "chainage_m": 36700}, "geometry": {"type": "LineString", "coordinates": [[89.809327, 24.564146], [89.86157, 24.577556]]}}, {"type": "Feature", "properties": {"kind": "transect", "id": "E-36900", "bank": "E", "chainage_m": 36900}, "geometry": {"type": "LineString", "coordinates": [[89.809852, 24.562432], [89.86212, 24.575756]]}}, {"type": "Feature", "properties": {"kind": "transect", "id": "E-37100", "bank": "E", "chainage_m": 37100}, "geometry": {"type": "LineString", "coordinates": [[89.81037, 24.560727], [89.862674, 24.573928]]}}, {"type": "Feature", "properties": {"kind": "transect", "id": "E-37300", "bank": "E", "chainage_m": 37300}, "geometry": {"type": "LineString", "coordinates": [[89.81088, 24.559028], [89.863229, 24.572078]]}}, {"type": "Feature", "properties": {"kind": "transect", "id": "E-37500", "bank": "E", "chainage_m": 37500}, "geometry": {"type": "LineString", "coordinates": [[89.811381, 24.557334], [89.863782, 24.570209]]}}, {"type": "Feature", "properties": {"kind": "transect", "id": "E-37700", "bank": "E", "chainage_m": 37700}, "geometry": {"type": "LineString", "coordinates": [[89.811875, 24.55564], [89.864329, 24.568331]]}}, {"type": "Feature", "properties": {"kind": "transect", "id": "E-37900", "bank": "E", "chainage_m": 37900}, "geometry": {"type": "LineString", "coordinates": [[89.812362, 24.553945], [89.864867, 24.566454]]}}, {"type": "Feature", "properties": {"kind": "transect", "id": "E-38100", "bank": "E", "chainage_m": 38100}, "geometry": {"type": "LineString", "coordinates": [[89.812844, 24.552242], [89.865394, 24.56459]]}}, {"type": "Feature", "properties": {"kind": "transect", "id": "E-38300", "bank": "E", "chainage_m": 38300}, "geometry": {"type": "LineString", "coordinates": [[89.813323, 24.550528], [89.865908, 24.562748]]}}, {"type": "Feature", "properties": {"kind": "transect", "id": "E-38500", "bank": "E", "chainage_m": 38500}, "geometry": {"type": "LineString", "coordinates": [[89.813801, 24.548802], [89.866408, 24.560938]]}}, {"type": "Feature", "properties": {"kind": "transect", "id": "E-38700", "bank": "E", "chainage_m": 38700}, "geometry": {"type": "LineString", "coordinates": [[89.814281, 24.54706], [89.866896, 24.559165]]}}, {"type": "Feature", "properties": {"kind": "transect", "id": "E-38900", "bank": "E", "chainage_m": 38900}, "geometry": {"type": "LineString", "coordinates": [[89.814764, 24.545305], [89.867373, 24.55743]]}}, {"type": "Feature", "properties": {"kind": "transect", "id": "E-39100", "bank": "E", "chainage_m": 39100}, "geometry": {"type": "LineString", "coordinates": [[89.815252, 24.543538], [89.867842, 24.555728]]}}, {"type": "Feature", "properties": {"kind": "transect", "id": "E-39300", "bank": "E", "chainage_m": 39300}, "geometry": {"type": "LineString", "coordinates": [[89.815747, 24.541762], [89.868309, 24.554051]]}}, {"type": "Feature", "properties": {"kind": "transect", "id": "E-39500", "bank": "E", "chainage_m": 39500}, "geometry": {"type": "LineString", "coordinates": [[89.816247, 24.539984], [89.868776, 24.552386]]}}, {"type": "Feature", "properties": {"kind": "transect", "id": "E-39700", "bank": "E", "chainage_m": 39700}, "geometry": {"type": "LineString", "coordinates": [[89.816751, 24.538207], [89.869248, 24.550719]]}}, {"type": "Feature", "properties": {"kind": "transect", "id": "E-39900", "bank": "E", "chainage_m": 39900}, "geometry": {"type": "LineString", "coordinates": [[89.817256, 24.536441], [89.869731, 24.549028]]}}, {"type": "Feature", "properties": {"kind": "transect", "id": "E-40100", "bank": "E", "chainage_m": 40100}, "geometry": {"type": "LineString", "coordinates": [[89.817759, 24.53469], [89.870228, 24.547296]]}}, {"type": "Feature", "properties": {"kind": "transect", "id": "E-40300", "bank": "E", "chainage_m": 40300}, "geometry": {"type": "LineString", "coordinates": [[89.818255, 24.532961], [89.87074, 24.545507]]}}, {"type": "Feature", "properties": {"kind": "transect", "id": "E-40500", "bank": "E", "chainage_m": 40500}, "geometry": {"type": "LineString", "coordinates": [[89.818739, 24.531259], [89.871269, 24.543643]]}}, {"type": "Feature", "properties": {"kind": "transect", "id": "E-40700", "bank": "E", "chainage_m": 40700}, "geometry": {"type": "LineString", "coordinates": [[89.819205, 24.529587], [89.871813, 24.541691]]}}, {"type": "Feature", "properties": {"kind": "transect", "id": "E-40900", "bank": "E", "chainage_m": 40900}, "geometry": {"type": "LineString", "coordinates": [[89.819649, 24.527948], [89.872368, 24.539638]]}}, {"type": "Feature", "properties": {"kind": "transect", "id": "E-41100", "bank": "E", "chainage_m": 41100}, "geometry": {"type": "LineString", "coordinates": [[89.820064, 24.526344], [89.872926, 24.537478]]}}, {"type": "Feature", "properties": {"kind": "transect", "id": "E-41300", "bank": "E", "chainage_m": 41300}, "geometry": {"type": "LineString", "coordinates": [[89.820447, 24.524774], [89.873479, 24.535205]]}}, {"type": "Feature", "properties": {"kind": "transect", "id": "E-41500", "bank": "E", "chainage_m": 41500}, "geometry": {"type": "LineString", "coordinates": [[89.820794, 24.523238], [89.874016, 24.532821]]}}, {"type": "Feature", "properties": {"kind": "transect", "id": "E-41700", "bank": "E", "chainage_m": 41700}, "geometry": {"type": "LineString", "coordinates": [[89.821102, 24.521734], [89.874524, 24.530329]]}}, {"type": "Feature", "properties": {"kind": "transect", "id": "E-41900", "bank": "E", "chainage_m": 41900}, "geometry": {"type": "LineString", "coordinates": [[89.821368, 24.520257], [89.874988, 24.52774]]}}, {"type": "Feature", "properties": {"kind": "transect", "id": "E-42100", "bank": "E", "chainage_m": 42100}, "geometry": {"type": "LineString", "coordinates": [[89.821591, 24.518802], [89.875397, 24.525067]]}}, {"type": "Feature", "properties": {"kind": "transect", "id": "E-42300", "bank": "E", "chainage_m": 42300}, "geometry": {"type": "LineString", "coordinates": [[89.821771, 24.517363], [89.875737, 24.52233]]}}, {"type": "Feature", "properties": {"kind": "transect", "id": "E-42500", "bank": "E", "chainage_m": 42500}, "geometry": {"type": "LineString", "coordinates": [[89.821907, 24.515935], [89.876001, 24.519549]]}}, {"type": "Feature", "properties": {"kind": "transect", "id": "E-42700", "bank": "E", "chainage_m": 42700}, "geometry": {"type": "LineString", "coordinates": [[89.821999, 24.514508], [89.876181, 24.516748]]}}, {"type": "Feature", "properties": {"kind": "transect", "id": "E-42900", "bank": "E", "chainage_m": 42900}, "geometry": {"type": "LineString", "coordinates": [[89.822048, 24.513077], [89.876276, 24.513951]]}}, {"type": "Feature", "properties": {"kind": "transect", "id": "E-43100", "bank": "E", "chainage_m": 43100}, "geometry": {"type": "LineString", "coordinates": [[89.822055, 24.511634], [89.876288, 24.511183]]}}, {"type": "Feature", "properties": {"kind": "transect", "id": "E-43300", "bank": "E", "chainage_m": 43300}, "geometry": {"type": "LineString", "coordinates": [[89.82202, 24.510172], [89.876223, 24.508467]]}}, {"type": "Feature", "properties": {"kind": "transect", "id": "E-43500", "bank": "E", "chainage_m": 43500}, "geometry": {"type": "LineString", "coordinates": [[89.821945, 24.508686], [89.876089, 24.505821]]}}, {"type": "Feature", "properties": {"kind": "transect", "id": "E-43700", "bank": "E", "chainage_m": 43700}, "geometry": {"type": "LineString", "coordinates": [[89.821832, 24.507171], [89.875896, 24.503261]]}}, {"type": "Feature", "properties": {"kind": "transect", "id": "E-43900", "bank": "E", "chainage_m": 43900}, "geometry": {"type": "LineString", "coordinates": [[89.821682, 24.505622], [89.875657, 24.5008]]}}, {"type": "Feature", "properties": {"kind": "transect", "id": "E-44100", "bank": "E", "chainage_m": 44100}, "geometry": {"type": "LineString", "coordinates": [[89.821499, 24.504037], [89.875385, 24.498446]]}}, {"type": "Feature", "properties": {"kind": "transect", "id": "E-44300", "bank": "E", "chainage_m": 44300}, "geometry": {"type": "LineString", "coordinates": [[89.821286, 24.502415], [89.87509, 24.496204]]}}, {"type": "Feature", "properties": {"kind": "transect", "id": "E-44500", "bank": "E", "chainage_m": 44500}, "geometry": {"type": "LineString", "coordinates": [[89.821048, 24.500753], [89.874784, 24.494076]]}}, {"type": "Feature", "properties": {"kind": "transect", "id": "E-44700", "bank": "E", "chainage_m": 44700}, "geometry": {"type": "LineString", "coordinates": [[89.820789, 24.499052], [89.874476, 24.492058]]}}, {"type": "Feature", "properties": {"kind": "transect", "id": "E-44900", "bank": "E", "chainage_m": 44900}, "geometry": {"type": "LineString", "coordinates": [[89.820515, 24.497315], [89.874173, 24.490142]]}}, {"type": "Feature", "properties": {"kind": "transect", "id": "E-45100", "bank": "E", "chainage_m": 45100}, "geometry": {"type": "LineString", "coordinates": [[89.820231, 24.495544], [89.87388, 24.488317]]}}, {"type": "Feature", "properties": {"kind": "transect", "id": "E-45300", "bank": "E", "chainage_m": 45300}, "geometry": {"type": "LineString", "coordinates": [[89.819942, 24.493746], [89.873598, 24.486566]]}}, {"type": "Feature", "properties": {"kind": "transect", "id": "E-45500", "bank": "E", "chainage_m": 45500}, "geometry": {"type": "LineString", "coordinates": [[89.819654, 24.491927], [89.873329, 24.484868]]}}, {"type": "Feature", "properties": {"kind": "transect", "id": "E-45700", "bank": "E", "chainage_m": 45700}, "geometry": {"type": "LineString", "coordinates": [[89.81937, 24.490096], [89.873069, 24.4832]]}}, {"type": "Feature", "properties": {"kind": "transect", "id": "E-45900", "bank": "E", "chainage_m": 45900}, "geometry": {"type": "LineString", "coordinates": [[89.819093, 24.488263], [89.872817, 24.481534]]}}, {"type": "Feature", "properties": {"kind": "transect", "id": "E-46100", "bank": "E", "chainage_m": 46100}, "geometry": {"type": "LineString", "coordinates": [[89.818824, 24.486439], [89.872566, 24.479842]]}}, {"type": "Feature", "properties": {"kind": "transect", "id": "E-46300", "bank": "E", "chainage_m": 46300}, "geometry": {"type": "LineString", "coordinates": [[89.818561, 24.484634], [89.872311, 24.478097]]}}, {"type": "Feature", "properties": {"kind": "transect", "id": "E-46500", "bank": "E", "chainage_m": 46500}, "geometry": {"type": "LineString", "coordinates": [[89.818303, 24.482857], [89.872046, 24.476276]]}}, {"type": "Feature", "properties": {"kind": "transect", "id": "E-46700", "bank": "E", "chainage_m": 46700}, "geometry": {"type": "LineString", "coordinates": [[89.818046, 24.481117], [89.871762, 24.474358]]}}, {"type": "Feature", "properties": {"kind": "transect", "id": "E-46900", "bank": "E", "chainage_m": 46900}, "geometry": {"type": "LineString", "coordinates": [[89.817786, 24.47942], [89.871451, 24.472334]]}}, {"type": "Feature", "properties": {"kind": "transect", "id": "E-47100", "bank": "E", "chainage_m": 47100}, "geometry": {"type": "LineString", "coordinates": [[89.817518, 24.477766], [89.871103, 24.470198]]}}, {"type": "Feature", "properties": {"kind": "transect", "id": "E-47300", "bank": "E", "chainage_m": 47300}, "geometry": {"type": "LineString", "coordinates": [[89.817236, 24.476156], [89.87071, 24.467959]]}}, {"type": "Feature", "properties": {"kind": "transect", "id": "E-47500", "bank": "E", "chainage_m": 47500}, "geometry": {"type": "LineString", "coordinates": [[89.816935, 24.474585], [89.870263, 24.46563]]}}, {"type": "Feature", "properties": {"kind": "transect", "id": "E-47700", "bank": "E", "chainage_m": 47700}, "geometry": {"type": "LineString", "coordinates": [[89.816612, 24.473047], [89.86976, 24.463236]]}}, {"type": "Feature", "properties": {"kind": "transect", "id": "E-47900", "bank": "E", "chainage_m": 47900}, "geometry": {"type": "LineString", "coordinates": [[89.816263, 24.471531], [89.869198, 24.460805]]}}, {"type": "Feature", "properties": {"kind": "transect", "id": "E-48100", "bank": "E", "chainage_m": 48100}, "geometry": {"type": "LineString", "coordinates": [[89.815883, 24.470028], [89.86858, 24.458367]]}}, {"type": "Feature", "properties": {"kind": "transect", "id": "E-48300", "bank": "E", "chainage_m": 48300}, "geometry": {"type": "LineString", "coordinates": [[89.81547, 24.468527], [89.867915, 24.455953]]}}, {"type": "Feature", "properties": {"kind": "transect", "id": "E-48500", "bank": "E", "chainage_m": 48500}, "geometry": {"type": "LineString", "coordinates": [[89.815023, 24.467019], [89.867213, 24.453589]]}}, {"type": "Feature", "properties": {"kind": "transect", "id": "E-48700", "bank": "E", "chainage_m": 48700}, "geometry": {"type": "LineString", "coordinates": [[89.81454, 24.465496], [89.866487, 24.451297]]}}, {"type": "Feature", "properties": {"kind": "transect", "id": "E-48900", "bank": "E", "chainage_m": 48900}, "geometry": {"type": "LineString", "coordinates": [[89.814022, 24.463949], [89.865749, 24.449095]]}}, {"type": "Feature", "properties": {"kind": "transect", "id": "E-49100", "bank": "E", "chainage_m": 49100}, "geometry": {"type": "LineString", "coordinates": [[89.813472, 24.462375], [89.865013, 24.446993]]}}, {"type": "Feature", "properties": {"kind": "transect", "id": "E-49300", "bank": "E", "chainage_m": 49300}, "geometry": {"type": "LineString", "coordinates": [[89.812891, 24.460769], [89.86429, 24.444992]]}}, {"type": "Feature", "properties": {"kind": "transect", "id": "E-49500", "bank": "E", "chainage_m": 49500}, "geometry": {"type": "LineString", "coordinates": [[89.812286, 24.459132], [89.863586, 24.443093]]}}, {"type": "Feature", "properties": {"kind": "transect", "id": "E-49700", "bank": "E", "chainage_m": 49700}, "geometry": {"type": "LineString", "coordinates": [[89.811659, 24.457462], [89.862908, 24.441286]]}}, {"type": "Feature", "properties": {"kind": "transect", "id": "E-49900", "bank": "E", "chainage_m": 49900}, "geometry": {"type": "LineString", "coordinates": [[89.811019, 24.455764], [89.862257, 24.439562]]}}, {"type": "Feature", "properties": {"kind": "transect", "id": "E-50100", "bank": "E", "chainage_m": 50100}, "geometry": {"type": "LineString", "coordinates": [[89.810369, 24.454038], [89.861634, 24.437908]]}}, {"type": "Feature", "properties": {"kind": "transect", "id": "E-50300", "bank": "E", "chainage_m": 50300}, "geometry": {"type": "LineString", "coordinates": [[89.809716, 24.45229], [89.861035, 24.436308]]}}, {"type": "Feature", "properties": {"kind": "transect", "id": "E-50500", "bank": "E", "chainage_m": 50500}, "geometry": {"type": "LineString", "coordinates": [[89.809066, 24.450529], [89.860455, 24.434738]]}}, {"type": "Feature", "properties": {"kind": "transect", "id": "E-50700", "bank": "E", "chainage_m": 50700}, "geometry": {"type": "LineString", "coordinates": [[89.808423, 24.44876], [89.859887, 24.433177]]}}, {"type": "Feature", "properties": {"kind": "transect", "id": "E-50900", "bank": "E", "chainage_m": 50900}, "geometry": {"type": "LineString", "coordinates": [[89.807789, 24.446992], [89.859323, 24.431606]]}}, {"type": "Feature", "properties": {"kind": "transect", "id": "E-51100", "bank": "E", "chainage_m": 51100}, "geometry": {"type": "LineString", "coordinates": [[89.807166, 24.445232], [89.858755, 24.430002]]}}, {"type": "Feature", "properties": {"kind": "transect", "id": "E-51300", "bank": "E", "chainage_m": 51300}, "geometry": {"type": "LineString", "coordinates": [[89.806555, 24.44349], [89.858175, 24.428349]]}}, {"type": "Feature", "properties": {"kind": "transect", "id": "E-51500", "bank": "E", "chainage_m": 51500}, "geometry": {"type": "LineString", "coordinates": [[89.805955, 24.441771], [89.857573, 24.426631]]}}, {"type": "Feature", "properties": {"kind": "transect", "id": "E-51700", "bank": "E", "chainage_m": 51700}, "geometry": {"type": "LineString", "coordinates": [[89.805362, 24.440082], [89.856944, 24.424837]]}}, {"type": "Feature", "properties": {"kind": "transect", "id": "E-51900", "bank": "E", "chainage_m": 51900}, "geometry": {"type": "LineString", "coordinates": [[89.804774, 24.438424], [89.856279, 24.422964]]}}, {"type": "Feature", "properties": {"kind": "transect", "id": "E-52100", "bank": "E", "chainage_m": 52100}, "geometry": {"type": "LineString", "coordinates": [[89.804187, 24.4368], [89.855573, 24.421015]]}}, {"type": "Feature", "properties": {"kind": "transect", "id": "E-52300", "bank": "E", "chainage_m": 52300}, "geometry": {"type": "LineString", "coordinates": [[89.803595, 24.435207], [89.854822, 24.418998]]}}, {"type": "Feature", "properties": {"kind": "transect", "id": "E-52500", "bank": "E", "chainage_m": 52500}, "geometry": {"type": "LineString", "coordinates": [[89.802996, 24.433647], [89.854023, 24.416917]]}}, {"type": "Feature", "properties": {"kind": "transect", "id": "E-52700", "bank": "E", "chainage_m": 52700}, "geometry": {"type": "LineString", "coordinates": [[89.802382, 24.432105], [89.853183, 24.414811]]}}, {"type": "Feature", "properties": {"kind": "transect", "id": "E-52900", "bank": "E", "chainage_m": 52900}, "geometry": {"type": "LineString", "coordinates": [[89.80175, 24.430576], [89.85231, 24.412701]]}}, {"type": "Feature", "properties": {"kind": "transect", "id": "E-53100", "bank": "E", "chainage_m": 53100}, "geometry": {"type": "LineString", "coordinates": [[89.801095, 24.42905], [89.851413, 24.410613]]}}, {"type": "Feature", "properties": {"kind": "transect", "id": "E-53300", "bank": "E", "chainage_m": 53300}, "geometry": {"type": "LineString", "coordinates": [[89.800414, 24.427516], [89.850506, 24.408574]]}}, {"type": "Feature", "properties": {"kind": "transect", "id": "E-53500", "bank": "E", "chainage_m": 53500}, "geometry": {"type": "LineString", "coordinates": [[89.799704, 24.425964], [89.849608, 24.40661]]}}, {"type": "Feature", "properties": {"kind": "transect", "id": "E-53700", "bank": "E", "chainage_m": 53700}, "geometry": {"type": "LineString", "coordinates": [[89.798965, 24.424382], [89.848737, 24.404745]]}}, {"type": "Feature", "properties": {"kind": "transect", "id": "E-53900", "bank": "E", "chainage_m": 53900}, "geometry": {"type": "LineString", "coordinates": [[89.798198, 24.422758], [89.847913, 24.403003]]}}, {"type": "Feature", "properties": {"kind": "transect", "id": "E-54100", "bank": "E", "chainage_m": 54100}, "geometry": {"type": "LineString", "coordinates": [[89.797403, 24.421078], [89.84716, 24.401413]]}}, {"type": "Feature", "properties": {"kind": "transect", "id": "E-54300", "bank": "E", "chainage_m": 54300}, "geometry": {"type": "LineString", "coordinates": [[89.796586, 24.41933], [89.846494, 24.399991]]}}, {"type": "Feature", "properties": {"kind": "transect", "id": "E-54500", "bank": "E", "chainage_m": 54500}, "geometry": {"type": "LineString", "coordinates": [[89.795756, 24.417505], [89.845929, 24.39875]]}}, {"type": "Feature", "properties": {"kind": "transect", "id": "E-54700", "bank": "E", "chainage_m": 54700}, "geometry": {"type": "LineString", "coordinates": [[89.794924, 24.415591], [89.845475, 24.397707]]}}, {"type": "Feature", "properties": {"kind": "transect", "id": "E-54900", "bank": "E", "chainage_m": 54900}, "geometry": {"type": "LineString", "coordinates": [[89.794106, 24.413578], [89.845135, 24.396875]]}}, {"type": "Feature", "properties": {"kind": "transect", "id": "E-55100", "bank": "E", "chainage_m": 55100}, "geometry": {"type": "LineString", "coordinates": [[89.793319, 24.411458], [89.844907, 24.396264]]}}, {"type": "Feature", "properties": {"kind": "transect", "id": "E-55300", "bank": "E", "chainage_m": 55300}, "geometry": {"type": "LineString", "coordinates": [[89.792586, 24.40923], [89.844776, 24.395871]]}}, {"type": "Feature", "properties": {"kind": "transect", "id": "E-55500", "bank": "E", "chainage_m": 55500}, "geometry": {"type": "LineString", "coordinates": [[89.791935, 24.406899], [89.84472, 24.395677]]}}, {"type": "Feature", "properties": {"kind": "transect", "id": "E-55700", "bank": "E", "chainage_m": 55700}, "geometry": {"type": "LineString", "coordinates": [[89.791389, 24.404482], [89.844712, 24.395643]]}}, {"type": "Feature", "properties": {"kind": "transect", "id": "E-55900", "bank": "E", "chainage_m": 55900}, "geometry": {"type": "LineString", "coordinates": [[89.790972, 24.402006], [89.844722, 24.395708]]}}, {"type": "Feature", "properties": {"kind": "transect", "id": "E-56100", "bank": "E", "chainage_m": 56100}, "geometry": {"type": "LineString", "coordinates": [[89.790696, 24.399505], [89.844732, 24.395794]]}}, {"type": "Feature", "properties": {"kind": "transect", "id": "E-56300", "bank": "E", "chainage_m": 56300}, "geometry": {"type": "LineString", "coordinates": [[89.790562, 24.397019], [89.844734, 24.395815]]}}, {"type": "Feature", "properties": {"kind": "transect", "id": "E-56500", "bank": "E", "chainage_m": 56500}, "geometry": {"type": "LineString", "coordinates": [[89.790562, 24.394585], [89.844735, 24.395691]]}}, {"type": "Feature", "properties": {"kind": "transect", "id": "E-56700", "bank": "E", "chainage_m": 56700}, "geometry": {"type": "LineString", "coordinates": [[89.790673, 24.392231], [89.844752, 24.395359]]}}, {"type": "Feature", "properties": {"kind": "transect", "id": "E-56900", "bank": "E", "chainage_m": 56900}, "geometry": {"type": "LineString", "coordinates": [[89.790873, 24.389975], [89.844805, 24.394778]]}}, {"type": "Feature", "properties": {"kind": "transect", "id": "E-57100", "bank": "E", "chainage_m": 57100}, "geometry": {"type": "LineString", "coordinates": [[89.791135, 24.387828], [89.844909, 24.393929]]}}, {"type": "Feature", "properties": {"kind": "transect", "id": "E-57300", "bank": "E", "chainage_m": 57300}, "geometry": {"type": "LineString", "coordinates": [[89.791434, 24.385788], [89.845073, 24.392811]]}}, {"type": "Feature", "properties": {"kind": "transect", "id": "E-57500", "bank": "E", "chainage_m": 57500}, "geometry": {"type": "LineString", "coordinates": [[89.791752, 24.383848], [89.845298, 24.391439]]}}, {"type": "Feature", "properties": {"kind": "transect", "id": "E-57700", "bank": "E", "chainage_m": 57700}, "geometry": {"type": "LineString", "coordinates": [[89.792071, 24.382], [89.845575, 24.389832]]}}, {"type": "Feature", "properties": {"kind": "transect", "id": "E-57900", "bank": "E", "chainage_m": 57900}, "geometry": {"type": "LineString", "coordinates": [[89.792381, 24.380229], [89.845891, 24.388021]]}}, {"type": "Feature", "properties": {"kind": "transect", "id": "E-58100", "bank": "E", "chainage_m": 58100}, "geometry": {"type": "LineString", "coordinates": [[89.792674, 24.37852], [89.846229, 24.386042]]}}, {"type": "Feature", "properties": {"kind": "transect", "id": "E-58300", "bank": "E", "chainage_m": 58300}, "geometry": {"type": "LineString", "coordinates": [[89.792945, 24.376858], [89.846572, 24.383931]]}}, {"type": "Feature", "properties": {"kind": "transect", "id": "E-58500", "bank": "E", "chainage_m": 58500}, "geometry": {"type": "LineString", "coordinates": [[89.793191, 24.375226], [89.846904, 24.381728]]}}, {"type": "Feature", "properties": {"kind": "transect", "id": "E-58700", "bank": "E", "chainage_m": 58700}, "geometry": {"type": "LineString", "coordinates": [[89.793413, 24.373611], [89.847213, 24.379469]]}}, {"type": "Feature", "properties": {"kind": "transect", "id": "E-58900", "bank": "E", "chainage_m": 58900}, "geometry": {"type": "LineString", "coordinates": [[89.793611, 24.372001], [89.847492, 24.377189]]}}, {"type": "Feature", "properties": {"kind": "transect", "id": "E-59100", "bank": "E", "chainage_m": 59100}, "geometry": {"type": "LineString", "coordinates": [[89.793785, 24.370384], [89.847735, 24.374916]]}}, {"type": "Feature", "properties": {"kind": "transect", "id": "E-59300", "bank": "E", "chainage_m": 59300}, "geometry": {"type": "LineString", "coordinates": [[89.793937, 24.368752], [89.847944, 24.372675]]}}, {"type": "Feature", "properties": {"kind": "transect", "id": "E-59500", "bank": "E", "chainage_m": 59500}, "geometry": {"type": "LineString", "coordinates": [[89.79407, 24.367099], [89.84812, 24.370483]]}}, {"type": "Feature", "properties": {"kind": "transect", "id": "E-59700", "bank": "E", "chainage_m": 59700}, "geometry": {"type": "LineString", "coordinates": [[89.794187, 24.365422], [89.848267, 24.368352]]}}, {"type": "Feature", "properties": {"kind": "transect", "id": "E-59900", "bank": "E", "chainage_m": 59900}, "geometry": {"type": "LineString", "coordinates": [[89.79429, 24.363718], [89.848391, 24.366289]]}}, {"type": "Feature", "properties": {"kind": "transect", "id": "E-60100", "bank": "E", "chainage_m": 60100}, "geometry": {"type": "LineString", "coordinates": [[89.794383, 24.361986], [89.848497, 24.364298]]}}, {"type": "Feature", "properties": {"kind": "transect", "id": "E-60300", "bank": "E", "chainage_m": 60300}, "geometry": {"type": "LineString", "coordinates": [[89.794469, 24.360227], [89.848591, 24.36238]]}}, {"type": "Feature", "properties": {"kind": "transect", "id": "E-60500", "bank": "E", "chainage_m": 60500}, "geometry": {"type": "LineString", "coordinates": [[89.794553, 24.35844], [89.848676, 24.360534]]}}, {"type": "Feature", "properties": {"kind": "transect", "id": "E-60700", "bank": "E", "chainage_m": 60700}, "geometry": {"type": "LineString", "coordinates": [[89.794637, 24.356627], [89.848758, 24.358759]]}}, {"type": "Feature", "properties": {"kind": "transect", "id": "E-60900", "bank": "E", "chainage_m": 60900}, "geometry": {"type": "LineString", "coordinates": [[89.794726, 24.354788], [89.848839, 24.357053]]}}, {"type": "Feature", "properties": {"kind": "transect", "id": "E-61100", "bank": "E", "chainage_m": 61100}, "geometry": {"type": "LineString", "coordinates": [[89.794823, 24.352924], [89.848925, 24.355413]]}}, {"type": "Feature", "properties": {"kind": "transect", "id": "E-61300", "bank": "E", "chainage_m": 61300}, "geometry": {"type": "LineString", "coordinates": [[89.794933, 24.35104], [89.849016, 24.353831]]}}, {"type": "Feature", "properties": {"kind": "transect", "id": "E-61500", "bank": "E", "chainage_m": 61500}, "geometry": {"type": "LineString", "coordinates": [[89.795058, 24.349136], [89.849116, 24.352302]]}}, {"type": "Feature", "properties": {"kind": "transect", "id": "E-61700", "bank": "E", "chainage_m": 61700}, "geometry": {"type": "LineString", "coordinates": [[89.795201, 24.347218], [89.849226, 24.350815]]}}, {"type": "Feature", "properties": {"kind": "transect", "id": "E-61900", "bank": "E", "chainage_m": 61900}, "geometry": {"type": "LineString", "coordinates": [[89.795364, 24.345291], [89.849348, 24.349359]]}}, {"type": "Feature", "properties": {"kind": "transect", "id": "E-62100", "bank": "E", "chainage_m": 62100}, "geometry": {"type": "LineString", "coordinates": [[89.795549, 24.343359], [89.849485, 24.347917]]}}, {"type": "Feature", "properties": {"kind": "transect", "id": "E-62300", "bank": "E", "chainage_m": 62300}, "geometry": {"type": "LineString", "coordinates": [[89.795754, 24.341432], [89.849638, 24.346472]]}}, {"type": "Feature", "properties": {"kind": "transect", "id": "E-62500", "bank": "E", "chainage_m": 62500}, "geometry": {"type": "LineString", "coordinates": [[89.795978, 24.339515], [89.849809, 24.345004]]}}, {"type": "Feature", "properties": {"kind": "transect", "id": "E-62700", "bank": "E", "chainage_m": 62700}, "geometry": {"type": "LineString", "coordinates": [[89.796217, 24.337617], [89.849999, 24.343493]]}}, {"type": "Feature", "properties": {"kind": "transect", "id": "E-62900", "bank": "E", "chainage_m": 62900}, "geometry": {"type": "LineString", "coordinates": [[89.796468, 24.335744], [89.85021, 24.34192]]}}, {"type": "Feature", "properties": {"kind": "transect", "id": "E-63100", "bank": "E", "chainage_m": 63100}, "geometry": {"type": "LineString", "coordinates": [[89.796725, 24.333903], [89.85044, 24.340266]]}}, {"type": "Feature", "properties": {"kind": "transect", "id": "E-63300", "bank": "E", "chainage_m": 63300}, "geometry": {"type": "LineString", "coordinates": [[89.796982, 24.332099], [89.850688, 24.338515]]}}, {"type": "Feature", "properties": {"kind": "transect", "id": "E-63500", "bank": "E", "chainage_m": 63500}, "geometry": {"type": "LineString", "coordinates": [[89.797232, 24.330336], [89.850952, 24.336654]]}}, {"type": "Feature", "properties": {"kind": "transect", "id": "E-63700", "bank": "E", "chainage_m": 63700}, "geometry": {"type": "LineString", "coordinates": [[89.797469, 24.328617], [89.851224, 24.334673]]}}, {"type": "Feature", "properties": {"kind": "transect", "id": "E-63900", "bank": "E", "chainage_m": 63900}, "geometry": {"type": "LineString", "coordinates": [[89.797686, 24.326945], [89.851497, 24.332564]]}}, {"type": "Feature", "properties": {"kind": "transect", "id": "E-64100", "bank": "E", "chainage_m": 64100}, "geometry": {"type": "LineString", "coordinates": [[89.797879, 24.325318], [89.85176, 24.330323]]}}, {"type": "Feature", "properties": {"kind": "transect", "id": "E-64300", "bank": "E", "chainage_m": 64300}, "geometry": {"type": "LineString", "coordinates": [[89.798041, 24.323737], [89.852002, 24.327952]]}}, {"type": "Feature", "properties": {"kind": "transect", "id": "E-64500", "bank": "E", "chainage_m": 64500}, "geometry": {"type": "LineString", "coordinates": [[89.798169, 24.322199], [89.852208, 24.325454]]}}, {"type": "Feature", "properties": {"kind": "transect", "id": "E-64700", "bank": "E", "chainage_m": 64700}, "geometry": {"type": "LineString", "coordinates": [[89.798259, 24.320702], [89.852364, 24.32284]]}}, {"type": "Feature", "properties": {"kind": "transect", "id": "E-64900", "bank": "E", "chainage_m": 64900}, "geometry": {"type": "LineString", "coordinates": [[89.798308, 24.319242], [89.852454, 24.32012]]}}, {"type": "Feature", "properties": {"kind": "transect", "id": "E-65100", "bank": "E", "chainage_m": 65100}, "geometry": {"type": "LineString", "coordinates": [[89.798315, 24.317814], [89.852466, 24.317311]]}}, {"type": "Feature", "properties": {"kind": "transect", "id": "E-65300", "bank": "E", "chainage_m": 65300}, "geometry": {"type": "LineString", "coordinates": [[89.798277, 24.316413], [89.852387, 24.314433]]}}, {"type": "Feature", "properties": {"kind": "transect", "id": "E-65500", "bank": "E", "chainage_m": 65500}, "geometry": {"type": "LineString", "coordinates": [[89.798194, 24.315034], [89.852209, 24.311506]]}}, {"type": "Feature", "properties": {"kind": "transect", "id": "E-65700", "bank": "E", "chainage_m": 65700}, "geometry": {"type": "LineString", "coordinates": [[89.798064, 24.313669], [89.851927, 24.308554]]}}, {"type": "Feature", "properties": {"kind": "transect", "id": "E-65900", "bank": "E", "chainage_m": 65900}, "geometry": {"type": "LineString", "coordinates": [[89.797887, 24.312313], [89.851539, 24.3056]]}}, {"type": "Feature", "properties": {"kind": "transect", "id": "E-66100", "bank": "E", "chainage_m": 66100}, "geometry": {"type": "LineString", "coordinates": [[89.797661, 24.310961], [89.851049, 24.302667]]}}, {"type": "Feature", "properties": {"kind": "transect", "id": "E-66300", "bank": "E", "chainage_m": 66300}, "geometry": {"type": "LineString", "coordinates": [[89.797387, 24.309605], [89.850462, 24.299776]]}}, {"type": "Feature", "properties": {"kind": "transect", "id": "E-66500", "bank": "E", "chainage_m": 66500}, "geometry": {"type": "LineString", "coordinates": [[89.797063, 24.308242], [89.849789, 24.296947]]}}, {"type": "Feature", "properties": {"kind": "transect", "id": "E-66700", "bank": "E", "chainage_m": 66700}, "geometry": {"type": "LineString", "coordinates": [[89.796689, 24.306865], [89.849041, 24.294199]]}}, {"type": "Feature", "properties": {"kind": "transect", "id": "E-66900", "bank": "E", "chainage_m": 66900}, "geometry": {"type": "LineString", "coordinates": [[89.796265, 24.305469], [89.848236, 24.291547]]}}, {"type": "Feature", "properties": {"kind": "transect", "id": "E-67100", "bank": "E", "chainage_m": 67100}, "geometry": {"type": "LineString", "coordinates": [[89.795791, 24.304049], [89.847389, 24.289006]]}}, {"type": "Feature", "properties": {"kind": "transect", "id": "E-67300", "bank": "E", "chainage_m": 67300}, "geometry": {"type": "LineString", "coordinates": [[89.79527, 24.302599], [89.846519, 24.286589]]}}, {"type": "Feature", "properties": {"kind": "transect", "id": "E-67500", "bank": "E", "chainage_m": 67500}, "geometry": {"type": "LineString", "coordinates": [[89.794702, 24.301115], [89.845643, 24.284302]]}}, {"type": "Feature", "properties": {"kind": "transect", "id": "E-67700", "bank": "E", "chainage_m": 67700}, "geometry": {"type": "LineString", "coordinates": [[89.794089, 24.299589], [89.844783, 24.282162]]}}, {"type": "Feature", "properties": {"kind": "transect", "id": "E-67900", "bank": "E", "chainage_m": 67900}, "geometry": {"type": "LineString", "coordinates": [[89.793433, 24.29801], [89.843964, 24.280189]]}}, {"type": "Feature", "properties": {"kind": "transect", "id": "E-68100", "bank": "E", "chainage_m": 68100}, "geometry": {"type": "LineString", "coordinates": [[89.792742, 24.296374], [89.843199, 24.278382]]}}, {"type": "Feature", "properties": {"kind": "transect", "id": "E-68300", "bank": "E", "chainage_m": 68300}, "geometry": {"type": "LineString", "coordinates": [[89.792021, 24.294673], [89.842506, 24.27675]]}}, {"type": "Feature", "properties": {"kind": "transect", "id": "E-68500", "bank": "E", "chainage_m": 68500}, "geometry": {"type": "LineString", "coordinates": [[89.791278, 24.2929], [89.8419, 24.275303]]}}, {"type": "Feature", "properties": {"kind": "transect", "id": "E-68700", "bank": "E", "chainage_m": 68700}, "geometry": {"type": "LineString", "coordinates": [[89.790524, 24.291044], [89.84139, 24.274051]]}}, {"type": "Feature", "properties": {"kind": "transect", "id": "E-68900", "bank": "E", "chainage_m": 68900}, "geometry": {"type": "LineString", "coordinates": [[89.789772, 24.289098], [89.840984, 24.273004]]}}, {"type": "Feature", "properties": {"kind": "transect", "id": "E-69100", "bank": "E", "chainage_m": 69100}, "geometry": {"type": "LineString", "coordinates": [[89.789038, 24.287054], [89.840683, 24.272169]]}}, {"type": "Feature", "properties": {"kind": "transect", "id": "E-69300", "bank": "E", "chainage_m": 69300}, "geometry": {"type": "LineString", "coordinates": [[89.788342, 24.28491], [89.840479, 24.271546]]}}, {"type": "Feature", "properties": {"kind": "transect", "id": "E-69500", "bank": "E", "chainage_m": 69500}, "geometry": {"type": "LineString", "coordinates": [[89.787706, 24.282663], [89.840361, 24.271133]]}}, {"type": "Feature", "properties": {"kind": "transect", "id": "E-69700", "bank": "E", "chainage_m": 69700}, "geometry": {"type": "LineString", "coordinates": [[89.787155, 24.280332], [89.840301, 24.270884]]}}, {"type": "Feature", "properties": {"kind": "transect", "id": "E-69900", "bank": "E", "chainage_m": 69900}, "geometry": {"type": "LineString", "coordinates": [[89.786711, 24.277935], [89.840276, 24.270753]]}}, {"type": "Feature", "properties": {"kind": "transect", "id": "E-70100", "bank": "E", "chainage_m": 70100}, "geometry": {"type": "LineString", "coordinates": [[89.786387, 24.2755], [89.840266, 24.270678]]}}, {"type": "Feature", "properties": {"kind": "transect", "id": "E-70300", "bank": "E", "chainage_m": 70300}, "geometry": {"type": "LineString", "coordinates": [[89.786192, 24.273061], [89.840259, 24.270583]]}}, {"type": "Feature", "properties": {"kind": "transect", "id": "E-70500", "bank": "E", "chainage_m": 70500}, "geometry": {"type": "LineString", "coordinates": [[89.786121, 24.270655], [89.840254, 24.270385]]}}, {"type": "Feature", "properties": {"kind": "transect", "id": "E-70700", "bank": "E", "chainage_m": 70700}, "geometry": {"type": "LineString", "coordinates": [[89.786159, 24.268316], [89.840261, 24.270008]]}}, {"type": "Feature", "properties": {"kind": "transect", "id": "E-70900", "bank": "E", "chainage_m": 70900}, "geometry": {"type": "LineString", "coordinates": [[89.786286, 24.266068], [89.840297, 24.269394]]}}, {"type": "Feature", "properties": {"kind": "transect", "id": "E-71100", "bank": "E", "chainage_m": 71100}, "geometry": {"type": "LineString", "coordinates": [[89.786474, 24.263929], [89.840376, 24.268503]]}}, {"type": "Feature", "properties": {"kind": "transect", "id": "E-71300", "bank": "E", "chainage_m": 71300}, "geometry": {"type": "LineString", "coordinates": [[89.7867, 24.261906], [89.840509, 24.267315]]}}, {"type": "Feature", "properties": {"kind": "transect", "id": "E-71500", "bank": "E", "chainage_m": 71500}, "geometry": {"type": "LineString", "coordinates": [[89.786939, 24.259999], [89.840696, 24.265828]]}}, {"type": "Feature", "properties": {"kind": "transect", "id": "E-71700", "bank": "E", "chainage_m": 71700}, "geometry": {"type": "LineString", "coordinates": [[89.787174, 24.258202], [89.840927, 24.26405]]}}, {"type": "Feature", "properties": {"kind": "transect", "id": "E-71900", "bank": "E", "chainage_m": 71900}, "geometry": {"type": "LineString", "coordinates": [[89.787389, 24.256504], [89.841185, 24.262005]]}}, {"type": "Feature", "properties": {"kind": "transect", "id": "E-72100", "bank": "E", "chainage_m": 72100}, "geometry": {"type": "LineString", "coordinates": [[89.787575, 24.254892], [89.841446, 24.259723]]}}, {"type": "Feature", "properties": {"kind": "transect", "id": "E-72300", "bank": "E", "chainage_m": 72300}, "geometry": {"type": "LineString", "coordinates": [[89.787725, 24.253348], [89.841685, 24.25725]]}}, {"type": "Feature", "properties": {"kind": "transect", "id": "E-72500", "bank": "E", "chainage_m": 72500}, "geometry": {"type": "LineString", "coordinates": [[89.787837, 24.251852], [89.841878, 24.254639]]}}, {"type": "Feature", "properties": {"kind": "transect", "id": "E-72700", "bank": "E", "chainage_m": 72700}, "geometry": {"type": "LineString", "coordinates": [[89.787908, 24.250381], [89.842006, 24.251951]]}}, {"type": "Feature", "properties": {"kind": "transect", "id": "E-72900", "bank": "E", "chainage_m": 72900}, "geometry": {"type": "LineString", "coordinates": [[89.787939, 24.248912], [89.842062, 24.249253]]}}, {"type": "Feature", "properties": {"kind": "transect", "id": "E-73100", "bank": "E", "chainage_m": 73100}, "geometry": {"type": "LineString", "coordinates": [[89.787931, 24.247421], [89.842048, 24.246611]]}}, {"type": "Feature", "properties": {"kind": "transect", "id": "E-73300", "bank": "E", "chainage_m": 73300}, "geometry": {"type": "LineString", "coordinates": [[89.787886, 24.245887], [89.841974, 24.244087]]}}, {"type": "Feature", "properties": {"kind": "transect", "id": "E-73500", "bank": "E", "chainage_m": 73500}, "geometry": {"type": "LineString", "coordinates": [[89.787809, 24.244292], [89.841859, 24.241732]]}}, {"type": "Feature", "properties": {"kind": "transect", "id": "E-73700", "bank": "E", "chainage_m": 73700}, "geometry": {"type": "LineString", "coordinates": [[89.787704, 24.242617], [89.841725, 24.239592]]}}, {"type": "Feature", "properties": {"kind": "transect", "id": "E-73900", "bank": "E", "chainage_m": 73900}, "geometry": {"type": "LineString", "coordinates": [[89.787583, 24.24085], [89.841595, 24.237699]]}}, {"type": "Feature", "properties": {"kind": "transect", "id": "E-74100", "bank": "E", "chainage_m": 74100}, "geometry": {"type": "LineString", "coordinates": [[89.787457, 24.238983], [89.841484, 24.236075]]}}, {"type": "Feature", "properties": {"kind": "transect", "id": "E-74300", "bank": "E", "chainage_m": 74300}, "geometry": {"type": "LineString", "coordinates": [[89.787343, 24.237009], [89.841405, 24.234732]]}}, {"type": "Feature", "properties": {"kind": "transect", "id": "E-74500", "bank": "E", "chainage_m": 74500}, "geometry": {"type": "LineString", "coordinates": [[89.78726, 24.234926], [89.841362, 24.233673]]}}, {"type": "Feature", "properties": {"kind": "transect", "id": "E-74700", "bank": "E", "chainage_m": 74700}, "geometry": {"type": "LineString", "coordinates": [[89.787233, 24.23274], [89.84135, 24.232888]]}}, {"type": "Feature", "properties": {"kind": "transect", "id": "E-74900", "bank": "E", "chainage_m": 74900}, "geometry": {"type": "LineString", "coordinates": [[89.787283, 24.230459], [89.841361, 24.232354]]}}, {"type": "Feature", "properties": {"kind": "transect", "id": "E-75100", "bank": "E", "chainage_m": 75100}, "geometry": {"type": "LineString", "coordinates": [[89.787433, 24.228102], [89.84138, 24.232034]]}}, {"type": "Feature", "properties": {"kind": "transect", "id": "E-75300", "bank": "E", "chainage_m": 75300}, "geometry": {"type": "LineString", "coordinates": [[89.787702, 24.225694], [89.841397, 24.231875]]}}, {"type": "Feature", "properties": {"kind": "transect", "id": "E-75500", "bank": "E", "chainage_m": 75500}, "geometry": {"type": "LineString", "coordinates": [[89.7881, 24.223264], [89.841407, 24.231812]]}}, {"type": "Feature", "properties": {"kind": "transect", "id": "E-75700", "bank": "E", "chainage_m": 75700}, "geometry": {"type": "LineString", "coordinates": [[89.788629, 24.220844], [89.841414, 24.231778]]}}, {"type": "Feature", "properties": {"kind": "transect", "id": "E-75900", "bank": "E", "chainage_m": 75900}, "geometry": {"type": "LineString", "coordinates": [[89.789281, 24.218465], [89.841434, 24.231706]]}}, {"type": "Feature", "properties": {"kind": "transect", "id": "E-76100", "bank": "E", "chainage_m": 76100}, "geometry": {"type": "LineString", "coordinates": [[89.790043, 24.216151], [89.841488, 24.231544]]}}, {"type": "Feature", "properties": {"kind": "transect", "id": "E-76300", "bank": "E", "chainage_m": 76300}, "geometry": {"type": "LineString", "coordinates": [[89.790896, 24.213917], [89.841599, 24.231255]]}}, {"type": "Feature", "properties": {"kind": "transect", "id": "E-76500", "bank": "E", "chainage_m": 76500}, "geometry": {"type": "LineString", "coordinates": [[89.791819, 24.211773], [89.841788, 24.230819]]}}, {"type": "Feature", "properties": {"kind": "transect", "id": "E-76700", "bank": "E", "chainage_m": 76700}, "geometry": {"type": "LineString", "coordinates": [[89.792796, 24.209715], [89.842062, 24.230242]]}}, {"type": "Feature", "properties": {"kind": "transect", "id": "E-76900", "bank": "E", "chainage_m": 76900}, "geometry": {"type": "LineString", "coordinates": [[89.793816, 24.207736], [89.842427, 24.229537]]}}, {"type": "Feature", "properties": {"kind": "transect", "id": "E-77100", "bank": "E", "chainage_m": 77100}, "geometry": {"type": "LineString", "coordinates": [[89.794848, 24.205857], [89.84292, 24.228638]]}}, {"type": "Feature", "properties": {"kind": "transect", "id": "E-77300", "bank": "E", "chainage_m": 77300}, "geometry": {"type": "LineString", "coordinates": [[89.795889, 24.20405], [89.843514, 24.227608]]}}, {"type": "Feature", "properties": {"kind": "transect", "id": "E-77500", "bank": "E", "chainage_m": 77500}, "geometry": {"type": "LineString", "coordinates": [[89.796935, 24.202303], [89.844198, 24.226466]]}}, {"type": "Feature", "properties": {"kind": "transect", "id": "E-77700", "bank": "E", "chainage_m": 77700}, "geometry": {"type": "LineString", "coordinates": [[89.797981, 24.200606], [89.844959, 24.225231]]}}, {"type": "Feature", "properties": {"kind": "transect", "id": "E-77900", "bank": "E", "chainage_m": 77900}, "geometry": {"type": "LineString", "coordinates": [[89.799013, 24.198964], [89.84581, 24.223877]]}}, {"type": "Feature", "properties": {"kind": "transect", "id": "E-78100", "bank": "E", "chainage_m": 78100}, "geometry": {"type": "LineString", "coordinates": [[89.800037, 24.197356], [89.846717, 24.222452]]}}, {"type": "Feature", "properties": {"kind": "transect", "id": "E-78300", "bank": "E", "chainage_m": 78300}, "geometry": {"type": "LineString", "coordinates": [[89.801053, 24.195771], [89.847664, 24.220973]]}}, {"type": "Feature", "properties": {"kind": "transect", "id": "E-78500", "bank": "E", "chainage_m": 78500}, "geometry": {"type": "LineString", "coordinates": [[89.802061, 24.194206], [89.848644, 24.219451]]}}, {"type": "Feature", "properties": {"kind": "transect", "id": "E-78700", "bank": "E", "chainage_m": 78700}, "geometry": {"type": "LineString", "coordinates": [[89.803066, 24.192648], [89.849638, 24.217908]]}}, {"type": "Feature", "properties": {"kind": "transect", "id": "E-78900", "bank": "E", "chainage_m": 78900}, "geometry": {"type": "LineString", "coordinates": [[89.804071, 24.19109], [89.850631, 24.216368]]}}, {"type": "Feature", "properties": {"kind": "transect", "id": "E-79100", "bank": "E", "chainage_m": 79100}, "geometry": {"type": "LineString", "coordinates": [[89.805084, 24.189523], [89.851608, 24.214855]]}}, {"type": "Feature", "properties": {"kind": "transect", "id": "E-79300", "bank": "E", "chainage_m": 79300}, "geometry": {"type": "LineString", "coordinates": [[89.806109, 24.187942], [89.852562, 24.213384]]}}, {"type": "Feature", "properties": {"kind": "transect", "id": "E-79500", "bank": "E", "chainage_m": 79500}, "geometry": {"type": "LineString", "coordinates": [[89.807155, 24.186344], [89.853485, 24.211973]]}}, {"type": "Feature", "properties": {"kind": "transect", "id": "E-79700", "bank": "E", "chainage_m": 79700}, "geometry": {"type": "LineString", "coordinates": [[89.808234, 24.184716], [89.854354, 24.21066]]}}, {"type": "Feature", "properties": {"kind": "transect", "id": "E-79900", "bank": "E", "chainage_m": 79900}, "geometry": {"type": "LineString", "coordinates": [[89.809342, 24.183075], [89.855197, 24.209412]]}}, {"type": "Feature", "properties": {"kind": "transect", "id": "E-80100", "bank": "E", "chainage_m": 80100}, "geometry": {"type": "LineString", "coordinates": [[89.810487, 24.181419], [89.856006, 24.20824]]}}, {"type": "Feature", "properties": {"kind": "transect", "id": "E-80300", "bank": "E", "chainage_m": 80300}, "geometry": {"type": "LineString", "coordinates": [[89.81169, 24.17973], [89.856743, 24.207203]]}}, {"type": "Feature", "properties": {"kind": "transect", "id": "E-80500", "bank": "E", "chainage_m": 80500}, "geometry": {"type": "LineString", "coordinates": [[89.812923, 24.178057], [89.857496, 24.206182]]}}, {"type": "Feature", "properties": {"kind": "transect", "id": "E-80700", "bank": "E", "chainage_m": 80700}, "geometry": {"type": "LineString", "coordinates": [[89.814204, 24.176381], [89.858219, 24.205234]]}}, {"type": "Feature", "properties": {"kind": "transect", "id": "E-80900", "bank": "E", "chainage_m": 80900}, "geometry": {"type": "LineString", "coordinates": [[89.815537, 24.174706], [89.858917, 24.204357]]}}, {"type": "Feature", "properties": {"kind": "transect", "id": "E-81100", "bank": "E", "chainage_m": 81100}, "geometry": {"type": "LineString", "coordinates": [[89.816888, 24.173074], [89.859678, 24.203438]]}}, {"type": "Feature", "properties": {"kind": "transect", "id": "E-81300", "bank": "E", "chainage_m": 81300}, "geometry": {"type": "LineString", "coordinates": [[89.818305, 24.171432], [89.860374, 24.20263]]}}, {"type": "Feature", "properties": {"kind": "transect", "id": "E-81500", "bank": "E", "chainage_m": 81500}, "geometry": {"type": "LineString", "coordinates": [[89.819714, 24.169861], [89.8612, 24.20171]]}}, {"type": "Feature", "properties": {"kind": "transect", "id": "E-81700", "bank": "E", "chainage_m": 81700}, "geometry": {"type": "LineString", "coordinates": [[89.82118, 24.168286], [89.861975, 24.200877]]}}, {"type": "Feature", "properties": {"kind": "transect", "id": "E-81900", "bank": "E", "chainage_m": 81900}, "geometry": {"type": "LineString", "coordinates": [[89.822629, 24.166783], [89.862887, 24.199931]]}}, {"type": "Feature", "properties": {"kind": "transect", "id": "E-82100", "bank": "E", "chainage_m": 82100}, "geometry": {"type": "LineString", "coordinates": [[89.824124, 24.165282], [89.863765, 24.199049]]}}, {"type": "Feature", "properties": {"kind": "transect", "id": "E-82300", "bank": "E", "chainage_m": 82300}, "geometry": {"type": "LineString", "coordinates": [[89.825599, 24.163843], [89.864773, 24.198065]]}}, {"type": "Feature", "properties": {"kind": "transect", "id": "E-82500", "bank": "E", "chainage_m": 82500}, "geometry": {"type": "LineString", "coordinates": [[89.827094, 24.162422], [89.865796, 24.197094]]}}, {"type": "Feature", "properties": {"kind": "transect", "id": "E-82700", "bank": "E", "chainage_m": 82700}, "geometry": {"type": "LineString", "coordinates": [[89.828584, 24.161037], [89.866887, 24.196078]]}}, {"type": "Feature", "properties": {"kind": "transect", "id": "E-82900", "bank": "E", "chainage_m": 82900}, "geometry": {"type": "LineString", "coordinates": [[89.830065, 24.159687], [89.868054, 24.195015]]}}, {"type": "Feature", "properties": {"kind": "transect", "id": "E-83100", "bank": "E", "chainage_m": 83100}, "geometry": {"type": "LineString", "coordinates": [[89.831557, 24.158348], [89.869232, 24.193958]]}}, {"type": "Feature", "properties": {"kind": "transect", "id": "E-83300", "bank": "E", "chainage_m": 83300}, "geometry": {"type": "LineString", "coordinates": [[89.833027, 24.157046], [89.8705, 24.192834]]}}, {"type": "Feature", "properties": {"kind": "transect", "id": "E-83500", "bank": "E", "chainage_m": 83500}, "geometry": {"type": "LineString", "coordinates": [[89.834493, 24.155761], [89.871805, 24.191689]]}}, {"type": "Feature", "properties": {"kind": "transect", "id": "E-83700", "bank": "E", "chainage_m": 83700}, "geometry": {"type": "LineString", "coordinates": [[89.835951, 24.154491], [89.873146, 24.190521]]}}, {"type": "Feature", "properties": {"kind": "transect", "id": "E-83900", "bank": "E", "chainage_m": 83900}, "geometry": {"type": "LineString", "coordinates": [[89.837394, 24.153239], [89.874539, 24.189312]]}}, {"type": "Feature", "properties": {"kind": "transect", "id": "E-84100", "bank": "E", "chainage_m": 84100}, "geometry": {"type": "LineString", "coordinates": [[89.838825, 24.151999], [89.875965, 24.188077]]}}, {"type": "Feature", "properties": {"kind": "transect", "id": "E-84300", "bank": "E", "chainage_m": 84300}, "geometry": {"type": "LineString", "coordinates": [[89.840242, 24.15077], [89.877428, 24.186808]]}}, {"type": "Feature", "properties": {"kind": "transect", "id": "E-84500", "bank": "E", "chainage_m": 84500}, "geometry": {"type": "LineString", "coordinates": [[89.841647, 24.149548], [89.878915, 24.185514]]}}, {"type": "Feature", "properties": {"kind": "transect", "id": "E-84700", "bank": "E", "chainage_m": 84700}, "geometry": {"type": "LineString", "coordinates": [[89.843035, 24.148334], [89.880432, 24.184185]]}}, {"type": "Feature", "properties": {"kind": "transect", "id": "E-84900", "bank": "E", "chainage_m": 84900}, "geometry": {"type": "LineString", "coordinates": [[89.844405, 24.147126], [89.881978, 24.182823]]}}, {"type": "Feature", "properties": {"kind": "transect", "id": "E-85100", "bank": "E", "chainage_m": 85100}, "geometry": {"type": "LineString", "coordinates": [[89.845766, 24.145915], [89.883525, 24.181445]]}}, {"type": "Feature", "properties": {"kind": "transect", "id": "E-85300", "bank": "E", "chainage_m": 85300}, "geometry": {"type": "LineString", "coordinates": [[89.847103, 24.144711], [89.885107, 24.18002]]}}, {"type": "Feature", "properties": {"kind": "transect", "id": "E-85500", "bank": "E", "chainage_m": 85500}, "geometry": {"type": "LineString", "coordinates": [[89.848428, 24.143504], [89.886689, 24.178578]]}}, {"type": "Feature", "properties": {"kind": "transect", "id": "E-85700", "bank": "E", "chainage_m": 85700}, "geometry": {"type": "LineString", "coordinates": [[89.849742, 24.142288], [89.888264, 24.177121]]}}, {"type": "Feature", "properties": {"kind": "transect", "id": "E-85900", "bank": "E", "chainage_m": 85900}, "geometry": {"type": "LineString", "coordinates": [[89.851028, 24.141081], [89.889875, 24.175608]]}}, {"type": "Feature", "properties": {"kind": "transect", "id": "E-86100", "bank": "E", "chainage_m": 86100}, "geometry": {"type": "LineString", "coordinates": [[89.852315, 24.139853], [89.89144, 24.174115]]}}, {"type": "Feature", "properties": {"kind": "transect", "id": "E-86300", "bank": "E", "chainage_m": 86300}, "geometry": {"type": "LineString", "coordinates": [[89.853579, 24.138627], [89.893025, 24.172577]]}}, {"type": "Feature", "properties": {"kind": "transect", "id": "E-86500", "bank": "E", "chainage_m": 86500}, "geometry": {"type": "LineString", "coordinates": [[89.85484, 24.137386], [89.894578, 24.171046]]}}, {"type": "Feature", "properties": {"kind": "transect", "id": "E-86700", "bank": "E", "chainage_m": 86700}, "geometry": {"type": "LineString", "coordinates": [[89.85609, 24.136132], [89.896111, 24.169509]]}}, {"type": "Feature", "properties": {"kind": "transect", "id": "E-86900", "bank": "E", "chainage_m": 86900}, "geometry": {"type": "LineString", "coordinates": [[89.857334, 24.134868], [89.897627, 24.167967]]}}, {"type": "Feature", "properties": {"kind": "transect", "id": "E-87100", "bank": "E", "chainage_m": 87100}, "geometry": {"type": "LineString", "coordinates": [[89.85858, 24.133582], [89.899095, 24.166452]]}}, {"type": "Feature", "properties": {"kind": "transect", "id": "E-87300", "bank": "E", "chainage_m": 87300}, "geometry": {"type": "LineString", "coordinates": [[89.859821, 24.132286], [89.900545, 24.164938]]}}, {"type": "Feature", "properties": {"kind": "transect", "id": "E-87500", "bank": "E", "chainage_m": 87500}, "geometry": {"type": "LineString", "coordinates": [[89.861073, 24.130966], [89.901939, 24.163467]]}}, {"type": "Feature", "properties": {"kind": "transect", "id": "E-87700", "bank": "E", "chainage_m": 87700}, "geometry": {"type": "LineString", "coordinates": [[89.862328, 24.129633], [89.903307, 24.162014]]}}, {"type": "Feature", "properties": {"kind": "transect", "id": "E-87900", "bank": "E", "chainage_m": 87900}, "geometry": {"type": "LineString", "coordinates": [[89.863596, 24.128279], [89.904625, 24.160606]]}}, {"type": "Feature", "properties": {"kind": "transect", "id": "E-88100", "bank": "E", "chainage_m": 88100}, "geometry": {"type": "LineString", "coordinates": [[89.864874, 24.126912], [89.905911, 24.15923]]}}, {"type": "Feature", "properties": {"kind": "transect", "id": "E-88300", "bank": "E", "chainage_m": 88300}, "geometry": {"type": "LineString", "coordinates": [[89.866165, 24.125534], [89.907168, 24.157887]]}}, {"type": "Feature", "properties": {"kind": "transect", "id": "E-88500", "bank": "E", "chainage_m": 88500}, "geometry": {"type": "LineString", "coordinates": [[89.86747, 24.124144], [89.908394, 24.156581]]}}, {"type": "Feature", "properties": {"kind": "transect", "id": "E-88700", "bank": "E", "chainage_m": 88700}, "geometry": {"type": "LineString", "coordinates": [[89.868781, 24.122755], [89.909618, 24.155284]]}}, {"type": "Feature", "properties": {"kind": "transect", "id": "E-88900", "bank": "E", "chainage_m": 88900}, "geometry": {"type": "LineString", "coordinates": [[89.870106, 24.121359], [89.910821, 24.154016]]}}, {"type": "Feature", "properties": {"kind": "transect", "id": "E-89100", "bank": "E", "chainage_m": 89100}, "geometry": {"type": "LineString", "coordinates": [[89.871427, 24.119976], [89.912049, 24.15273]]}}, {"type": "Feature", "properties": {"kind": "transect", "id": "E-89300", "bank": "E", "chainage_m": 89300}, "geometry": {"type": "LineString", "coordinates": [[89.872752, 24.118596], [89.913283, 24.151444]]}}, {"type": "Feature", "properties": {"kind": "transect", "id": "E-89500", "bank": "E", "chainage_m": 89500}, "geometry": {"type": "LineString", "coordinates": [[89.874065, 24.117233], [89.914556, 24.150123]]}}, {"type": "Feature", "properties": {"kind": "transect", "id": "E-89700", "bank": "E", "chainage_m": 89700}, "geometry": {"type": "LineString", "coordinates": [[89.875365, 24.115887], [89.91587, 24.14876]]}}, {"type": "Feature", "properties": {"kind": "transect", "id": "E-89900", "bank": "E", "chainage_m": 89900}, "geometry": {"type": "LineString", "coordinates": [[89.876644, 24.114557], [89.917232, 24.147344]]}}, {"type": "Feature", "properties": {"kind": "transect", "id": "E-90100", "bank": "E", "chainage_m": 90100}, "geometry": {"type": "LineString", "coordinates": [[89.877887, 24.113254], [89.918665, 24.145842]]}}, {"type": "Feature", "properties": {"kind": "transect", "id": "E-90300", "bank": "E", "chainage_m": 90300}, "geometry": {"type": "LineString", "coordinates": [[89.879098, 24.111971], [89.920155, 24.144262]]}}, {"type": "Feature", "properties": {"kind": "transect", "id": "E-90500", "bank": "E", "chainage_m": 90500}, "geometry": {"type": "LineString", "coordinates": [[89.880251, 24.110721], [89.921739, 24.142544]]}}, {"type": "Feature", "properties": {"kind": "transect", "id": "E-90700", "bank": "E", "chainage_m": 90700}, "geometry": {"type": "LineString", "coordinates": [[89.881355, 24.109492], [89.923379, 24.140716]]}}, {"type": "Feature", "properties": {"kind": "transect", "id": "E-90900", "bank": "E", "chainage_m": 90900}, "geometry": {"type": "LineString", "coordinates": [[89.882372, 24.108313], [89.925142, 24.138672]]}}, {"type": "Feature", "properties": {"kind": "transect", "id": "E-91100", "bank": "E", "chainage_m": 91100}, "geometry": {"type": "LineString", "coordinates": [[89.883335, 24.107143], [89.926916, 24.136513]]}}, {"type": "Feature", "properties": {"kind": "transect", "id": "E-91300", "bank": "E", "chainage_m": 91300}, "geometry": {"type": "LineString", "coordinates": [[89.884161, 24.106073], [89.928879, 24.133966]]}}, {"type": "Feature", "properties": {"kind": "transect", "id": "E-91500", "bank": "E", "chainage_m": 91500}, "geometry": {"type": "LineString", "coordinates": [[89.884922, 24.105005], [89.93079, 24.131275]]}}, {"type": "Feature", "properties": {"kind": "transect", "id": "E-91700", "bank": "E", "chainage_m": 91700}, "geometry": {"type": "LineString", "coordinates": [[89.885572, 24.104], [89.932733, 24.128265]]}}, {"type": "Feature", "properties": {"kind": "transect", "id": "E-91900", "bank": "E", "chainage_m": 91900}, "geometry": {"type": "LineString", "coordinates": [[89.886078, 24.103116], [89.934728, 24.12476]]}}, {"type": "Feature", "properties": {"kind": "transect", "id": "E-92100", "bank": "E", "chainage_m": 92100}, "geometry": {"type": "LineString", "coordinates": [[89.886497, 24.102257], [89.93655, 24.121011]]}}, {"type": "Feature", "properties": {"kind": "transect", "id": "E-92300", "bank": "E", "chainage_m": 92300}, "geometry": {"type": "LineString", "coordinates": [[89.88682, 24.101455], [89.93818, 24.116946]]}}, {"type": "Feature", "properties": {"kind": "transect", "id": "E-92500", "bank": "E", "chainage_m": 92500}, "geometry": {"type": "LineString", "coordinates": [[89.887106, 24.100529], [89.939415, 24.113058]]}}]}