{
"type": "FeatureCollection",
"name": "transects",
"crs": { "type": "name", "properties": { "name": "urn:ogc:def:crs:EPSG::32645" } },
"features": [
{ "type": "Feature", "properties": { "transect_id": "W-05300", "bank": "W", "chainage_m": 5300.0, "x0": 762424.81849704322, "y0": 2745459.8821846787, "nx": -0.92711825892487576, "ny": -0.37476890741910163, "lon": 89.595854, "lat": 24.80147, "near_bridge": false }, "geometry": { "type": "LineString", "coordinates": [ [ 763815.495885430485941, 2746022.0355458073318 ], [ 758716.345461343764327, 2743960.806555002462119 ] ] } },
{ "type": "Feature", "properties": { "transect_id": "W-05500", "bank": "W", "chainage_m": 5500.0, "x0": 762501.76779392315, "y0": 2745275.2838264946, "nx": -0.9190191233803624, "ny": -0.39421295115862215, "lon": 89.59658, "lat": 24.799791, "near_bridge": false }, "geometry": { "type": "LineString", "coordinates": [ [ 763880.296478993725032, 2745866.603253232315183 ], [ 758825.691300401696935, 2743698.432021860033274 ] ] } },
{ "type": "Feature", "properties": { "transect_id": "W-05700", "bank": "W", "chainage_m": 5700.0, "x0": 762582.38285966765, "y0": 2745092.2557529449, "nx": -0.91148402489260849, "ny": -0.41133547423674832, "lon": 89.597342, "lat": 24.798126, "near_bridge": false }, "geometry": { "type": "LineString", "coordinates": [ [ 763949.60889700660482, 2745709.25896430015564 ], [ 758936.446760097169317, 2743446.913855997845531 ] ] } },
{ "type": "Feature", "properties": { "transect_id": "W-05900", "bank": "W", "chainage_m": 5900.0, "x0": 762666.16777969047, "y0": 2744910.6551355044, "nx": -0.9047967695204745, "ny": -0.42584364016069731, "lon": 89.598136, "lat": 24.796473, "near_bridge": false }, "geometry": { "type": "LineString", "coordinates": [ [ 764023.362933971220627, 2745549.420595745556056 ], [ 759046.980701608583331, 2743207.280574861448258 ] ] } },
{ "type": "Feature", "properties": { "transect_id": "W-06100", "bank": "W", "chainage_m": 6100.0, "x0": 762752.57670467824, "y0": 2744730.2863730262, "nx": -0.89913547425880547, "ny": -0.43767042272627132, "lon": 89.598956, "lat": 24.794831, "near_bridge": false }, "geometry": { "type": "LineString", "coordinates": [ [ 764101.279916066443548, 2745386.792007115669549 ], [ 759156.034807643038221, 2742979.604682120960206 ] ] } },
{ "type": "Feature", "properties": { "transect_id": "W-06300", "bank": "W", "chainage_m": 6300.0, "x0": 762841.09478582651, "y0": 2744550.9423694401, "nx": -0.89478675751948844, "ny": -0.44649373855381241, "lon": 89.599797, "lat": 24.793198, "near_bridge": false }, "geometry": { "type": "LineString", "coordinates": [ [ 764183.274922105716541, 2745220.68297727080062 ], [ 759261.947755748522468, 2742764.967415224760771 ] ] } },
{ "type": "Feature", "properties": { "transect_id": "W-06500", "bank": "W", "chainage_m": 6500.0, "x0": 762930.9864418119, "y0": 2744372.2825871506, "nx": -0.89220401150398831, "ny": -0.4516325960957549, "lon": 89.600652, "lat": 24.79157, "near_bridge": false }, "geometry": { "type": "LineString", "coordinates": [ [ 764269.292459067888558, 2745049.73148129414767 ], [ 759362.170395795954391, 2742565.75220276741311 ] ] } },
{ "type": "Feature", "properties": { "transect_id": "W-06700", "bank": "W", "chainage_m": 6700.0, "x0": 763021.58827261662, "y0": 2744193.9815022135, "nx": -0.8912128080548658, "ny": -0.45358541726885465, "lon": 89.601514, "lat": 24.789946, "near_bridge": false }, "geometry": { "type": "LineString", "coordinates": [ [ 764358.407484698924236, 2744874.359628116711974 ], [ 759456.737040397129022, 2742379.63983313832432 ] ] } },
{ "type": "Feature", "properties": { "transect_id": "W-06900", "bank": "W", "chainage_m": 6900.0, "x0": 763112.25963718304, "y0": 2744015.7157243746, "nx": -0.89185484774998114, "ny": -0.45232171133481747, "lon": 89.602377, "lat": 24.788322, "near_bridge": false }, "geometry": { "type": "LineString", "coordinates": [ [ 764450.04190880805254, 2744694.198291376698762 ], [ 759544.840246183099225, 2742206.428879035171121 ] ] } },
{ "type": "Feature", "properties": { "transect_id": "W-07100", "bank": "W", "chainage_m": 7100.0, "x0": 763202.34781846008, "y0": 2743837.1547048478, "nx": -0.8942802056952357, "ny": -0.44750744541480741, "lon": 89.603233, "lat": 24.786696, "near_bridge": false }, "geometry": { "type": "LineString", "coordinates": [ [ 764543.768127002986148, 2744508.415872970130295 ], [ 759625.226995679084212, 2742047.124923188704997 ] ] } },
{ "type": "Feature", "properties": { "transect_id": "W-07300", "bank": "W", "chainage_m": 7300.0, "x0": 763291.08492679161, "y0": 2743657.9189847843, "nx": -0.89838989062675323, "ny": -0.43919882105903962, "lon": 89.604076, "lat": 24.785064, "near_bridge": false }, "geometry": { "type": "LineString", "coordinates": [ [ 764638.669762731762603, 2744316.71721637295559 ], [ 759697.525364284636453, 2741901.123700547963381 ] ] } },
{ "type": "Feature", "properties": { "transect_id": "W-07500", "bank": "W", "chainage_m": 7500.0, "x0": 763377.86978523433, "y0": 2743477.7313311207, "nx": -0.90383034762136505, "ny": -0.42789099396767227, "lon": 89.6049, "lat": 24.783423, "near_bridge": false }, "geometry": { "type": "LineString", "coordinates": [ [ 764733.615306666353717, 2744119.567822072189301 ], [ 759762.548394748824649, 2741766.167355250101537 ] ] } },
{ "type": "Feature", "properties": { "transect_id": "W-07700", "bank": "W", "chainage_m": 7700.0, "x0": 763462.0893567024, "y0": 2743296.332121491, "nx": -0.91046001521829334, "ny": -0.41359709946843826, "lon": 89.605698, "lat": 24.781772, "near_bridge": false }, "geometry": { "type": "LineString", "coordinates": [ [ 764827.779379529878497, 2743916.727770693600178 ], [ 759820.249295829213224, 2741641.943723617121577 ] ] } },
{ "type": "Feature", "properties": { "transect_id": "W-07900", "bank": "W", "chainage_m": 7900.0, "x0": 763543.16789601557, "y0": 2743113.508351136, "nx": -0.91800837650983835, "ny": -0.39656099235523767, "lon": 89.606465, "lat": 24.780109, "near_bridge": false }, "geometry": { "type": "LineString", "coordinates": [ [ 764920.180460780276917, 2743708.349839668720961 ], [ 759871.134389976272359, 2741527.264381715096533 ] ] } },
{ "type": "Feature", "properties": { "transect_id": "W-08100", "bank": "W", "chainage_m": 8100.0, "x0": 763620.59189114172, "y0": 2742929.1068385341, "nx": -0.92617812288590995, "ny": -0.37708630933452386, "lon": 89.607195, "lat": 24.778432, "near_bridge": false }, "geometry": { "type": "LineString", "coordinates": [ [ 765009.859075470594689, 2743494.73630253598094 ], [ 759915.879399598110467, 2741420.761601196136326 ] ] } },
{ "type": "Feature", "properties": { "transect_id": "W-08300", "bank": "W", "chainage_m": 8300.0, "x0": 763693.83973776491, "y0": 2742743.0067755561, "nx": -0.93481302049061932, "ny": -0.35514027752594463, "lon": 89.607884, "lat": 24.77674, "near_bridge": false }, "geometry": { "type": "LineString", "coordinates": [ [ 765096.05926850088872, 2743275.717191845178604 ], [ 759954.587655802373774, 2741322.445665452163666 ] ] } },
{ "type": "Feature", "properties": { "transect_id": "W-08500", "bank": "W", "chainage_m": 8500.0, "x0": 763762.66817875521, "y0": 2742555.2287412109, "nx": -0.94291599215995081, "ny": -0.33303067685877785, "lon": 89.608529, "lat": 24.775034, "near_bridge": false }, "geometry": { "type": "LineString", "coordinates": [ [ 765177.042166995117441, 2743054.774756499100477 ], [ 759991.004210115410388, 2741223.106033775955439 ] ] } },
{ "type": "Feature", "properties": { "transect_id": "W-08700", "bank": "W", "chainage_m": 8700.0, "x0": 763827.04396415909, "y0": 2742365.879248824, "nx": -0.95046095303366329, "ny": -0.31084397494296157, "lon": 89.609129, "lat": 24.773315, "near_bridge": false }, "geometry": { "type": "LineString", "coordinates": [ [ 765252.73539370961953, 2742832.145211238414049 ], [ 760025.200152024393901, 2741122.503349052276462 ] ] } },
{ "type": "Feature", "properties": { "transect_id": "W-08900", "bank": "W", "chainage_m": 8900.0, "x0": 763887.04588244809, "y0": 2742175.0986332255, "nx": -0.95716646460469601, "ny": -0.28953818234586504, "lon": 89.609686, "lat": 24.771583, "near_bridge": false }, "geometry": { "type": "LineString", "coordinates": [ [ 765322.795579355093651, 2742609.405906744301319 ], [ 760058.380024029291235, 2741016.945903841871768 ] ] } },
{ "type": "Feature", "properties": { "transect_id": "W-09100", "bank": "W", "chainage_m": 9100.0, "x0": 763942.94865419855, "y0": 2741983.0758943432, "nx": -0.96283725026823652, "ny": -0.27008226431200788, "lon": 89.610202, "lat": 24.769841, "near_bridge": false }, "geometry": { "type": "LineString", "coordinates": [ [ 765387.20452960091643, 2742388.199290811084211 ], [ 760091.599653125624172, 2740902.746837095357478 ] ] } },
{ "type": "Feature", "properties": { "transect_id": "W-09300", "bank": "W", "chainage_m": 9300.0, "x0": 763995.21283811249, "y0": 2741790.0295533594, "nx": -0.96737557684508846, "ny": -0.25334658735343635, "lon": 89.610682, "lat": 24.76809, "near_bridge": false }, "geometry": { "type": "LineString", "coordinates": [ [ 765446.276203380082734, 2742170.049434389453381 ], [ 760125.710530732176267, 2740776.643203945830464 ] ] } },
{ "type": "Feature", "properties": { "transect_id": "W-09500", "bank": "W", "chainage_m": 9500.0, "x0": 764044.45699496462, "y0": 2741596.1892665462, "nx": -0.97076736367089178, "ny": -0.24002234402543959, "lon": 89.611132, "lat": 24.766333, "near_bridge": false }, "geometry": { "type": "LineString", "coordinates": [ [ 765500.608040470979176, 2741956.222782584372908 ], [ 760161.38754028105177, 2740636.099890444427729 ] ] } },
{ "type": "Feature", "properties": { "transect_id": "W-09700", "bank": "W", "chainage_m": 9700.0, "x0": 764091.4146134957, "y0": 2741401.7811265141, "nx": -0.97305953609033513, "ny": -0.23055398331770768, "lon": 89.611559, "lat": 24.764571, "near_bridge": false }, "geometry": { "type": "LineString", "coordinates": [ [ 765551.003917631227523, 2741747.612101490609348 ], [ 760199.176469134399667, 2740479.565193243324757 ] ] } },
{ "type": "Feature", "properties": { "transect_id": "W-09900", "bank": "W", "chainage_m": 9900.0, "x0": 764136.87990527577, "y0": 2741207.017765007, "nx": -0.97433584056360922, "ny": -0.22509924431948902, "lon": 89.611972, "lat": 24.762806, "near_bridge": false }, "geometry": { "type": "LineString", "coordinates": [ [ 765598.383666121168062, 2741544.666631486266851 ], [ 760239.536543021327816, 2740306.620787729043514 ] ] } },
{ "type": "Feature", "properties": { "transect_id": "W-10100", "bank": "W", "chainage_m": 10100.0, "x0": 764181.64908096916, "y0": 2741012.0928812982, "nx": -0.97469838662084785, "ny": -0.22352417121805074, "lon": 89.612377, "lat": 24.76104, "near_bridge": false }, "geometry": { "type": "LineString", "coordinates": [ [ 765643.696660900488496, 2741347.379138125106692 ], [ 760282.855534485774115, 2740117.996196425985545 ] ] } },
{ "type": "Feature", "properties": { "transect_id": "W-10300", "bank": "W", "chainage_m": 10300.0, "x0": 764226.46466556471, "y0": 2740817.178689925, "nx": -0.9742572595474599, "ny": -0.22543910978149595, "lon": 89.612783, "lat": 24.759273, "near_bridge": false }, "geometry": { "type": "LineString", "coordinates": [ [ 765687.850554885924794, 2741155.337354597169906 ], [ 760329.435627374914475, 2739915.422250798903406 ] ] } },
{ "type": "Feature", "properties": { "transect_id": "W-10500", "bank": "W", "chainage_m": 10500.0, "x0": 764271.96967870649, "y0": 2740622.4245026563, "nx": -0.97313247237479683, "ny": -0.23024593635874455, "lon": 89.613196, "lat": 24.757509, "near_bridge": false }, "geometry": { "type": "LineString", "coordinates": [ [ 765731.668387268669903, 2740967.793407194316387 ], [ 760379.439789207302965, 2739701.440757221542299 ] ] } },
{ "type": "Feature", "properties": { "transect_id": "W-10700", "bank": "W", "chainage_m": 10700.0, "x0": 764318.6703490488, "y0": 2740427.9537584097, "nx": -0.97146138726849551, "ny": -0.23719775093025319, "lon": 89.613621, "lat": 24.755746, "near_bridge": false }, "geometry": { "type": "LineString", "coordinates": [ [ 765775.862429951550439, 2740783.750384805258363 ], [ 760432.824799974798225, 2739479.162754688877612 ] ] } },
{ "type": "Feature", "properties": { "transect_id": "W-10900", "bank": "W", "chainage_m": 10900.0, "x0": 764366.91542779037, "y0": 2740233.8604647866, "nx": -0.96938787026735074, "ny": -0.24553443135033054, "lon": 89.614061, "lat": 24.753987, "near_bridge": false }, "geometry": { "type": "LineString", "coordinates": [ [ 765820.997233191388659, 2740602.162111812271178 ], [ 760489.363946720957756, 2739251.722739385440946 ] ] } },
{ "type": "Feature", "properties": { "transect_id": "W-11100", "bank": "W", "chainage_m": 11100.0, "x0": 764416.91635867383, "y0": 2740040.2121176473, "nx": -0.96708219190837952, "ny": -0.25446420984823009, "lon": 89.614518, "lat": 24.752231, "near_bridge": false }, "geometry": { "type": "LineString", "coordinates": [ [ 765867.539646536344662, 2740421.908432419411838 ], [ 760548.587591040297411, 2739022.35527825448662 ] ] } },
{ "type": "Feature", "properties": { "transect_id": "W-11300", "bank": "W", "chainage_m": 11300.0, "x0": 764468.68303713528, "y0": 2739847.0283869328, "nx": -0.96477982395423523, "ny": -0.26305872213411702, "lon": 89.614993, "lat": 24.750479, "near_bridge": false }, "geometry": { "type": "LineString", "coordinates": [ [ 765915.852773066610098, 2740241.616470133885741 ], [ 760609.563741318299435, 2738794.793498396407813 ] ] } },
{ "type": "Feature", "properties": { "transect_id": "W-11500", "bank": "W", "chainage_m": 11500.0, "x0": 764522.09448054642, "y0": 2739654.2929007164, "nx": -0.96264421056907223, "ny": -0.27076950319016319, "lon": 89.615485, "lat": 24.748731, "near_bridge": false }, "geometry": { "type": "LineString", "coordinates": [ [ 765966.060796400066465, 2740060.447155501693487 ], [ 760671.517638270161115, 2738571.214887955691665 ] ] } },
{ "type": "Feature", "properties": { "transect_id": "W-11700", "bank": "W", "chainage_m": 11700.0, "x0": 764576.92330257071, "y0": 2739461.9556903015, "nx": -0.9608321844505493, "ny": -0.27713085956635275, "lon": 89.61599, "lat": 24.746986, "near_bridge": false }, "geometry": { "type": "LineString", "coordinates": [ [ 766018.171579246525653, 2739877.651979650836438 ], [ 760733.594564768485725, 2738353.432252035941929 ] ] } },
{ "type": "Feature", "properties": { "transect_id": "W-11900", "bank": "W", "chainage_m": 11900.0, "x0": 764632.85958449123, "y0": 2739269.9374220725, "nx": -0.95948198890357594, "ny": -0.28176996463363208, "lon": 89.616506, "lat": 24.745244, "near_bridge": false }, "geometry": { "type": "LineString", "coordinates": [ [ 766072.082567846635357, 2739692.592369022779167 ], [ 760794.931628876947798, 2738142.857563538011163 ] ] } },
{ "type": "Feature", "properties": { "transect_id": "W-12100", "bank": "W", "chainage_m": 12100.0, "x0": 764689.53468037944, "y0": 2739078.1357273129, "nx": -0.95868095041471335, "ny": -0.28448345349412135, "lon": 89.61703, "lat": 24.743504, "near_bridge": false }, "geometry": { "type": "LineString", "coordinates": [ [ 766127.556106001487933, 2739504.860907554160804 ], [ 760854.810878720600158, 2737940.201913336291909 ] ] } },
{ "type": "Feature", "properties": { "transect_id": "W-12300", "bank": "W", "chainage_m": 12300.0, "x0": 764746.55204362562, "y0": 2738886.4353972338, "nx": -0.95847100217859926, "ny": -0.28519000330087207, "lon": 89.617557, "lat": 24.741765, "near_bridge": false }, "geometry": { "type": "LineString", "coordinates": [ [ 766184.25854689348489, 2739314.220402185339481 ], [ 760912.668034911272116, 2737745.675384030211717 ] ] } },
{ "type": "Feature", "properties": { "transect_id": "W-12500", "bank": "W", "chainage_m": 12500.0, "x0": 764803.51256810606, "y0": 2738694.7181874327, "nx": -0.95884368107625406, "ny": -0.28393449114212732, "lon": 89.618083, "lat": 24.740025, "near_bridge": false }, "geometry": { "type": "LineString", "coordinates": [ [ 766241.77808972040657, 2739120.619924145750701 ], [ 760968.137843801057898, 2737558.980222864076495 ] ] } },
{ "type": "Feature", "properties": { "transect_id": "W-12700", "bank": "W", "chainage_m": 12700.0, "x0": 764860.0320483509, "y0": 2738502.8706118208, "nx": -0.95976215413219024, "ny": -0.28081418677755199, "lon": 89.618605, "lat": 24.738285, "near_bridge": false }, "geometry": { "type": "LineString", "coordinates": [ [ 766299.675279549206607, 2738924.091891987249255 ], [ 761020.983431822154671, 2737379.613864710554481 ] ] } },
{ "type": "Feature", "properties": { "transect_id": "W-12900", "bank": "W", "chainage_m": 12900.0, "x0": 764915.75427950104, "y0": 2738310.7901283177, "nx": -0.96114961320475811, "ny": -0.27602793524631475, "lon": 89.61912, "lat": 24.736542, "near_bridge": false }, "geometry": { "type": "LineString", "coordinates": [ [ 766357.478699308121577, 2738724.832031187135726 ], [ 761071.155826681992039, 2737206.678387332241982 ] ] } },
{ "type": "Feature", "properties": { "transect_id": "W-13100", "bank": "W", "chainage_m": 13100.0, "x0": 764970.37723397906, "y0": 2738118.3942878144, "nx": -0.96288555087960792, "ny": -0.26991001446273538, "lon": 89.619623, "lat": 24.734797, "near_bridge": false }, "geometry": { "type": "LineString", "coordinates": [ [ 766414.70556029852014, 2738523.259309508372098 ], [ 761118.83503046061378, 2737038.754229963291436 ] ] } },
{ "type": "Feature", "properties": { "transect_id": "W-13300", "bank": "W", "chainage_m": 13300.0, "x0": 765023.66786319204, "y0": 2737925.6252297903, "nx": -0.96485097832710909, "ny": -0.26279762103417192, "lon": 89.620113, "lat": 24.733048, "near_bridge": false }, "geometry": { "type": "LineString", "coordinates": [ [ 766470.944330682745203, 2738319.821661341469735 ], [ 761164.263949883636087, 2736874.434745653532445 ] ] } },
{ "type": "Feature", "properties": { "transect_id": "W-13500", "bank": "W", "chainage_m": 13500.0, "x0": 765075.46442325588, "y0": 2737732.4493364608, "nx": -0.96692884620908959, "ny": -0.25504628279737562, "lon": 89.620588, "lat": 24.731297, "near_bridge": false }, "geometry": { "type": "LineString", "coordinates": [ [ 766525.857692569494247, 2738115.018760656937957 ], [ 761207.749038419569843, 2736712.26420527137816 ] ] } },
{ "type": "Feature", "properties": { "transect_id": "W-13700", "bank": "W", "chainage_m": 13700.0, "x0": 765125.66413747624, "y0": 2737538.8523154673, "nx": -0.96902377932748107, "ny": -0.24696743732299026, "lon": 89.621047, "lat": 24.729541, "near_bridge": false }, "geometry": { "type": "LineString", "coordinates": [ [ 766579.199806467513554, 2737909.303471451625228 ], [ 761249.569020166294649, 2736550.982566175516695 ] ] } },
{ "type": "Feature", "properties": { "transect_id": "W-13900", "bank": "W", "chainage_m": 13900.0, "x0": 765174.27310219861, "y0": 2737344.8498097542, "nx": -0.97096267768815758, "ny": -0.23923101499730931, "lon": 89.621491, "lat": 24.727783, "near_bridge": false }, "geometry": { "type": "LineString", "coordinates": [ [ 766630.717118730884977, 2737703.696332250256091 ], [ 761290.422391445958056, 2736387.92574976477772 ] ] } },
{ "type": "Feature", "properties": { "transect_id": "W-14100", "bank": "W", "chainage_m": 14100.0, "x0": 765221.38806212228, "y0": 2737150.4790680371, "nx": -0.97268527259518922, "ny": -0.23212789680782117, "lon": 89.621919, "lat": 24.726021, "near_bridge": false }, "geometry": { "type": "LineString", "coordinates": [ [ 766680.415971015114337, 2737498.670913248788565 ], [ 761330.646971741574816, 2736221.967480805702507 ] ] } },
{ "type": "Feature", "properties": { "transect_id": "W-14300", "bank": "W", "chainage_m": 14300.0, "x0": 765267.17442211288, "y0": 2736955.7909917948, "nx": -0.97412084568041502, "ny": -0.22602782574469243, "lon": 89.622335, "lat": 24.724257, "near_bridge": false }, "geometry": { "type": "LineString", "coordinates": [ [ 766728.355690633528866, 2737294.832730412017554 ], [ 761370.691039391211234, 2736051.679688815958798 ] ] } },
{ "type": "Feature", "properties": { "transect_id": "W-14500", "bank": "W", "chainage_m": 14500.0, "x0": 765311.86642803939, "y0": 2736760.8486508545, "nx": -0.97521248935220362, "ny": -0.22127042416798065, "lon": 89.622739, "lat": 24.72249, "near_bridge": false }, "geometry": { "type": "LineString", "coordinates": [ [ 766774.685162067646161, 2737092.754287106450647 ], [ 761411.016470630536787, 2735875.766954182647169 ] ] } },
{ "type": "Feature", "properties": { "transect_id": "W-14700", "bank": "W", "chainage_m": 14700.0, "x0": 765355.7642918413, "y0": 2736565.7258005454, "nx": -0.97591551791478137, "ny": -0.21814880676529988, "lon": 89.623136, "lat": 24.720722, "near_bridge": false }, "geometry": { "type": "LineString", "coordinates": [ [ 766819.637568713515066, 2736892.949010693468153 ], [ 761452.102220182190649, 2735693.130573484115303 ] ] } },
{ "type": "Feature", "properties": { "transect_id": "W-14900", "bank": "W", "chainage_m": 14900.0, "x0": 765399.2201618806, "y0": 2736370.5039326577, "nx": -0.9761925532588378, "ny": -0.21690573750362432, "lon": 89.623528, "lat": 24.718953, "near_bridge": false }, "geometry": { "type": "LineString", "coordinates": [ [ 766863.508991768816486, 2736695.862538913264871 ], [ 761494.449948845198378, 2735502.880982642993331 ] ] } },
{ "type": "Feature", "properties": { "transect_id": "W-15100", "bank": "W", "chainage_m": 15100.0, "x0": 765442.62940641097, "y0": 2736175.2716764347, "nx": -0.97601215558097032, "ny": -0.21771603560185454, "lon": 89.62392, "lat": 24.717184, "near_bridge": false }, "geometry": { "type": "LineString", "coordinates": [ [ 766906.647639782400802, 2736501.845729837659746 ], [ 761538.580784087069333, 2735304.407534027472138 ] ] } },
{ "type": "Feature", "properties": { "transect_id": "W-15300", "bank": "W", "chainage_m": 15300.0, "x0": 765486.41496044863, "y0": 2735980.1235821545, "nx": -0.97534418030505821, "ny": -0.22068921574253259, "lon": 89.624315, "lat": 24.715416, "near_bridge": false }, "geometry": { "type": "LineString", "coordinates": [ [ 766949.431230906164274, 2736311.15740576852113 ], [ 761585.038239228422754, 2735097.366719184443355 ] ] } },
{ "type": "Feature", "properties": { "transect_id": "W-15500", "bank": "W", "chainage_m": 15500.0, "x0": 765531.01505227131, "y0": 2735785.1602846766, "nx": -0.97415984220002616, "ny": -0.22585969504278547, "lon": 89.624719, "lat": 24.71365, "near_bridge": false }, "geometry": { "type": "LineString", "coordinates": [ [ 766992.254815571359359, 2736123.949827240779996 ], [ 761634.375683471211232, 2734881.721504505258054 ] ] } },
{ "type": "Feature", "properties": { "transect_id": "W-15700", "bank": "W", "chainage_m": 15700.0, "x0": 765576.86697177391, "y0": 2735590.4879766963, "nx": -0.97242998273994175, "ny": -0.23319504426208684, "lon": 89.625135, "lat": 24.711885, "near_bridge": false }, "geometry": { "type": "LineString", "coordinates": [ [ 767035.51194588385988, 2735940.280543089378625 ], [ 761687.147040814161301, 2734657.707799647934735 ] ] } },
{ "type": "Feature", "properties": { "transect_id": "W-15900", "bank": "W", "chainage_m": 15900.0, "x0": 765624.39662914141, "y0": 2735396.2189646079, "nx": -0.9701246405658257, "ny": -0.24260705217908959, "lon": 89.625568, "lat": 24.710124, "near_bridge": false }, "geometry": { "type": "LineString", "coordinates": [ [ 767079.583589990157634, 2735760.129542876500636 ], [ 761743.898066878085956, 2734425.790755891706795 ] ] } },
{ "type": "Feature", "properties": { "transect_id": "W-16100", "bank": "W", "chainage_m": 16100.0, "x0": 765674.00593291677, "y0": 2735202.4711140161, "nx": -0.96721660766856077, "ny": -0.25395281815747089, "lon": 89.626021, "lat": 24.708368, "near_bridge": false }, "geometry": { "type": "LineString", "coordinates": [ [ 767124.830844419659115, 2735583.400341252330691 ], [ 761805.139502242556773, 2734186.659841386135668 ] ] } },
{ "type": "Feature", "properties": { "transect_id": "W-16300", "bank": "W", "chainage_m": 16300.0, "x0": 765726.06431079877, "y0": 2735009.3673860463, "nx": -0.96368324909289882, "ny": -0.26704792719239356, "lon": 89.626499, "lat": 24.706617, "near_bridge": false }, "geometry": { "type": "LineString", "coordinates": [ [ 767171.589184438111261, 2735409.939276834949851 ], [ 761871.331314427196048, 2733941.175677276682109 ] ] } },
{ "type": "Feature", "properties": { "transect_id": "W-16500", "bank": "W", "chainage_m": 16500.0, "x0": 765780.90064976469, "y0": 2734817.0344190821, "nx": -0.95950861399201914, "ny": -0.28167928513668578, "lon": 89.627004, "lat": 24.704872, "near_bridge": false }, "geometry": { "type": "LineString", "coordinates": [ [ 767220.163570752716623, 2735239.553346787113696 ], [ 761942.86619379662443, 2733690.317278535570949 ] ] } },
{ "type": "Feature", "properties": { "transect_id": "W-16700", "bank": "W", "chainage_m": 16700.0, "x0": 765838.80015990254, "y0": 2734625.6013528877, "nx": -0.9546839979421371, "ny": -0.29762134344367408, "lon": 89.627539, "lat": 24.703135, "near_bridge": false }, "geometry": { "type": "LineString", "coordinates": [ [ 767270.826156815746799, 2735072.0333680533804 ], [ 762020.06416813400574, 2733435.115979113150388 ] ] } },
{ "type": "Feature", "properties": { "transect_id": "W-16900", "bank": "W", "chainage_m": 16900.0, "x0": 765900.00393697701, "y0": 2734435.1985990023, "nx": -0.94911789184283213, "ny": -0.31492098593745393, "lon": 89.628108, "lat": 24.701407, "near_bridge": false }, "geometry": { "type": "LineString", "coordinates": [ [ 767323.680774741224013, 2734907.580077908467501 ], [ 762103.532369605731219, 2733175.51465525245294 ] ] } },
{ "type": "Feature", "properties": { "transect_id": "W-17100", "bank": "W", "chainage_m": 17100.0, "x0": 765964.81371446978, "y0": 2734245.9932286404, "nx": -0.94287421571334373, "ny": -0.33314893567734366, "lon": 89.628712, "lat": 24.699688, "near_bridge": false }, "geometry": { "type": "LineString", "coordinates": [ [ 767379.125038039754145, 2734745.716632156632841 ], [ 762193.316851616371423, 2732913.397485930938274 ] ] } },
{ "type": "Feature", "properties": { "transect_id": "W-17300", "bank": "W", "chainage_m": 17300.0, "x0": 766033.29352795577, "y0": 2734058.086401762, "nx": -0.93607693655036872, "ny": -0.35179535081987223, "lon": 89.629352, "lat": 24.697981, "near_bridge": false }, "geometry": { "type": "LineString", "coordinates": [ [ 767437.408932781312615, 2734585.779427991714329 ], [ 762288.985781754250638, 2732650.904998482670635 ] ] } },
{ "type": "Feature", "properties": { "transect_id": "W-17500", "bank": "W", "chainage_m": 17500.0, "x0": 766105.55076218501, "y0": 2733871.6008213782, "nx": -0.92868056282133438, "ny": -0.37088059026841741, "lon": 89.630031, "lat": 24.696286, "near_bridge": false }, "geometry": { "type": "LineString", "coordinates": [ [ 767498.571606417070143, 2734427.921706780791283 ], [ 762390.828510899678804, 2732388.0784603045322 ] ] } },
{ "type": "Feature", "properties": { "transect_id": "W-17700", "bank": "W", "chainage_m": 17700.0, "x0": 766181.65322718467, "y0": 2733686.6520118709, "nx": -0.92073110628797827, "ny": -0.39019768055911824, "lon": 89.630747, "lat": 24.694604, "near_bridge": false }, "geometry": { "type": "LineString", "coordinates": [ [ 767562.749886616598815, 2734271.9485327093862 ], [ 762498.728802032768726, 2732125.861289634369314 ] ] } },
{ "type": "Feature", "properties": { "transect_id": "W-17900", "bank": "W", "chainage_m": 17900.0, "x0": 766261.6265323793, "y0": 2733503.3438708903, "nx": -0.91228903693561259, "ny": -0.40954696078361102, "lon": 89.631502, "lat": 24.692937, "near_bridge": false }, "geometry": { "type": "LineString", "coordinates": [ [ 767630.060087782680057, 2734117.664312065578997 ], [ 762612.470384636893868, 2731865.156027755700052 ] ] } },
{ "type": "Feature", "properties": { "transect_id": "W-18100", "bank": "W", "chainage_m": 18100.0, "x0": 766345.46084674762, "y0": 2733321.7679546499, "nx": -0.90342143202594816, "ny": -0.42875367771738737, "lon": 89.632296, "lat": 24.691284, "near_bridge": false }, "geometry": { "type": "LineString", "coordinates": [ [ 767700.592994786566123, 2733964.898471225984395 ], [ 762731.775118643883616, 2731606.753243780229241 ] ] } },
{ "type": "Feature", "properties": { "transect_id": "W-18300", "bank": "W", "chainage_m": 18300.0, "x0": 766433.18970701226, "y0": 2733142.0397107652, "nx": -0.89370343797060436, "ny": -0.44865818276224734, "lon": 89.633128, "lat": 24.689647, "near_bridge": false }, "geometry": { "type": "LineString", "coordinates": [ [ 767773.744863968226127, 2733815.026984908618033 ], [ 762858.375955129857175, 2731347.406979716382921 ] ] } },
{ "type": "Feature", "properties": { "transect_id": "W-18500", "bank": "W", "chainage_m": 18500.0, "x0": 766524.81292789569, "y0": 2732964.266065008, "nx": -0.88414356803664773, "ny": -0.46721531556598783, "lon": 89.633999, "lat": 24.688028, "near_bridge": false }, "geometry": { "type": "LineString", "coordinates": [ [ 767851.028279950609431, 2733665.089038357138634 ], [ 762988.238655749126337, 2731095.404802744276822 ] ] } },
{ "type": "Feature", "properties": { "transect_id": "W-18700", "bank": "W", "chainage_m": 18700.0, "x0": 766620.02997497295, "y0": 2732788.3926451481, "nx": -0.87465198666141686, "ny": -0.48475138187449923, "lon": 89.634906, "lat": 24.686425, "near_bridge": false }, "geometry": { "type": "LineString", "coordinates": [ [ 767932.007954965112731, 2733515.519717959687114 ], [ 763121.422028327244334, 2730849.387117649894208 ] ] } },
{ "type": "Feature", "properties": { "transect_id": "W-18900", "bank": "W", "chainage_m": 18900.0, "x0": 766718.65754685143, "y0": 2732614.4079995239, "nx": -0.86528964813823905, "ny": -0.5012722063158922, "lon": 89.635846, "lat": 24.684838, "near_bridge": false }, "geometry": { "type": "LineString", "coordinates": [ [ 768016.592019058763981, 2733366.316308997571468 ], [ 763257.498954298440367, 2730609.319174260366708 ] ] } },
{ "type": "Feature", "properties": { "transect_id": "W-19100", "bank": "W", "chainage_m": 19100.0, "x0": 766820.55129847128, "y0": 2732442.3134412924, "nx": -0.8555652174314512, "ny": -0.51769504413455003, "lon": 89.63682, "lat": 24.683267, "near_bridge": false }, "geometry": { "type": "LineString", "coordinates": [ [ 768103.899124618503265, 2733218.856007494032383 ], [ 763398.290428745443933, 2730371.533264754340053 ] ] } },
{ "type": "Feature", "properties": { "transect_id": "W-19300", "bank": "W", "chainage_m": 19300.0, "x0": 766925.58074641356, "y0": 2732272.1146545536, "nx": -0.84682402265223267, "ny": -0.53187317535206724, "lon": 89.637825, "lat": 24.681714, "near_bridge": false }, "geometry": { "type": "LineString", "coordinates": [ [ 768195.81678039196413, 2733069.924417581874877 ], [ 763538.284655804629438, 2730144.621953145135194 ] ] } },
{ "type": "Feature", "properties": { "transect_id": "W-19500", "bank": "W", "chainage_m": 19500.0, "x0": 767033.21968968236, "y0": 2732103.5543982568, "nx": -0.83899591117024686, "ny": -0.54413772249275949, "lon": 89.638855, "lat": 24.680174, "near_bridge": false }, "geometry": { "type": "LineString", "coordinates": [ [ 768291.713556437753141, 2732919.760981996078044 ], [ 763677.236045001423918, 2729927.003508285619318 ] ] } },
{ "type": "Feature", "properties": { "transect_id": "W-19700", "bank": "W", "chainage_m": 19700.0, "x0": 767143.16362510726, "y0": 2731936.4863914144, "nx": -0.8315913499302342, "ny": -0.55538799655845172, "lon": 89.639909, "lat": 24.678648, "near_bridge": false }, "geometry": { "type": "LineString", "coordinates": [ [ 768390.55065000266768, 2732769.568386252038181 ], [ 763816.798225386301056, 2729714.934405180625618 ] ] } },
{ "type": "Feature", "properties": { "transect_id": "W-19900", "bank": "W", "chainage_m": 19900.0, "x0": 767255.25376357639, "y0": 2731770.850114435, "nx": -0.82545126163562887, "ny": -0.56447339588695289, "lon": 89.640985, "lat": 24.677134, "near_bridge": false }, "geometry": { "type": "LineString", "coordinates": [ [ 768493.430656029842794, 2732617.560208265203983 ], [ 763953.448717033839785, 2729512.956530887167901 ] ] } },
{ "type": "Feature", "properties": { "transect_id": "W-20100", "bank": "W", "chainage_m": 20100.0, "x0": 767368.86172512244, "y0": 2731606.2511684205, "nx": -0.82083707382549698, "ny": -0.57116240968186582, "lon": 89.642075, "lat": 24.675629, "near_bridge": false }, "geometry": { "type": "LineString", "coordinates": [ [ 768600.117335860733874, 2732462.994782943278551 ], [ 764085.513429820421152, 2729321.601529693230987 ] ] } },
{ "type": "Feature", "properties": { "transect_id": "W-20300", "bank": "W", "chainage_m": 20300.0, "x0": 767483.64827823034, "y0": 2731442.4710991005, "nx": -0.81726292022242786, "ny": -0.57626497310656444, "lon": 89.643177, "lat": 24.674132, "near_bridge": false }, "geometry": { "type": "LineString", "coordinates": [ [ 768709.542658563936129, 2732306.868558760266751 ], [ 764214.596597340656444, 2729137.411206674296409 ] ] } },
{ "type": "Feature", "properties": { "transect_id": "W-20500", "bank": "W", "chainage_m": 20500.0, "x0": 767599.21577737236, "y0": 2731279.2408637265, "nx": -0.8155226728923719, "ny": -0.57872512473408422, "lon": 89.644287, "lat": 24.672639, "near_bridge": false }, "geometry": { "type": "LineString", "coordinates": [ [ 768822.499786710948683, 2732147.328550827689469 ], [ 764337.125085802865215, 2728964.340364790055901 ] ] } },
{ "type": "Feature", "properties": { "transect_id": "W-20700", "bank": "W", "chainage_m": 20700.0, "x0": 767715.04039461899, "y0": 2731116.1928493413, "nx": -0.81530942007579454, "ny": -0.57902551717145545, "lon": 89.6454, "lat": 24.671148, "near_bridge": false }, "geometry": { "type": "LineString", "coordinates": [ [ 768938.004524732707068, 2731984.731125098653138 ], [ 764453.802714315825142, 2728800.090780655387789 ] ] } },
{ "type": "Feature", "properties": { "transect_id": "W-20900", "bank": "W", "chainage_m": 20900.0, "x0": 767830.67314114515, "y0": 2730953.0087838224, "nx": -0.81705154462083163, "ny": -0.57656463075071918, "lon": 89.64651, "lat": 24.669656, "near_bridge": false }, "geometry": { "type": "LineString", "coordinates": [ [ 769056.250458076363429, 2731817.855729948263615 ], [ 764562.466962661826983, 2728646.750260819680989 ] ] } },
{ "type": "Feature", "properties": { "transect_id": "W-21100", "bank": "W", "chainage_m": 21100.0, "x0": 767945.56726816634, "y0": 2730789.3043331946, "nx": -0.82037376581858179, "ny": -0.57182767015652436, "lon": 89.647613, "lat": 24.668159, "near_bridge": false }, "geometry": { "type": "LineString", "coordinates": [ [ 769176.127916894271038, 2731647.04583842959255 ], [ 764664.072204892057925, 2728501.993652568664402 ] ] } },
{ "type": "Feature", "properties": { "transect_id": "W-21300", "bank": "W", "chainage_m": 21300.0, "x0": 768059.28849622782, "y0": 2730624.7835539179, "nx": -0.82541854673573123, "ny": -0.56452123317433645, "lon": 89.648705, "lat": 24.666655, "near_bridge": false }, "geometry": { "type": "LineString", "coordinates": [ [ 769297.416316331364214, 2731471.565403679385781 ], [ 764757.614309284836054, 2728366.698621220421046 ] ] } },
{ "type": "Feature", "properties": { "transect_id": "W-21500", "bank": "W", "chainage_m": 21500.0, "x0": 768171.14587200037, "y0": 2730458.9904696713, "nx": -0.83284864617033516, "ny": -0.55350079726432166, "lon": 89.649777, "lat": 24.665139, "near_bridge": false }, "geometry": { "type": "LineString", "coordinates": [ [ 769420.418841255828738, 2731289.241665567737073 ], [ 764839.751287318998948, 2728244.98728061420843 ] ] } },
{ "type": "Feature", "properties": { "transect_id": "W-21700", "bank": "W", "chainage_m": 21700.0, "x0": 768280.6202676344, "y0": 2730291.6168183028, "nx": -0.8412961024815524, "ny": -0.54057457205213544, "lon": 89.650826, "lat": 24.66361, "near_bridge": false }, "geometry": { "type": "LineString", "coordinates": [ [ 769542.564421356772073, 2731102.478676381055266 ], [ 764915.435857708216645, 2728129.318530094344169 ] ] } },
{ "type": "Feature", "properties": { "transect_id": "W-21900", "bank": "W", "chainage_m": 21900.0, "x0": 768387.22813400382, "y0": 2730122.4040396255, "nx": -0.85131898067235556, "ny": -0.52464844719772252, "lon": 89.651847, "lat": 24.662065, "near_bridge": false }, "geometry": { "type": "LineString", "coordinates": [ [ 769664.206605012295768, 2730909.376710422337055 ], [ 764981.952211314346641, 2728023.810250834561884 ] ] } },
{ "type": "Feature", "properties": { "transect_id": "W-22100", "bank": "W", "chainage_m": 22100.0, "x0": 768490.14491392381, "y0": 2729950.9212412219, "nx": -0.86382506405584014, "ny": -0.50379188035231726, "lon": 89.65283, "lat": 24.6605, "near_bridge": false }, "geometry": { "type": "LineString", "coordinates": [ [ 769785.882510007591918, 2730706.609061750583351 ], [ 765034.844657700392418, 2727935.753719812724739 ] ] } },
{ "type": "Feature", "properties": { "transect_id": "W-22300", "bank": "W", "chainage_m": 22300.0, "x0": 768588.73968476639, "y0": 2729776.9219982289, "nx": -0.87649432966580865, "ny": -0.48141218312760303, "lon": 89.65377, "lat": 24.658913, "near_bridge": false }, "geometry": { "type": "LineString", "coordinates": [ [ 769903.481179265072569, 2730499.040272920392454 ], [ 765082.762366103124805, 2727851.273265718482435 ] ] } },
{ "type": "Feature", "properties": { "transect_id": "W-22500", "bank": "W", "chainage_m": 22500.0, "x0": 768682.54155982903, "y0": 2729600.2969744601, "nx": -0.89004607871512653, "ny": -0.4558705712851257, "lon": 89.654662, "lat": 24.657303, "near_bridge": false }, "geometry": { "type": "LineString", "coordinates": [ [ 770017.610677901771851, 2730284.102831387892365 ], [ 765122.357244968530722, 2727776.814689319580793 ] ] } },
{ "type": "Feature", "properties": { "transect_id": "W-22700", "bank": "W", "chainage_m": 22700.0, "x0": 768770.92064627411, "y0": 2729420.8967884108, "nx": -0.90415177040875305, "ny": -0.42721139505719813, "lon": 89.6555, "lat": 24.655669, "near_bridge": false }, "geometry": { "type": "LineString", "coordinates": [ [ 770127.148301887209527, 2730061.713880996685475 ], [ 765154.313564639072865, 2727712.051208182238042 ] ] } },
{ "type": "Feature", "properties": { "transect_id": "W-22900", "bank": "W", "chainage_m": 22900.0, "x0": 768853.20073647448, "y0": 2729238.6158529823, "nx": -0.91888795762163178, "ny": -0.39451859441342729, "lon": 89.656278, "lat": 24.654011, "near_bridge": false }, "geometry": { "type": "LineString", "coordinates": [ [ 770231.532672906876542, 2729830.393744602333754 ], [ 765177.648905987967737, 2727660.541475328616798 ] ] } },
{ "type": "Feature", "properties": { "transect_id": "W-23100", "bank": "W", "chainage_m": 23100.0, "x0": 768928.67648761068, "y0": 2729053.4161929237, "nx": -0.93286952225353315, "ny": -0.36021445619306375, "lon": 89.656988, "lat": 24.652327, "near_bridge": false }, "geometry": { "type": "LineString", "coordinates": [ [ 770327.980770990950987, 2729593.737877213396132 ], [ 765197.198398596490733, 2727612.558368151541799 ] ] } },
{ "type": "Feature", "properties": { "transect_id": "W-23300", "bank": "W", "chainage_m": 23300.0, "x0": 768997.18420126068, "y0": 2728865.5328244632, "nx": -0.94587249076610691, "ny": -0.32453848956929743, "lon": 89.657628, "lat": 24.650619, "near_bridge": false }, "geometry": { "type": "LineString", "coordinates": [ [ 770415.992937409784645, 2729352.340558817144483 ], [ 765213.694238196243532, 2727567.378866185899824 ] ] } },
{ "type": "Feature", "properties": { "transect_id": "W-23500", "bank": "W", "chainage_m": 23500.0, "x0": 769058.42269669496, "y0": 2728675.158679998, "nx": -0.95771648394677722, "ny": -0.28771363606305222, "lon": 89.658196, "lat": 24.648891, "near_bridge": false }, "geometry": { "type": "LineString", "coordinates": [ [ 770494.997422615182586, 2729106.729134092573076 ], [ 765227.556760907871649, 2727524.304135745856911 ] ] } },
{ "type": "Feature", "properties": { "transect_id": "W-23700", "bank": "W", "chainage_m": 23700.0, "x0": 769112.24152198108, "y0": 2728482.5559233762, "nx": -0.96810759325183338, "ny": -0.25053480374619164, "lon": 89.65869, "lat": 24.647144, "near_bridge": false }, "geometry": { "type": "LineString", "coordinates": [ [ 770564.402911858865991, 2728858.358128995634615 ], [ 765239.81114897376392, 2727480.416708391625434 ] ] } },
{ "type": "Feature", "properties": { "transect_id": "W-23900", "bank": "W", "chainage_m": 23900.0, "x0": 769158.64881789591, "y0": 2728288.0334117645, "nx": -0.97687478659315163, "ny": -0.21381218702072269, "lon": 89.659111, "lat": 24.645381, "near_bridge": false }, "geometry": { "type": "LineString", "coordinates": [ [ 770623.960997785674408, 2728608.751692295540124 ], [ 765251.149671523249708, 2727432.784663681872189 ] ] } },
{ "type": "Feature", "properties": { "transect_id": "W-24100", "bank": "W", "chainage_m": 24100.0, "x0": 769197.82619417633, "y0": 2728091.924969567, "nx": -0.98395515336131489, "ny": -0.17841596389816458, "lon": 89.659461, "lat": 24.643605, "near_bridge": false }, "geometry": { "type": "LineString", "coordinates": [ [ 770673.758924218360335, 2728359.548915414139628 ], [ 765262.005580731085502, 2727378.261113974265754 ] ] } },
{ "type": "Feature", "properties": { "transect_id": "W-24300", "bank": "W", "chainage_m": 24300.0, "x0": 769230.11205162434, "y0": 2727894.5625421661, "nx": -0.98942280791537085, "ny": -0.14506035701342826, "lon": 89.659742, "lat": 24.641819, "near_bridge": false }, "geometry": { "type": "LineString", "coordinates": [ [ 770714.246263497392647, 2728112.153077686205506 ], [ 765272.420819962862879, 2727314.321114112157375 ] ] } },
{ "type": "Feature", "properties": { "transect_id": "W-24500", "bank": "W", "chainage_m": 24500.0, "x0": 769255.97904526198, "y0": 2727696.2542294106, "nx": -0.99344118128970715, "ny": -0.11434430164075168, "lon": 89.659959, "lat": 24.640025, "near_bridge": false }, "geometry": { "type": "LineString", "coordinates": [ [ 770746.140817196574062, 2727867.770681871566921 ], [ 765282.214320103172213, 2727238.877022847533226 ] ] } },
{ "type": "Feature", "properties": { "transect_id": "W-24700", "bank": "W", "chainage_m": 24700.0, "x0": 769276.00161835854, "y0": 2727497.2684238646, "nx": -0.99623345737464164, "ny": -0.086711581737205695, "lon": 89.660119, "lat": 24.638227, "near_bridge": false }, "geometry": { "type": "LineString", "coordinates": [ [ 770770.351804420468397, 2727627.335796470288187 ], [ 765291.067788859945722, 2727150.422096916008741 ] ] } },
{ "type": "Feature", "properties": { "transect_id": "W-24900", "bank": "W", "chainage_m": 24900.0, "x0": 769290.83430714137, "y0": 2727297.826315396, "nx": -0.99804451979709341, "ny": -0.062507091621585631, "lon": 89.660227, "lat": 24.636425, "near_bridge": false }, "geometry": { "type": "LineString", "coordinates": [ [ 770787.901086837053299, 2727391.586952828336507 ], [ 765298.656227953033522, 2727047.797948909457773 ] ] } },
{ "type": "Feature", "properties": { "transect_id": "W-25100", "bank": "W", "chainage_m": 25100.0, "x0": 769301.18441788049, "y0": 2727098.0994054666, "nx": -0.99912133975502559, "ny": -0.041911197144945761, "lon": 89.660291, "lat": 24.634621, "near_bridge": false }, "geometry": { "type": "LineString", "coordinates": [ [ 770799.866427513072267, 2727160.966201183851808 ], [ 765304.699058860423975, 2726930.454616886563599 ] ] } },
{ "type": "Feature", "properties": { "transect_id": "W-25300", "bank": "W", "chainage_m": 25300.0, "x0": 769307.78224565403, "y0": 2726898.211683332, "nx": -0.99968780236051402, "ny": -0.024985952285349926, "lon": 89.660318, "lat": 24.632817, "near_bridge": false }, "geometry": { "type": "LineString", "coordinates": [ [ 770807.313949194853194, 2726935.690611760132015 ], [ 765309.031036211992614, 2726798.267874190583825 ] ] } },
{ "type": "Feature", "properties": { "transect_id": "W-25500", "bank": "W", "chainage_m": 25500.0, "x0": 769311.360510275, "y0": 2726698.2457944467, "nx": -0.99993165723387989, "ny": -0.011691059041277157, "lon": 89.660315, "lat": 24.631012, "near_bridge": false }, "geometry": { "type": "LineString", "coordinates": [ [ 770811.257996125845239, 2726715.78238300839439 ], [ 765311.633881339454092, 2726651.48155828146264 ] ] } },
{ "type": "Feature", "properties": { "transect_id": "W-25700", "bank": "W", "chainage_m": 25700.0, "x0": 769312.63325723307, "y0": 2726498.2509798068, "nx": -0.99999822312377118, "ny": -0.0018851390665761368, "lon": 89.660289, "lat": 24.629207, "near_bridge": false }, "geometry": { "type": "LineString", "coordinates": [ [ 770812.630591918714345, 2726501.078688406851143 ], [ 765312.640364737948403, 2726490.710423540323973 ] ] } },
{ "type": "Feature", "properties": { "transect_id": "W-25900", "bank": "W", "chainage_m": 25900.0, "x0": 769312.27853088349, "y0": 2726298.2517941478, "nx": -0.99998920085283649, "ny": 0.004647383963631708, "lon": 89.660247, "lat": 24.627403, "near_bridge": false }, "geometry": { "type": "LineString", "coordinates": [ [ 770812.262332162703387, 2726291.28071820223704 ], [ 765312.321727472124621, 2726316.841330002527684 ] ] } },
{ "type": "Feature", "properties": { "transect_id": "W-26100", "bank": "W", "chainage_m": 26100.0, "x0": 769310.9231783452, "y0": 2726098.2565328688, "nx": -0.99996634545866492, "ny": 0.0082041422490008592, "lon": 89.660196, "lat": 24.625599, "near_bridge": false }, "geometry": { "type": "LineString", "coordinates": [ [ 770810.872696533217095, 2726085.950319495517761 ], [ 765311.057796510518529, 2726131.073101864662021 ] ] } },
{ "type": "Feature", "properties": { "transect_id": "W-26300", "bank": "W", "chainage_m": 26300.0, "x0": 769309.12849276955, "y0": 2725898.2645957046, "nx": -0.99995830563900001, "ny": 0.0091316473639845748, "lon": 89.66014, "lat": 24.623795, "near_bridge": false }, "geometry": { "type": "LineString", "coordinates": [ [ 770809.065951228025369, 2725884.567124658729881 ], [ 765309.295270213508047, 2725934.791185160633177 ] ] } },
{ "type": "Feature", "properties": { "transect_id": "W-26500", "bank": "W", "chainage_m": 26500.0, "x0": 769307.38310507743, "y0": 2725698.272237449, "nx": -0.99996951710903392, "ny": 0.007807999278013361, "lon": 89.660084, "lat": 24.621991, "near_bridge": false }, "geometry": { "type": "LineString", "coordinates": [ [ 770807.33738074102439, 2725686.560238531790674 ], [ 765307.50503664126154, 2725729.504234561230987 ] ] } },
{ "type": "Feature", "properties": { "transect_id": "W-26700", "bank": "W", "chainage_m": 26700.0, "x0": 769306.09776858031, "y0": 2725498.2764959671, "nx": -0.99998924663654232, "ny": 0.0046375221056749278, "lon": 89.660034, "lat": 24.620187, "near_bridge": false }, "geometry": { "type": "LineString", "coordinates": [ [ 770806.081638535135426, 2725491.320212808437645 ], [ 765306.140782034141012, 2725516.826584389898926 ] ] } },
{ "type": "Feature", "properties": { "transect_id": "W-26900", "bank": "W", "chainage_m": 26900.0, "x0": 769305.59902456147, "y0": 2725298.2773795398, "nx": -0.99999999893720037, "ny": 4.6104221035668119e-05, "lon": 89.65999, "lat": 24.618383, "near_bridge": false }, "geometry": { "type": "LineString", "coordinates": [ [ 770805.599022967275232, 2725298.208223208319396 ], [ 765305.599028812721372, 2725298.461796423885971 ] ] } },
{ "type": "Feature", "properties": { "transect_id": "W-27100", "bank": "W", "chainage_m": 27100.0, "x0": 769306.13067492854, "y0": 2725098.2784739803, "nx": -0.99998445990736884, "ny": -0.0055749389026096647, "lon": 89.659958, "lat": 24.616578, "near_bridge": false }, "geometry": { "type": "LineString", "coordinates": [ [ 770806.107364789582789, 2725106.640882334206253 ], [ 765306.192835299065337, 2725075.978718369733542 ] ] } },
{ "type": "Feature", "properties": { "transect_id": "W-27300", "bank": "W", "chainage_m": 27300.0, "x0": 769307.86340988742, "y0": 2724898.2864660895, "nx": -0.99992938115466579, "ny": -0.011884136638694899, "lon": 89.659936, "lat": 24.614774, "near_bridge": false }, "geometry": { "type": "LineString", "coordinates": [ [ 770807.757481619366445, 2724916.112671047449112 ], [ 765308.145885268808343, 2724850.749919534660876 ] ] } },
{ "type": "Feature", "properties": { "transect_id": "W-27500", "bank": "W", "chainage_m": 27500.0, "x0": 769310.90263650182, "y0": 2724698.3101021042, "nx": -0.99982757329701399, "ny": -0.01856942850505143, "lon": 89.659928, "lat": 24.612969, "near_bridge": false }, "geometry": { "type": "LineString", "coordinates": [ [ 770810.643996447324753, 2724726.164244861807674 ], [ 765311.59234331373591, 2724624.032388084102422 ] ] } },
{ "type": "Feature", "properties": { "transect_id": "W-27700", "bank": "W", "chainage_m": 27700.0, "x0": 769315.29843566369, "y0": 2724498.3589809351, "nx": -0.99967731726377251, "ny": -0.025401994967063468, "lon": 89.659933, "lat": 24.611164, "near_bridge": false }, "geometry": { "type": "LineString", "coordinates": [ [ 770814.814411559375003, 2724536.461973385885358 ], [ 765316.589166608639061, 2724396.751001066993922 ] ] } },
{ "type": "Feature", "properties": { "transect_id": "W-27900", "bank": "W", "chainage_m": 27900.0, "x0": 769321.06230963627, "y0": 2724298.4426151342, "nx": -0.99948080045034204, "ny": -0.032220017553433372, "lon": 89.659952, "lat": 24.60936, "near_bridge": false }, "geometry": { "type": "LineString", "coordinates": [ [ 770820.283510311739519, 2724346.772641464136541 ], [ 765323.139107834897004, 2724169.562544920481741 ] ] } },
{ "type": "Feature", "properties": { "transect_id": "W-28100", "bank": "W", "chainage_m": 28100.0, "x0": 769328.18196016387, "y0": 2724098.5699256849, "nx": -0.99924102678885829, "ny": -0.038953438640871786, "lon": 89.659984, "lat": 24.607555, "near_bridge": false }, "geometry": { "type": "LineString", "coordinates": [ [ 770827.043500347179361, 2724157.000083646271378 ], [ 765331.217853008420207, 2723942.756171121262014 ] ] } },
{ "type": "Feature", "properties": { "transect_id": "W-28300", "bank": "W", "chainage_m": 28300.0, "x0": 769336.63979363581, "y0": 2723898.7493778346, "nx": -0.99895916698357934, "ny": -0.045613404822191339, "lon": 89.66003, "lat": 24.605751, "near_bridge": false }, "geometry": { "type": "LineString", "coordinates": [ [ 770835.078544111223891, 2723967.169485067948699 ], [ 765340.803125701495446, 2723716.295758545864373 ] ] } },
{ "type": "Feature", "properties": { "transect_id": "W-28500", "bank": "W", "chainage_m": 28500.0, "x0": 769346.42704036296, "y0": 2723698.9895314877, "nx": -0.99863298050269356, "ny": -0.052270165986983697, "lon": 89.660088, "lat": 24.603947, "near_bridge": false }, "geometry": { "type": "LineString", "coordinates": [ [ 770844.376511116977781, 2723777.394780468195677 ], [ 765351.895118352142163, 2723489.908867539837956 ] ] } },
{ "type": "Feature", "properties": { "transect_id": "W-28700", "bank": "W", "chainage_m": 28700.0, "x0": 769357.55178340292, "y0": 2723499.299718814, "nx": -0.99825742276421836, "ny": -0.059009472935627409, "lon": 89.66016, "lat": 24.602144, "near_bridge": false }, "geometry": { "type": "LineString", "coordinates": [ [ 770854.937917549279518, 2723587.813928217627108 ], [ 765364.522092345985584, 2723263.261827071662992 ] ] } },
{ "type": "Feature", "properties": { "transect_id": "W-28900", "bank": "W", "chainage_m": 28900.0, "x0": 769370.03954703279, "y0": 2723299.6905371323, "nx": -0.99782467435838373, "ny": -0.065923586382914304, "lon": 89.660245, "lat": 24.600341, "near_bridge": false }, "geometry": { "type": "LineString", "coordinates": [ [ 770866.776558570330963, 2723398.575916706584394 ], [ 765378.74084959924221, 2723035.996191600803286 ] ] } },
{ "type": "Feature", "properties": { "transect_id": "W-29100", "bank": "W", "chainage_m": 29100.0, "x0": 769383.93430443923, "y0": 2723100.1744031869, "nx": -0.9973250285148022, "ny": -0.073094373914474889, "lon": 89.660344, "lat": 24.598538, "near_bridge": false }, "geometry": { "type": "LineString", "coordinates": [ [ 770879.921847211429849, 2723209.815964058507234 ], [ 765394.634190379991196, 2722807.796907528769225 ] ] } },
{ "type": "Feature", "properties": { "transect_id": "W-29300", "bank": "W", "chainage_m": 29300.0, "x0": 769399.29206820298, "y0": 2722900.7656009402, "nx": -0.99674950225438896, "ny": -0.080563203484145474, "lon": 89.660457, "lat": 24.596736, "near_bridge": false }, "geometry": { "type": "LineString", "coordinates": [ [ 770894.416321584605612, 2723021.610406166408211 ], [ 765412.294059185427614, 2722578.512787003535777 ] ] } },
{ "type": "Feature", "properties": { "transect_id": "W-29500", "bank": "W", "chainage_m": 29500.0, "x0": 769416.17456116143, "y0": 2722701.4801484509, "nx": -0.99609115385616642, "ny": -0.08833126971515165, "lon": 89.660586, "lat": 24.594936, "near_bridge": false }, "geometry": { "type": "LineString", "coordinates": [ [ 770910.311291945632547, 2722833.97705302387476 ], [ 765431.8099457367789, 2722348.155069590546191 ] ] } },
{ "type": "Feature", "properties": { "transect_id": "W-29700", "bank": "W", "chainage_m": 29700.0, "x0": 769434.63765447552, "y0": 2722502.3349613994, "nx": -0.99534668552484895, "ny": -0.096358578314012178, "lon": 89.66073, "lat": 24.593136, "near_bridge": false }, "geometry": { "type": "LineString", "coordinates": [ [ 770927.657682762830518, 2722646.872828870546073 ], [ 765453.250912376097403, 2722116.900648143608123 ] ] } },
{ "type": "Feature", "properties": { "transect_id": "W-29900", "bank": "W", "chainage_m": 29900.0, "x0": 769454.72750833491, "y0": 2722303.3473340371, "nx": -0.99451647369155027, "ny": -0.10458003421362978, "lon": 89.66089, "lat": 24.591337, "near_bridge": false }, "geometry": { "type": "LineString", "coordinates": [ [ 770946.502218872192316, 2722460.217385357711464 ], [ 765476.661613568663597, 2721885.027197182644159 ] ] } },
{ "type": "Feature", "properties": { "transect_id": "W-30100", "bank": "W", "chainage_m": 30100.0, "x0": 769476.47669467307, "y0": 2722104.5342522394, "nx": -0.99360069722501509, "ny": -0.11294978740114629, "lon": 89.661067, "lat": 24.58954, "near_bridge": false }, "geometry": { "type": "LineString", "coordinates": [ [ 770966.877740510622971, 2722273.958933341316879 ], [ 765502.073905772995204, 2721652.735102634876966 ] ] } },
{ "type": "Feature", "properties": { "transect_id": "W-30300", "bank": "W", "chainage_m": 30300.0, "x0": 769499.91210916208, "y0": 2721905.9128903341, "nx": -0.9926008933759618, "ny": -0.12142267691515538, "lon": 89.66126, "lat": 24.587744, "near_bridge": false }, "geometry": { "type": "LineString", "coordinates": [ [ 770988.813449225970544, 2722088.046905707102269 ], [ 765529.508535658242181, 2721420.222182673402131 ] ] } },
{ "type": "Feature", "properties": { "transect_id": "W-30500", "bank": "W", "chainage_m": 30500.0, "x0": 769525.05065337883, "y0": 2721707.4999041231, "nx": -0.99151444373921849, "ny": -0.1299965686335918, "lon": 89.66147, "lat": 24.585949, "near_bridge": false }, "geometry": { "type": "LineString", "coordinates": [ [ 771012.32231898768805, 2721902.494757073465735 ], [ 765558.992878421908244, 2721187.513629588764161 ] ] } },
{ "type": "Feature", "properties": { "transect_id": "W-30700", "bank": "W", "chainage_m": 30700.0, "x0": 769551.91959194152, "y0": 2721509.3138563768, "nx": -0.99032618066955636, "ny": -0.13875898486386118, "lon": 89.661698, "lat": 24.584156, "near_bridge": false }, "geometry": { "type": "LineString", "coordinates": [ [ 771037.408862945856526, 2721717.452333672437817 ], [ 765590.614869263255969, 2720954.277916921302676 ] ] } },
{ "type": "Feature", "properties": { "transect_id": "W-30900", "bank": "W", "chainage_m": 30900.0, "x0": 769580.57201559434, "y0": 2721311.3778450554, "nx": -0.98900430152629926, "ny": -0.14788675249148264, "lon": 89.661943, "lat": 24.582366, "near_bridge": false }, "geometry": { "type": "LineString", "coordinates": [ [ 771064.078467883751728, 2721533.207973792683333 ], [ 765624.554809489171021, 2720719.830835089553148 ] ] } },
{ "type": "Feature", "properties": { "transect_id": "W-31100", "bank": "W", "chainage_m": 31100.0, "x0": 769611.10667583463, "y0": 2721113.723568555, "nx": -0.98749051194415172, "ny": -0.15767843486119829, "lon": 89.662206, "lat": 24.580577, "near_bridge": false }, "geometry": { "type": "LineString", "coordinates": [ [ 771092.342443750821985, 2721350.241220846772194 ], [ 765661.144628058071248, 2720483.009829110000283 ] ] } },
{ "type": "Feature", "properties": { "transect_id": "W-31300", "bank": "W", "chainage_m": 31300.0, "x0": 769643.69448845251, "y0": 2720916.3976082308, "nx": -0.9857025598475897, "ny": -0.16849469875906734, "lon": 89.66249, "lat": 24.578791, "near_bridge": false }, "geometry": { "type": "LineString", "coordinates": [ [ 771122.248328223940916, 2721169.139656369574368 ], [ 765700.884249062160961, 2720242.418813194613904 ] ] } },
{ "type": "Feature", "properties": { "transect_id": "W-31500", "bank": "W", "chainage_m": 31500.0, "x0": 769678.57336957799, "y0": 2720719.463984997, "nx": -0.9835383680893699, "ny": -0.18069941476412987, "lon": 89.662797, "lat": 24.577008, "near_bridge": false }, "geometry": { "type": "LineString", "coordinates": [ [ 771153.880921712028794, 2720990.513107143342495 ], [ 765744.419897220563143, 2719996.666325940284878 ] ] } },
{ "type": "Feature", "properties": { "transect_id": "W-31700", "bank": "W", "chainage_m": 31700.0, "x0": 769716.06437704177, "y0": 2720523.0112867253, "nx": -0.98085974021763855, "ny": -0.19471561319058822, "lon": 89.663129, "lat": 24.57523, "near_bridge": false }, "geometry": { "type": "LineString", "coordinates": [ [ 771187.353987368172966, 2720815.084706511348486 ], [ 765792.625416171154939, 2719744.148833963088691 ] ] } },
{ "type": "Feature", "properties": { "transect_id": "W-31900", "bank": "W", "chainage_m": 31900.0, "x0": 769756.56762671913, "y0": 2720327.1578857596, "nx": -0.97750643508425539, "ny": -0.21090559349830088, "lon": 89.663491, "lat": 24.573456, "near_bridge": false }, "geometry": { "type": "LineString", "coordinates": [ [ 771222.827279345481656, 2720643.516276007052511 ], [ 765846.541886382154189, 2719483.535511766560376 ] ] } },
{ "type": "Feature", "properties": { "transect_id": "W-32100", "bank": "W", "chainage_m": 32100.0, "x0": 769800.54703876772, "y0": 2720132.0560249295, "nx": -0.97330527569420056, "ny": -0.22951435751568178, "lon": 89.663888, "lat": 24.571688, "near_bridge": false }, "geometry": { "type": "LineString", "coordinates": [ [ 771260.504952309071086, 2720476.327561202924699 ], [ 765907.32593599089887, 2719213.998594866599888 ] ] } },
{ "type": "Feature", "properties": { "transect_id": "W-32300", "bank": "W", "chainage_m": 32300.0, "x0": 769848.53196853003, "y0": 2719937.9009787566, "nx": -0.96798559178431987, "ny": -0.2510057650691716, "lon": 89.664324, "lat": 24.569928, "near_bridge": false }, "geometry": { "type": "LineString", "coordinates": [ [ 771300.510356206563301, 2720314.409626360516995 ], [ 765976.589601392741315, 2718933.877918479964137 ] ] } },
{ "type": "Feature", "properties": { "transect_id": "W-32500", "bank": "W", "chainage_m": 32500.0, "x0": 769901.03914391878, "y0": 2719744.921139936, "nx": -0.96155081789075747, "ny": -0.27462706460510289, "lon": 89.664805, "lat": 24.568178, "near_bridge": false }, "geometry": { "type": "LineString", "coordinates": [ [ 771343.365370754967444, 2720156.861736843828112 ], [ 766054.835872355732135, 2718646.412881515454501 ] ] } },
{ "type": "Feature", "properties": { "transect_id": "W-32700", "bank": "W", "chainage_m": 32700.0, "x0": 769958.48031708947, "y0": 2719553.3541867449, "nx": -0.95386534128174905, "ny": -0.3002347593158598, "lon": 89.665335, "lat": 24.566439, "near_bridge": false }, "geometry": { "type": "LineString", "coordinates": [ [ 771389.278329012100585, 2720003.706325718667358 ], [ 766143.018951962469146, 2718352.41514948150143 ] ] } },
{ "type": "Feature", "properties": { "transect_id": "W-32900", "bank": "W", "chainage_m": 32900.0, "x0": 770021.19856727181, "y0": 2719363.451878936, "nx": -0.94494214411022703, "ny": -0.32723744327990156, "lon": 89.665918, "lat": 24.564715, "near_bridge": false }, "geometry": { "type": "LineString", "coordinates": [ [ 771438.611783437198028, 2719854.308043855708092 ], [ 766241.429990830947645, 2718054.502105816267431 ] ] } },
{ "type": "Feature", "properties": { "transect_id": "W-33100", "bank": "W", "chainage_m": 33100.0, "x0": 770089.40208199655, "y0": 2719175.4520486882, "nx": -0.93490478359175611, "ny": -0.35489864132911486, "lon": 89.666555, "lat": 24.563007, "near_bridge": false }, "geometry": { "type": "LineString", "coordinates": [ [ 771491.759257384226657, 2719707.800010682083666 ], [ 766349.782947629573755, 2717755.857483371626586 ] ] } },
{ "type": "Feature", "properties": { "transect_id": "W-33300", "bank": "W", "chainage_m": 33300.0, "x0": 770163.14208567038, "y0": 2718989.5551192402, "nx": -0.92399510069970592, "ny": -0.38240430683105597, "lon": 89.667246, "lat": 24.561317, "near_bridge": false }, "geometry": { "type": "LineString", "coordinates": [ [ 771549.134736719890498, 2719563.161579486913979 ], [ 766467.161682871519588, 2717459.937891915906221 ] ] } },
{ "type": "Feature", "properties": { "transect_id": "W-33500", "bank": "W", "chainage_m": 33500.0, "x0": 770242.30769416294, "y0": 2718805.9022223824, "nx": -0.9125459299077221, "ny": -0.40897423611867112, "lon": 89.667992, "lat": 24.559646, "near_bridge": false }, "geometry": { "type": "LineString", "coordinates": [ [ 771611.126589024555869, 2719419.363576560281217 ], [ 766592.123974532005377, 2717170.005277907475829 ] ] } },
{ "type": "Feature", "properties": { "transect_id": "W-33700", "bank": "W", "chainage_m": 33700.0, "x0": 770326.64407085592, "y0": 2718624.562256759, "nx": -0.90093716704872973, "ny": -0.4339495604678143, "lon": 89.66879, "lat": 24.557996, "near_bridge": false }, "geometry": { "type": "LineString", "coordinates": [ [ 771678.049821429071017, 2719275.486597460694611 ], [ 766722.895402661059052, 2716888.764014887623489 ] ] } },
{ "type": "Feature", "properties": { "transect_id": "W-33900", "bank": "W", "chainage_m": 33900.0, "x0": 770415.92238369153, "y0": 2718445.6005530246, "nx": -0.88882160309310509, "ny": -0.45825337737435456, "lon": 89.669636, "lat": 24.556365, "near_bridge": false }, "geometry": { "type": "LineString", "coordinates": [ [ 771749.154788331245072, 2719132.98061908595264 ], [ 766860.635971319163218, 2716612.587043527048081 ] ] } },
{ "type": "Feature", "properties": { "transect_id": "W-34100", "bank": "W", "chainage_m": 34100.0, "x0": 770509.65952457627, "y0": 2718268.9341694415, "nx": -0.87811907740767803, "ny": -0.47844214477059627, "lon": 89.670527, "lat": 24.554755, "near_bridge": false }, "geometry": { "type": "LineString", "coordinates": [ [ 771826.838140687788837, 2718986.597386597190052 ], [ 766997.183214945602231, 2716355.165590358898044 ] ] } },
{ "type": "Feature", "properties": { "transect_id": "W-34300", "bank": "W", "chainage_m": 34300.0, "x0": 770607.15300716099, "y0": 2718094.3125645765, "nx": -0.8684295138898559, "ny": -0.4958126454670439, "lon": 89.671455, "lat": 24.553163, "near_bridge": false }, "geometry": { "type": "LineString", "coordinates": [ [ 771909.797277995734476, 2718838.031532777007669 ], [ 767133.434951601549983, 2716111.061982708517462 ] ] } },
{ "type": "Feature", "properties": { "transect_id": "W-34500", "bank": "W", "chainage_m": 34500.0, "x0": 770707.83853231033, "y0": 2717921.5090801581, "nx": -0.85994549394797881, "ny": -0.5103858809161621, "lon": 89.672415, "lat": 24.551586, "near_bridge": false }, "geometry": { "type": "LineString", "coordinates": [ [ 771997.756773232249543, 2718687.087901532184333 ], [ 767268.05655651842244, 2715879.96555649349466 ] ] } },
{ "type": "Feature", "properties": { "transect_id": "W-34700", "bank": "W", "chainage_m": 34700.0, "x0": 770811.26072800159, "y0": 2717750.3272989145, "nx": -0.8523488892507679, "ny": -0.52297358536830718, "lon": 89.673403, "lat": 24.550024, "near_bridge": false }, "geometry": { "type": "LineString", "coordinates": [ [ 772089.784061877755448, 2718534.787676967214793 ], [ 767401.865170998498797, 2715658.432957441546023 ] ] } },
{ "type": "Feature", "properties": { "transect_id": "W-34900", "bank": "W", "chainage_m": 34900.0, "x0": 770916.7646578576, "y0": 2717580.4203173569, "nx": -0.84712155964795832, "ny": -0.53139915617133848, "lon": 89.674411, "lat": 24.548472, "near_bridge": false }, "geometry": { "type": "LineString", "coordinates": [ [ 772187.446997329476289, 2718377.519051613751799 ], [ 767528.278419265756384, 2715454.823692671488971 ] ] } },
{ "type": "Feature", "properties": { "transect_id": "W-35100", "bank": "W", "chainage_m": 35100.0, "x0": 771023.68837558827, "y0": 2717411.4024250912, "nx": -0.84345212253525581, "ny": -0.53720435310110026, "lon": 89.675433, "lat": 24.546929, "near_bridge": false }, "geometry": { "type": "LineString", "coordinates": [ [ 772288.8665593911428, 2718217.208954743109643 ], [ 767649.879885447211564, 2715262.58501268690452 ] ] } },
{ "type": "Feature", "properties": { "transect_id": "W-35300", "bank": "W", "chainage_m": 35300.0, "x0": 771131.5307524798, "y0": 2717242.9685512157, "nx": -0.8413277156202954, "ny": -0.54052536936681828, "lon": 89.676464, "lat": 24.54539, "near_bridge": false }, "geometry": { "type": "LineString", "coordinates": [ [ 772393.522325910278596, 2718053.756605266127735 ], [ 767766.219889998668805, 2715080.867073748260736 ] ] } },
{ "type": "Feature", "properties": { "transect_id": "W-35500", "bank": "W", "chainage_m": 35500.0, "x0": 771239.73591034627, "y0": 2717074.7673582775, "nx": -0.84110922120968334, "ny": -0.54086530485513684, "lon": 89.677499, "lat": 24.543854, "near_bridge": false }, "geometry": { "type": "LineString", "coordinates": [ [ 772501.399742160807364, 2717886.065315559972078 ], [ 767875.299025507527404, 2714911.306138856802136 ] ] } },
{ "type": "Feature", "properties": { "transect_id": "W-35700", "bank": "W", "chainage_m": 35700.0, "x0": 771347.76549716818, "y0": 2716906.4534540991, "nx": -0.84237929884304386, "ny": -0.53888506834083083, "lon": 89.678532, "lat": 24.542316, "near_bridge": false }, "geometry": { "type": "LineString", "coordinates": [ [ 772611.334445432759821, 2717714.78105661040172 ], [ 767978.248301796033047, 2714750.913180735893548 ] ] } },
{ "type": "Feature", "properties": { "transect_id": "W-35900", "bank": "W", "chainage_m": 35900.0, "x0": 771455.17142268328, "y0": 2716737.7410456822, "nx": -0.84528339302341116, "ny": -0.5343182436327899, "lon": 89.679559, "lat": 24.540776, "near_bridge": false }, "geometry": { "type": "LineString", "coordinates": [ [ 772723.096512218355201, 2717539.218411131296307 ], [ 768074.037850589607842, 2714600.468071151059121 ] ] } },
{ "type": "Feature", "properties": { "transect_id": "W-36100", "bank": "W", "chainage_m": 36100.0, "x0": 771561.37629564677, "y0": 2716568.2704548999, "nx": -0.84958145837987675, "ny": -0.52745743484865359, "lon": 89.680574, "lat": 24.539228, "near_bridge": false }, "geometry": { "type": "LineString", "coordinates": [ [ 772835.748483216622844, 2717359.45660717273131 ], [ 768163.050462127313949, 2714458.440715505275875 ] ] } },
{ "type": "Feature", "properties": { "transect_id": "W-36300", "bank": "W", "chainage_m": 36300.0, "x0": 771666.06205127575, "y0": 2716397.8583316226, "nx": -0.85479725212937552, "ny": -0.51896209664297155, "lon": 89.681574, "lat": 24.537672, "near_bridge": false }, "geometry": { "type": "LineString", "coordinates": [ [ 772948.257929469808005, 2717176.30147658707574 ], [ 768246.873042758204974, 2714322.009945050813258 ] ] } },
{ "type": "Feature", "properties": { "transect_id": "W-36500", "bank": "W", "chainage_m": 36500.0, "x0": 771768.87007898546, "y0": 2716226.3070364771, "nx": -0.8610580994766075, "ny": -0.50850658729826947, "lon": 89.682555, "lat": 24.536106, "near_bridge": false }, "geometry": { "type": "LineString", "coordinates": [ [ 773060.457228200393729, 2716989.066917424555868 ], [ 768324.637681078980677, 2714192.280687284190208 ] ] } },
{ "type": "Feature", "properties": { "transect_id": "W-36700", "bank": "W", "chainage_m": 36700.0, "x0": 771869.31420863362, "y0": 2716053.3610443128, "nx": -0.86845581568635299, "ny": -0.49576657430745702, "lon": 89.683513, "lat": 24.534529, "near_bridge": false }, "geometry": { "type": "LineString", "coordinates": [ [ 773171.997932163183577, 2716797.01090577384457 ], [ 768395.490945888217539, 2714070.294747082982212 ] ] } },
{ "type": "Feature", "properties": { "transect_id": "W-36900", "bank": "W", "chainage_m": 36900.0, "x0": 771967.18270052772, "y0": 2715878.9460664941, "nx": -0.87579749769995052, "ny": -0.48267871614823171, "lon": 89.684444, "lat": 24.532938, "near_bridge": false }, "geometry": { "type": "LineString", "coordinates": [ [ 773280.878947077668272, 2716602.964140716474503 ], [ 768463.992709727957845, 2713948.231201901100576 ] ] } },
{ "type": "Feature", "properties": { "transect_id": "W-37100", "bank": "W", "chainage_m": 37100.0, "x0": 772062.33656705776, "y0": 2715703.0361865861, "nx": -0.88336627745743779, "ny": -0.4686832830931662, "lon": 89.685349, "lat": 24.531334, "near_bridge": false }, "geometry": { "type": "LineString", "coordinates": [ [ 773387.385983243933879, 2716406.061111225746572 ], [ 768528.871457227971405, 2713828.303054213523865 ] ] } },
{ "type": "Feature", "properties": { "transect_id": "W-37300", "bank": "W", "chainage_m": 37300.0, "x0": 772154.62331672315, "y0": 2715525.604519479, "nx": -0.89098435143905197, "ny": -0.4540340135834891, "lon": 89.686225, "lat": 24.529717, "near_bridge": false }, "geometry": { "type": "LineString", "coordinates": [ [ 773491.099843881675042, 2716206.655539854429662 ], [ 768590.685910966945812, 2713709.468465145211667 ] ] } },
{ "type": "Feature", "properties": { "transect_id": "W-37500", "bank": "W", "chainage_m": 37500.0, "x0": 772243.85479181737, "y0": 2715346.6160519347, "nx": -0.89878653679273779, "ny": -0.43838654322426057, "lon": 89.687071, "lat": 24.528087, "near_bridge": false }, "geometry": { "type": "LineString", "coordinates": [ [ 773592.034597006510012, 2716004.195866771042347 ], [ 768648.70864464645274, 2713593.069879037793726 ] ] } },
{ "type": "Feature", "properties": { "transect_id": "W-37700", "bank": "W", "chainage_m": 37700.0, "x0": 772330.0765117642, "y0": 2715166.1591607612, "nx": -0.90568589798260346, "ny": -0.42394935333768963, "lon": 89.687886, "lat": 24.526444, "near_bridge": false }, "geometry": { "type": "LineString", "coordinates": [ [ 773688.60535873810295, 2715802.083190767560154 ], [ 768707.33291983383242, 2713470.361747410614043 ] ] } },
{ "type": "Feature", "properties": { "transect_id": "W-37900", "bank": "W", "chainage_m": 37900.0, "x0": 772413.46251369023, "y0": 2714984.3749201531, "nx": -0.9120313929695022, "ny": -0.41012039480877976, "lon": 89.688673, "lat": 24.524789, "near_bridge": false }, "geometry": { "type": "LineString", "coordinates": [ [ 773781.509603144484572, 2715599.55551236635074 ], [ 768765.336941812187433, 2713343.893340917769819 ] ] } },
{ "type": "Feature", "properties": { "transect_id": "W-38100", "bank": "W", "chainage_m": 38100.0, "x0": 772494.17055353581, "y0": 2714801.3854591721, "nx": -0.91770869441902814, "ny": -0.39725401469050386, "lon": 89.689434, "lat": 24.523124, "near_bridge": false }, "geometry": { "type": "LineString", "coordinates": [ [ 773870.733595164376311, 2715397.266481207683682 ], [ 768823.33577585965395, 2713212.369400409981608 ] ] } },
{ "type": "Feature", "properties": { "transect_id": "W-38300", "bank": "W", "chainage_m": 38300.0, "x0": 772572.42637073388, "y0": 2714617.3330132379, "nx": -0.92263889750139283, "ny": -0.38566496446710619, "lon": 89.69017, "lat": 24.52145, "near_bridge": false }, "geometry": { "type": "LineString", "coordinates": [ [ 773956.384716985980049, 2715195.830459938384593 ], [ 768881.87078072829172, 2713074.673155369702727 ] ] } },
{ "type": "Feature", "properties": { "transect_id": "W-38500", "bank": "W", "chainage_m": 38500.0, "x0": 772648.5121575651, "y0": 2714432.3720104722, "nx": -0.92682380142858811, "ny": -0.37549652608973783, "lon": 89.690885, "lat": 24.519768, "near_bridge": false }, "geometry": { "type": "LineString", "coordinates": [ [ 774038.747859708033502, 2714995.61679960694164 ], [ 768941.216951850801706, 2712930.385906113311648 ] ] } },
{ "type": "Feature", "properties": { "transect_id": "W-38700", "bank": "W", "chainage_m": 38700.0, "x0": 772722.7058110527, "y0": 2714246.6435159962, "nx": -0.9302027530251642, "ny": -0.36704609828249812, "lon": 89.691581, "lat": 24.518079, "near_bridge": false }, "geometry": { "type": "LineString", "coordinates": [ [ 774118.009940590476617, 2714797.212663420010358 ], [ 769001.8947989520384, 2712778.459122866392136 ] ] } },
{ "type": "Feature", "properties": { "transect_id": "W-38900", "bank": "W", "chainage_m": 38900.0, "x0": 772795.43629470945, "y0": 2714060.3370954655, "nx": -0.93267244757116852, "ny": -0.36072441772301211, "lon": 89.692262, "lat": 24.516385, "near_bridge": false }, "geometry": { "type": "LineString", "coordinates": [ [ 774194.444966066163033, 2714601.423722050152719 ], [ 769064.746504424721934, 2712617.43942457344383 ] ] } },
{ "type": "Feature", "properties": { "transect_id": "W-39100", "bank": "W", "chainage_m": 39100.0, "x0": 772867.0878889109, "y0": 2713873.612886325, "nx": -0.93438944161951121, "ny": -0.35625324053259944, "lon": 89.692933, "lat": 24.514688, "near_bridge": false }, "geometry": { "type": "LineString", "coordinates": [ [ 774268.672051340225153, 2714407.992747123818845 ], [ 769129.530122432857752, 2712448.59992419462651 ] ] } },
{ "type": "Feature", "properties": { "transect_id": "W-39300", "bank": "W", "chainage_m": 39300.0, "x0": 772938.02842405299, "y0": 2713686.6171751702, "nx": -0.93539655610129224, "ny": -0.3536004564955228, "lon": 89.693597, "lat": 24.512989, "near_bridge": false }, "geometry": { "type": "LineString", "coordinates": [ [ 774341.123258204897866, 2714217.017859913408756 ], [ 769196.442199647775851, 2712272.21534918807447 ] ] } },
{ "type": "Feature", "properties": { "transect_id": "W-39500", "bank": "W", "chainage_m": 39500.0, "x0": 773008.6166866963, "y0": 2713499.4880961138, "nx": -0.9357303805880105, "ny": -0.35271611083790444, "lon": 89.694257, "lat": 24.511288, "near_bridge": false }, "geometry": { "type": "LineString", "coordinates": [ [ 774412.21225757827051, 2714028.56226237071678 ], [ 769265.695164344273508, 2712088.623652762267739 ] ] } },
{ "type": "Feature", "properties": { "transect_id": "W-39700", "bank": "W", "chainage_m": 39700.0, "x0": 773079.19732081005, "y0": 2713312.3561385041, "nx": -0.93543970317913827, "ny": -0.35348629636256867, "lon": 89.694916, "lat": 24.509587, "near_bridge": false }, "geometry": { "type": "LineString", "coordinates": [ [ 774482.356875578756444, 2713842.585583047941327 ], [ 769337.438508093473502, 2711898.410953053738922 ] ] } },
{ "type": "Feature", "properties": { "transect_id": "W-39900", "bank": "W", "chainage_m": 39900.0, "x0": 773150.08786078985, "y0": 2713125.3414171026, "nx": -0.93456945889214305, "ny": -0.35578072812625355, "lon": 89.695579, "lat": 24.507888, "near_bridge": false }, "geometry": { "type": "LineString", "coordinates": [ [ 774551.942049128119834, 2713659.012509291991591 ], [ 769411.810025221318938, 2711702.218504597432911 ] ] } },
{ "type": "Feature", "properties": { "transect_id": "W-40100", "bank": "W", "chainage_m": 40100.0, "x0": 773221.58809763938, "y0": 2712938.5590033312, "nx": -0.93310073573461094, "ny": -0.35961509558349719, "lon": 89.696248, "lat": 24.50619, "near_bridge": false }, "geometry": { "type": "LineString", "coordinates": [ [ 774621.239201241289265, 2713477.981646706350148 ], [ 769489.185154700884596, 2711500.098620997276157 ] ] } },
{ "type": "Feature", "properties": { "transect_id": "W-40300", "bank": "W", "chainage_m": 40300.0, "x0": 773293.99424125778, "y0": 2712752.1260288418, "nx": -0.93111534401159923, "ny": -0.36472484991588028, "lon": 89.696926, "lat": 24.504495, "near_bridge": false }, "geometry": { "type": "LineString", "coordinates": [ [ 774690.667257275199518, 2713299.213303715456277 ], [ 769569.532865211367607, 2711293.226629178505391 ] ] } },
{ "type": "Feature", "properties": { "transect_id": "W-40500", "bank": "W", "chainage_m": 40500.0, "x0": 773367.53648341051, "y0": 2712566.1385590741, "nx": -0.92864138333614044, "ny": -0.37097868019003405, "lon": 89.697616, "lat": 24.502804, "near_bridge": false }, "geometry": { "type": "LineString", "coordinates": [ [ 774760.498558414750732, 2713122.606579359155148 ], [ 769652.970950065995567, 2711082.223838313948363 ] ] } },
{ "type": "Feature", "properties": { "transect_id": "W-40700", "bank": "W", "chainage_m": 40700.0, "x0": 773442.43828373146, "y0": 2712380.6947764987, "nx": -0.92568531671559229, "ny": -0.37829445464763778, "lon": 89.698318, "lat": 24.501118, "near_bridge": false }, "geometry": { "type": "LineString", "coordinates": [ [ 774830.966258804895915, 2712948.136458470020443 ], [ 769739.697016869089566, 2710867.516957907937467 ] ] } },
{ "type": "Feature", "properties": { "transect_id": "W-40900", "bank": "W", "chainage_m": 40900.0, "x0": 773518.9013113298, "y0": 2712195.8895596983, "nx": -0.92226248844595338, "ny": -0.38656422804687679, "lon": 89.699037, "lat": 24.499437, "near_bridge": false }, "geometry": { "type": "LineString", "coordinates": [ [ 774902.295043998747133, 2712775.73590176878497 ], [ 769829.85135754593648, 2710649.632647510617971 ] ] } },
{ "type": "Feature", "properties": { "transect_id": "W-41100", "bank": "W", "chainage_m": 41100.0, "x0": 773597.10440737335, "y0": 2712011.8140745712, "nx": -0.91839779437955726, "ny": -0.39565830116246098, "lon": 89.699772, "lat": 24.497763, "near_bridge": false }, "geometry": { "type": "LineString", "coordinates": [ [ 774974.701098942663521, 2712605.301526315044612 ], [ 769923.513229855103418, 2710429.180869921576232 ] ] } },
{ "type": "Feature", "properties": { "transect_id": "W-41300", "bank": "W", "chainage_m": 41300.0, "x0": 773677.19720855262, "y0": 2711828.5527404239, "nx": -0.9140987755924409, "ny": -0.40549158864321777, "lon": 89.700527, "lat": 24.496096, "near_bridge": false }, "geometry": { "type": "LineString", "coordinates": [ [ 775048.345371941337362, 2712436.790123388636857 ], [ 770020.802106182905845, 2710206.586385851260275 ] ] } },
{ "type": "Feature", "properties": { "transect_id": "W-41500", "bank": "W", "chainage_m": 41500.0, "x0": 773759.36777636607, "y0": 2711646.2134778271, "nx": -0.90924671966549553, "ny": -0.41625761587932036, "lon": 89.701301, "lat": 24.494436, "near_bridge": false }, "geometry": { "type": "LineString", "coordinates": [ [ 775123.237855864339508, 2712270.599901645909995 ], [ 770122.38089770404622, 2709981.183014309965074 ] ] } },
{ "type": "Feature", "properties": { "transect_id": "W-41700", "bank": "W", "chainage_m": 41700.0, "x0": 773843.67095208005, "y0": 2711464.8508569491, "nx": -0.90434643274709969, "ny": -0.4267991677330164, "lon": 89.702098, "lat": 24.492785, "near_bridge": false }, "geometry": { "type": "LineString", "coordinates": [ [ 775200.190601200680248, 2712105.04960854863748 ], [ 770226.285221091704443, 2709757.654186016879976 ] ] } },
{ "type": "Feature", "properties": { "transect_id": "W-41900", "bank": "W", "chainage_m": 41900.0, "x0": 773930.08232567832, "y0": 2711284.483622693, "nx": -0.89933392978618187, "ny": -0.43726248722631428, "lon": 89.702915, "lat": 24.491143, "near_bridge": false }, "geometry": { "type": "LineString", "coordinates": [ [ 775279.083220357540995, 2711940.377353532239795 ], [ 770332.746606533648446, 2709535.433673787862062 ] ] } },
{ "type": "Feature", "properties": { "transect_id": "W-42100", "bank": "W", "chainage_m": 42100.0, "x0": 774018.55439570837, "y0": 2711105.1180773303, "nx": -0.89437118347468236, "ny": -0.44732559301933078, "lon": 89.703752, "lat": 24.489509, "near_bridge": false }, "geometry": { "type": "LineString", "coordinates": [ [ 775360.111170920426957, 2711776.106466859113425 ], [ 770441.069661809597164, 2709315.815705252811313 ] ] } },
{ "type": "Feature", "properties": { "transect_id": "W-42300", "bank": "W", "chainage_m": 42300.0, "x0": 774108.97484371264, "y0": 2710926.7261181679, "nx": -0.88960457182834596, "ny": -0.45673154673408017, "lon": 89.704609, "lat": 24.487883, "near_bridge": false }, "geometry": { "type": "LineString", "coordinates": [ [ 775443.381701455102302, 2711611.823438269086182 ], [ 770550.55655639921315, 2709099.799931231420487 ] ] } },
{ "type": "Feature", "properties": { "transect_id": "W-42500", "bank": "W", "chainage_m": 42500.0, "x0": 774201.22980206273, "y0": 2710749.2754306509, "nx": -0.88511549063899497, "ny": -0.46537143039822643, "lon": 89.705484, "lat": 24.486266, "near_bridge": false }, "geometry": { "type": "LineString", "coordinates": [ [ 775528.903038021177053, 2711447.332576248329133 ], [ 770660.767839506734163, 2708887.789709058124572 ] ] } },
{ "type": "Feature", "properties": { "transect_id": "W-42700", "bank": "W", "chainage_m": 42700.0, "x0": 774294.99788955087, "y0": 2710572.6196150314, "nx": -0.8816629961976693, "ny": -0.47187960449223554, "lon": 89.706375, "lat": 24.484656, "near_bridge": false }, "geometry": { "type": "LineString", "coordinates": [ [ 775617.492383847362362, 2711280.439021769911051 ], [ 770768.34590476017911, 2708685.101197062525898 ] ] } },
{ "type": "Feature", "properties": { "transect_id": "W-42900", "bank": "W", "chainage_m": 42900.0, "x0": 774389.88669650641, "y0": 2710396.5629428201, "nx": -0.87917521991287473, "ny": -0.47649861772218022, "lon": 89.707276, "lat": 24.483051, "near_bridge": false }, "geometry": { "type": "LineString", "coordinates": [ [ 775708.649526375695132, 2711111.31086940318346 ], [ 770873.185816854937002, 2708490.568471931386739 ] ] } },
{ "type": "Feature", "properties": { "transect_id": "W-43100", "bank": "W", "chainage_m": 43100.0, "x0": 774485.48658263078, "y0": 2710220.8910114896, "nx": -0.87786588496810314, "ny": -0.47890655456901926, "lon": 89.708185, "lat": 24.481449, "near_bridge": false }, "geometry": { "type": "LineString", "coordinates": [ [ 775802.285410082899034, 2710939.250843342859298 ], [ 770974.023042758344673, 2708305.264793213456869 ] ] } },
{ "type": "Feature", "properties": { "transect_id": "W-43300", "bank": "W", "chainage_m": 43300.0, "x0": 774581.30737740628, "y0": 2710045.3393817018, "nx": -0.87809865455953728, "ny": -0.47847962637998531, "lon": 89.709095, "lat": 24.479848, "near_bridge": false }, "geometry": { "type": "LineString", "coordinates": [ [ 775898.455359245534055, 2710763.058821271639317 ], [ 771068.912759168073535, 2708131.420876181684434 ] ] } },
{ "type": "Feature", "properties": { "transect_id": "W-43500", "bank": "W", "chainage_m": 43500.0, "x0": 774676.71871883178, "y0": 2709869.5650788657, "nx": -0.88006355409856074, "ny": -0.47485591577594327, "lon": 89.710002, "lat": 24.478246, "near_bridge": false }, "geometry": { "type": "LineString", "coordinates": [ [ 775996.814049979671836, 2710581.848952529486269 ], [ 771156.464502437505871, 2707970.141415761783719 ] ] } },
{ "type": "Feature", "properties": { "transect_id": "W-43700", "bank": "W", "chainage_m": 43700.0, "x0": 774771.0850963085, "y0": 2709693.2283679666, "nx": -0.88375532635642595, "ny": -0.46794927410633624, "lon": 89.710898, "lat": 24.476638, "near_bridge": false }, "geometry": { "type": "LineString", "coordinates": [ [ 776096.718085843138397, 2710395.152279125992209 ], [ 771236.063790882821195, 2707821.431271541398019 ] ] } },
{ "type": "Feature", "properties": { "transect_id": "W-43900", "bank": "W", "chainage_m": 43900.0, "x0": 774863.71561993111, "y0": 2709515.9747659722, "nx": -0.88925543742578039, "ny": -0.45741093888174988, "lon": 89.711777, "lat": 24.475023, "near_bridge": false }, "geometry": { "type": "LineString", "coordinates": [ [ 776197.598776069818996, 2710202.091174294706434 ], [ 771306.693870228016749, 2707686.331010445021093 ] ] } },
{ "type": "Feature", "properties": { "transect_id": "W-44100", "bank": "W", "chainage_m": 44100.0, "x0": 774953.82174516178, "y0": 2709337.4249533019, "nx": -0.89695607891053453, "ny": -0.44211965858287638, "lon": 89.71263, "lat": 24.473396, "near_bridge": false }, "geometry": { "type": "LineString", "coordinates": [ [ 776299.25586352753453, 2710000.604441176168621 ], [ 771365.997429519658908, 2707568.9463189705275 ] ] } },
{ "type": "Feature", "properties": { "transect_id": "W-44300", "bank": "W", "chainage_m": 44300.0, "x0": 775040.34697966406, "y0": 2709157.1145909121, "nx": -0.90639954849779769, "ny": -0.42242142285043793, "lon": 89.713448, "lat": 24.471754, "near_bridge": false }, "geometry": { "type": "LineString", "coordinates": [ [ 776399.946302410797216, 2709790.746725187636912 ], [ 771414.748785672825761, 2707467.428899510297924 ] ] } },
{ "type": "Feature", "properties": { "transect_id": "W-44500", "bank": "W", "chainage_m": 44500.0, "x0": 775122.56091616454, "y0": 2708974.8030458693, "nx": -0.91711284190752773, "ny": -0.39862768996683834, "lon": 89.714223, "lat": 24.470095, "near_bridge": false }, "geometry": { "type": "LineString", "coordinates": [ [ 776498.230179025791585, 2709572.744580819737166 ], [ 771454.109548534383066, 2707380.292286002077162 ] ] } },
{ "type": "Feature", "properties": { "transect_id": "W-44700", "bank": "W", "chainage_m": 44700.0, "x0": 775199.56319931766, "y0": 2708790.2345744055, "nx": -0.9289049770932325, "ny": -0.37031816527335154, "lon": 89.714947, "lat": 24.468416, "near_bridge": false }, "geometry": { "type": "LineString", "coordinates": [ [ 776592.920664957491681, 2709345.711822315584868 ], [ 771483.943290944676846, 2707308.961913311854005 ] ] } },
{ "type": "Feature", "properties": { "transect_id": "W-44900", "bank": "W", "chainage_m": 44900.0, "x0": 775270.45883742801, "y0": 2708603.2387550133, "nx": -0.94126916564928742, "ny": -0.3376571601460488, "lon": 89.715609, "lat": 24.466716, "near_bridge": false }, "geometry": { "type": "LineString", "coordinates": [ [ 776682.36258590198122, 2709109.724495232570916 ], [ 771505.382174830883741, 2707252.610114429146051 ] ] } },
{ "type": "Feature", "properties": { "transect_id": "W-45100", "bank": "W", "chainage_m": 45100.0, "x0": 775334.42256562121, "y0": 2708413.7611019113, "nx": -0.95356674675882291, "ny": -0.30118177148658071, "lon": 89.716203, "lat": 24.464996, "near_bridge": false }, "geometry": { "type": "LineString", "coordinates": [ [ 776764.772685759468004, 2708865.533759141340852 ], [ 771520.155578585923649, 2707209.034015965182334 ] ] } },
{ "type": "Feature", "properties": { "transect_id": "W-45300", "bank": "W", "chainage_m": 45300.0, "x0": 775390.78232263296, "y0": 2708221.8835857105, "nx": -0.96507484932745102, "ny": -0.26197430254816517, "lon": 89.716721, "lat": 24.463255, "near_bridge": false }, "geometry": { "type": "LineString", "coordinates": [ [ 776838.394596624188125, 2708614.845039532985538 ], [ 771530.482925323187374, 2707173.986375517677516 ] ] } },
{ "type": "Feature", "properties": { "transect_id": "W-45500", "bank": "W", "chainage_m": 45500.0, "x0": 775439.13266397186, "y0": 2708027.8311280413, "nx": -0.97518758409147177, "ny": -0.22138016133754804, "lon": 89.71716, "lat": 24.461495, "near_bridge": false }, "geometry": { "type": "LineString", "coordinates": [ [ 776901.914040109026246, 2708359.901370047591627 ], [ 771538.382327605970204, 2707142.310482691042125 ] ] } },
{ "type": "Feature", "properties": { "transect_id": "W-45700", "bank": "W", "chainage_m": 45700.0, "x0": 775479.3472697197, "y0": 2707831.9284270043, "nx": -0.98345923800811363, "ny": -0.18112958669554902, "lon": 89.717519, "lat": 24.459721, "near_bridge": false }, "geometry": { "type": "LineString", "coordinates": [ [ 776954.53612673189491, 2708103.622807047795504 ], [ 771545.510317687294446, 2707107.410080221947283 ] ] } },
{ "type": "Feature", "properties": { "transect_id": "W-45900", "bank": "W", "chainage_m": 45900.0, "x0": 775511.69683523395, "y0": 2707634.5717949127, "nx": -0.98969863134411395, "ny": -0.14316640358543511, "lon": 89.717799, "lat": 24.457935, "near_bridge": false }, "geometry": { "type": "LineString", "coordinates": [ [ 776996.244782250141725, 2707849.321400290820748 ], [ 771552.902309857541695, 2707061.906180570833385 ] ] } },
{ "type": "Feature", "properties": { "transect_id": "W-46100", "bank": "W", "chainage_m": 46100.0, "x0": 775536.82102308352, "y0": 2707436.1635371754, "nx": -0.99399503077975204, "ny": -0.10942522005990972, "lon": 89.718009, "lat": 24.45614, "near_bridge": false }, "geometry": { "type": "LineString", "coordinates": [ [ 777027.813569253194146, 2707600.301367265172303 ], [ 771560.840899964561686, 2706998.462656935676932 ] ] } },
{ "type": "Feature", "properties": { "transect_id": "W-46300", "bank": "W", "chainage_m": 46300.0, "x0": 775555.76582392596, "y0": 2707237.0680416445, "nx": -0.99666015076453385, "ny": -0.081661152808520501, "lon": 89.718157, "lat": 24.454341, "near_bridge": false }, "geometry": { "type": "LineString", "coordinates": [ [ 777050.756050072726794, 2707359.559770857449621 ], [ 771569.125220867805183, 2706910.423430410213768 ] ] } },
{ "type": "Feature", "properties": { "transect_id": "W-46500", "bank": "W", "chainage_m": 46500.0, "x0": 775569.84213410621, "y0": 2707037.5669879043, "nx": -0.99813666287236114, "ny": -0.061018048395752374, "lon": 89.718257, "lat": 24.452539, "near_bridge": false }, "geometry": { "type": "LineString", "coordinates": [ [ 777067.047128414735198, 2707129.094060497824103 ], [ 771577.29548261675518, 2706793.494794321246445 ] ] } },
{ "type": "Feature", "properties": { "transect_id": "W-46700", "bank": "W", "chainage_m": 46700.0, "x0": 775580.57489476458, "y0": 2706837.8563219369, "nx": -0.99882865649633046, "ny": -0.048387136325013597, "lon": 89.718324, "lat": 24.450735, "near_bridge": false }, "geometry": { "type": "LineString", "coordinates": [ [ 777078.817879509064369, 2706910.437026424333453 ], [ 771585.260268779238686, 2706644.307776636909693 ] ] } },
{ "type": "Feature", "properties": { "transect_id": "W-46900", "bank": "W", "chainage_m": 46900.0, "x0": 775589.62271383335, "y0": 2706638.0612219274, "nx": -0.99902001358323989, "ny": -0.044260732711326474, "lon": 89.718374, "lat": 24.448931, "near_bridge": false }, "geometry": { "type": "LineString", "coordinates": [ [ 777088.152734208153561, 2706704.452320994343609 ], [ 771593.542659500380978, 2706461.018291082233191 ] ] } },
{ "type": "Feature", "properties": { "transect_id": "W-47100", "bank": "W", "chainage_m": 47100.0, "x0": 775598.71543607698, "y0": 2706438.2681632079, "nx": -0.99880683691521543, "ny": -0.048835463870246155, "lon": 89.718425, "lat": 24.447127, "near_bridge": false }, "geometry": { "type": "LineString", "coordinates": [ [ 777096.92569144978188, 2706511.521359013393521 ], [ 771603.488088416168466, 2706242.926307727117091 ] ] } },
{ "type": "Feature", "properties": { "transect_id": "W-47300", "bank": "W", "chainage_m": 47300.0, "x0": 775609.58558404888, "y0": 2706238.5649747592, "nx": -0.99807789069659225, "ny": -0.061971962230038591, "lon": 89.718494, "lat": 24.445323, "near_bridge": false }, "geometry": { "type": "LineString", "coordinates": [ [ 777106.702420093817636, 2706331.522918104194105 ], [ 771617.274021262535825, 2705990.677125839050859 ] ] } },
{ "type": "Feature", "properties": { "transect_id": "W-47500", "bank": "W", "chainage_m": 47500.0, "x0": 775623.91362257302, "y0": 2706039.0820843237, "nx": -0.99652584373018283, "ny": -0.083284108795418144, "lon": 89.718596, "lat": 24.443521, "near_bridge": false }, "geometry": { "type": "LineString", "coordinates": [ [ 777118.702388168312609, 2706164.008247517049313 ], [ 771637.810247652232647, 2705705.945649141911417 ] ] } },
{ "type": "Feature", "properties": { "transect_id": "W-47700", "bank": "W", "chainage_m": 47700.0, "x0": 775643.27528175397, "y0": 2705840.0275503704, "nx": -0.99369530486997981, "ny": -0.11211441066766548, "lon": 89.718749, "lat": 24.441722, "near_bridge": false }, "geometry": { "type": "LineString", "coordinates": [ [ 777133.818239058949985, 2706008.199166371952742 ], [ 771668.494062273995951, 2705391.569907699711621 ] ] } },
{ "type": "Feature", "properties": { "transect_id": "W-47900", "bank": "W", "chainage_m": 47900.0, "x0": 775669.08739122585, "y0": 2705641.7098342124, "nx": -0.98905821690434492, "ny": -0.14752573868311197, "lon": 89.718965, "lat": 24.439928, "near_bridge": false }, "geometry": { "type": "LineString", "coordinates": [ [ 777152.674716582405381, 2705862.998442237265408 ], [ 771712.854523608461022, 2705051.606879480183125 ] ] } },
{ "type": "Feature", "properties": { "transect_id": "W-48100", "bank": "W", "chainage_m": 48100.0, "x0": 775702.55110971502, "y0": 2705444.5430587865, "nx": -0.98211096807557352, "ny": -0.18830307056885651, "lon": 89.719256, "lat": 24.438143, "near_bridge": false }, "geometry": { "type": "LineString", "coordinates": [ [ 777175.717561828321777, 2705726.997664639726281 ], [ 771774.107237412710674, 2704691.330776511225849 ] ] } },
{ "type": "Feature", "properties": { "transect_id": "W-48300", "bank": "W", "chainage_m": 48300.0, "x0": 775744.58626358164, "y0": 2705249.028747072, "nx": -0.97251897310510615, "ny": -0.23282363915760321, "lon": 89.719632, "lat": 24.436372, "near_bridge": false }, "geometry": { "type": "LineString", "coordinates": [ [ 777203.36472323932685, 2705598.264205808285624 ], [ 771854.510371161275543, 2704317.734190441668034 ] ] } },
{ "type": "Feature", "properties": { "transect_id": "W-48500", "bank": "W", "chainage_m": 48500.0, "x0": 775795.79146906442, "y0": 2705055.7185838362, "nx": -0.96009991206057843, "ny": -0.27965721671587457, "lon": 89.7201, "lat": 24.434619, "near_bridge": false }, "geometry": { "type": "LineString", "coordinates": [ [ 777235.941337155294605, 2705475.204408910125494 ], [ 771955.391820822143927, 2703937.089716972783208 ] ] } },
{ "type": "Feature", "properties": { "transect_id": "W-48700", "bank": "W", "chainage_m": 48700.0, "x0": 775856.46336838987, "y0": 2704865.1725879014, "nx": -0.94499602449728504, "ny": -0.32708181497039329, "lon": 89.720661, "lat": 24.432889, "near_bridge": false }, "geometry": { "type": "LineString", "coordinates": [ [ 777273.957405135850422, 2705355.795310357119888 ], [ 772076.479270400712267, 2703556.845328019931912 ] ] } },
{ "type": "Feature", "properties": { "transect_id": "W-48900", "bank": "W", "chainage_m": 48900.0, "x0": 775926.55234840384, "y0": 2704677.8894440322, "nx": -0.92764143257219511, "ny": -0.37347205059469368, "lon": 89.721315, "lat": 24.431187, "near_bridge": false }, "geometry": { "type": "LineString", "coordinates": [ [ 777318.01449726219289, 2705238.097519924398512 ], [ 772215.98661811510101, 2703184.001241653226316 ] ] } },
{ "type": "Feature", "properties": { "transect_id": "W-49100", "bank": "W", "chainage_m": 49100.0, "x0": 776005.70672178059, "y0": 2704494.2540291823, "nx": -0.90870081933158897, "ny": -0.41744798591692683, "lon": 89.722059, "lat": 24.429517, "near_bridge": false }, "geometry": { "type": "LineString", "coordinates": [ [ 777368.757950778002851, 2705120.426008057780564 ], [ 772370.903444454190321, 2702824.462085514329374 ] ] } },
{ "type": "Feature", "properties": { "transect_id": "W-49300", "bank": "W", "chainage_m": 49300.0, "x0": 776093.3359474641, "y0": 2704314.5020146952, "nx": -0.88894566576228806, "ny": -0.45801266720740658, "lon": 89.722888, "lat": 24.427879, "near_bridge": false }, "geometry": { "type": "LineString", "coordinates": [ [ 777426.754446107544936, 2705001.521015506237745 ], [ 772537.553284414927475, 2702482.451345865614712 ] ] } },
{ "type": "Feature", "properties": { "transect_id": "W-49500", "bank": "W", "chainage_m": 49500.0, "x0": 776188.77460638713, "y0": 2704138.7588405614, "nx": -0.86807764513862806, "ny": -0.49642844601268987, "lon": 89.723794, "lat": 24.426277, "near_bridge": false }, "geometry": { "type": "LineString", "coordinates": [ [ 777490.891074095037766, 2704883.401509580202401 ], [ 772716.464025832596235, 2702153.045056510716677 ] ] } },
{ "type": "Feature", "properties": { "transect_id": "W-49700", "bank": "W", "chainage_m": 49700.0, "x0": 776291.5782704592, "y0": 2703967.2190259737, "nx": -0.84834652531320476, "ny": -0.52944137823654491, "lon": 89.724774, "lat": 24.424711, "near_bridge": false }, "geometry": { "type": "LineString", "coordinates": [ [ 777564.098058428964578, 2704761.381093328353018 ], [ 772898.192169206333347, 2701849.453513027634472 ] ] } },
{ "type": "Feature", "properties": { "transect_id": "W-49900", "bank": "W", "chainage_m": 49900.0, "x0": 776400.30352441163, "y0": 2703799.3730822289, "nx": -0.83065641623197195, "ny": -0.55678534299374005, "lon": 89.725813, "lat": 24.423178, "near_bridge": false }, "geometry": { "type": "LineString", "coordinates": [ [ 777646.28814875963144, 2704634.551096719689667 ], [ 773077.6778594837524, 2701572.231710253749043 ] ] } },
{ "type": "Feature", "properties": { "transect_id": "W-50100", "bank": "W", "chainage_m": 50100.0, "x0": 776514.06557874149, "y0": 2703634.8887422988, "nx": -0.81371309844926187, "ny": -0.58126671452277578, "lon": 89.726902, "lat": 24.421674, "near_bridge": false }, "geometry": { "type": "LineString", "coordinates": [ [ 777734.635226415353827, 2704506.788814083207399 ], [ 773259.213184944470413, 2701309.821884207893163 ] ] } },
{ "type": "Feature", "properties": { "transect_id": "W-50300", "bank": "W", "chainage_m": 50300.0, "x0": 776632.55266394978, "y0": 2703473.7714846195, "nx": -0.79924069156631694, "ny": -0.60101107888673377, "lon": 89.728038, "lat": 24.420199, "near_bridge": false }, "geometry": { "type": "LineString", "coordinates": [ [ 777831.413701299228705, 2704375.288102949503809 ], [ 773435.58989768452011, 2701069.727169072721153 ] ] } },
{ "type": "Feature", "properties": { "transect_id": "W-50500", "bank": "W", "chainage_m": 50500.0, "x0": 776754.27451505221, "y0": 2703315.0840897057, "nx": -0.78818471205622886, "ny": -0.6154387538015782, "lon": 89.729206, "lat": 24.418746, "near_bridge": false }, "geometry": { "type": "LineString", "coordinates": [ [ 777936.551583136548288, 2704238.242220408283174 ], [ 773601.535666827345267, 2700853.329074499197304 ] ] } },
{ "type": "Feature", "properties": { "transect_id": "W-50700", "bank": "W", "chainage_m": 50700.0, "x0": 776878.6985053512, "y0": 2703158.5022857795, "nx": -0.77859570790027832, "ny": -0.62752587487629885, "lon": 89.730402, "lat": 24.417311, "near_bridge": false }, "geometry": { "type": "LineString", "coordinates": [ [ 778046.59206720162183, 2704099.791098094079643 ], [ 773764.315673750126734, 2700648.398786274250597 ] ] } },
{ "type": "Feature", "properties": { "transect_id": "W-50900", "bank": "W", "chainage_m": 50900.0, "x0": 777004.90485397691, "y0": 2703003.3524044207, "nx": -0.77350832839399519, "ny": -0.63378613577856624, "lon": 89.731615, "lat": 24.415889, "near_bridge": false }, "geometry": { "type": "LineString", "coordinates": [ [ 778165.16734656796325, 2703954.031608088407665 ], [ 773910.871540400898084, 2700468.207861306611449 ] ] } },
{ "type": "Feature", "properties": { "transect_id": "W-51100", "bank": "W", "chainage_m": 51100.0, "x0": 777132.06681246404, "y0": 2702848.9834392299, "nx": -0.77114563792759871, "ny": -0.63665878232004069, "lon": 89.732838, "lat": 24.414474, "near_bridge": false }, "geometry": { "type": "LineString", "coordinates": [ [ 778288.785269355401397, 2703803.971612710040063 ], [ 774047.484260753612034, 2700302.348309949506074 ] ] } },
{ "type": "Feature", "properties": { "transect_id": "W-51300", "bank": "W", "chainage_m": 51300.0, "x0": 777259.30321412906, "y0": 2702694.6757863523, "nx": -0.77268637350205593, "ny": -0.63478797106139428, "lon": 89.734062, "lat": 24.413059, "near_bridge": false }, "geometry": { "type": "LineString", "coordinates": [ [ 778418.332774382201023, 2703646.857742944266647 ], [ 774168.557720120879821, 2700155.523902106564492 ] ] } },
{ "type": "Feature", "properties": { "transect_id": "W-51500", "bank": "W", "chainage_m": 51500.0, "x0": 777385.77417577058, "y0": 2702539.7408055477, "nx": -0.77825984502766332, "ny": -0.62794236488512012, "lon": 89.735277, "lat": 24.411639, "near_bridge": false }, "geometry": { "type": "LineString", "coordinates": [ [ 778553.163943312130868, 2703481.654352875426412 ], [ 774272.734795659896918, 2700027.97134600719437 ] ] } },
{ "type": "Feature", "properties": { "transect_id": "W-51700", "bank": "W", "chainage_m": 51700.0, "x0": 777510.18487136869, "y0": 2702383.1496448386, "nx": -0.78816601318184087, "ny": -0.61546270046611451, "lon": 89.736473, "lat": 24.410204, "near_bridge": false }, "geometry": { "type": "LineString", "coordinates": [ [ 778692.433891141437925, 2703306.34369553765282 ], [ 774357.520818641292863, 2699921.29884297400713 ] ] } },
{ "type": "Feature", "properties": { "transect_id": "W-51900", "bank": "W", "chainage_m": 51900.0, "x0": 777631.68790128245, "y0": 2702224.296868504, "nx": -0.80210078755254721, "ny": -0.59718868593400487, "lon": 89.737639, "lat": 24.408749, "near_bridge": false }, "geometry": { "type": "LineString", "coordinates": [ [ 778834.839082611259073, 2703120.079897405114025 ], [ 774423.284751072293147, 2699835.542124767787755 ] ] } },
{ "type": "Feature", "properties": { "transect_id": "W-52100", "bank": "W", "chainage_m": 52100.0, "x0": 777748.39728236711, "y0": 2702061.8942886204, "nx": -0.82284885528681417, "ny": -0.56826029366231412, "lon": 89.738757, "lat": 24.407263, "near_bridge": false }, "geometry": { "type": "LineString", "coordinates": [ [ 778982.670565297361463, 2702914.284729113802314 ], [ 774457.001861219876446, 2699788.853113971184939 ] ] } },
{ "type": "Feature", "properties": { "transect_id": "W-52300", "bank": "W", "chainage_m": 52300.0, "x0": 777858.68694493349, "y0": 2701895.0867468012, "nx": -0.84670872191702728, "ny": -0.5320567077198014, "lon": 89.739811, "lat": 24.405739, "near_bridge": true }, "geometry": { "type": "LineString", "coordinates": [ [ 779128.750027809059247, 2702693.171808380633593 ], [ 774471.852057265350595, 2699766.859915921930224 ] ] } },
{ "type": "Feature", "properties": { "transect_id": "W-52500", "bank": "W", "chainage_m": 52500.0, "x0": 777960.5491746671, "y0": 2701723.015902868, "nx": -0.87556114575815447, "ny": -0.48310731731020984, "lon": 89.740781, "lat": 24.404168, "near_bridge": true }, "geometry": { "type": "LineString", "coordinates": [ [ 779273.890893304371275, 2702447.676878833211958 ], [ 774458.304591634543613, 2699790.586633627302945 ] ] } },
{ "type": "Feature", "properties": { "transect_id": "W-52700", "bank": "W", "chainage_m": 52700.0, "x0": 778050.62319661025, "y0": 2701544.4961406915, "nx": -0.91068590761470547, "ny": -0.41309947672682906, "lon": 89.741634, "lat": 24.402542, "near_bridge": true }, "geometry": { "type": "LineString", "coordinates": [ [ 779416.652058032341301, 2702164.145355781540275 ], [ 774407.879566151415929, 2699892.098233784083277 ] ] } },
{ "type": "Feature", "properties": { "transect_id": "W-52900", "bank": "W", "chainage_m": 52900.0, "x0": 778125.20018605446, "y0": 2701359.0093279877, "nx": -0.94469340042144667, "ny": -0.3279548432332785, "lon": 89.742332, "lat": 24.400855, "near_bridge": true }, "geometry": { "type": "LineString", "coordinates": [ [ 779542.240286686574109, 2701850.941592837683856 ], [ 774346.426584368688054, 2700047.189955054782331 ] ] } },
{ "type": "Feature", "properties": { "transect_id": "W-53100", "bank": "W", "chainage_m": 53100.0, "x0": 778180.70282178745, "y0": 2701167.0109037925, "nx": -0.97492704821134613, "ny": -0.22252471922443048, "lon": 89.742841, "lat": 24.399113, "near_bridge": true }, "geometry": { "type": "LineString", "coordinates": [ [ 779643.093394104507752, 2701500.797982628922909 ], [ 774280.994628942105919, 2700276.912026894744486 ] ] } },
{ "type": "Feature", "properties": { "transect_id": "W-53300", "bank": "W", "chainage_m": 53300.0, "x0": 778213.27155588917, "y0": 2700969.8685858399, "nx": -0.99497780033498917, "ny": -0.10009583827785357, "lon": 89.743124, "lat": 24.397329, "near_bridge": true }, "geometry": { "type": "LineString", "coordinates": [ [ 779705.7382563916035, 2701120.012343256734312 ], [ 774233.360354549251497, 2700569.485232728533447 ] ] } },
{ "type": "Feature", "properties": { "transect_id": "W-53500", "bank": "W", "chainage_m": 53500.0, "x0": 778220.29560377903, "y0": 2700770.1977741318, "nx": -0.99954214590848567, "ny": 0.030257206623537272, "lon": 89.743154, "lat": 24.395526, "near_bridge": true }, "geometry": { "type": "LineString", "coordinates": [ [ 779719.608822641777806, 2700724.811964196618646 ], [ 774222.127020145067945, 2700891.226600626017898 ] ] } },
{ "type": "Feature", "properties": { "transect_id": "W-53700", "bank": "W", "chainage_m": 53700.0, "x0": 778201.41258728132, "y0": 2700571.2866742671, "nx": -0.98774473713357702, "ny": 0.15607797495137105, "lon": 89.742929, "lat": 24.393735, "near_bridge": true }, "geometry": { "type": "LineString", "coordinates": [ [ 779683.029692981624976, 2700337.169711839873344 ], [ 774250.433638746966608, 2701195.598574072588235 ] ] } },
{ "type": "Feature", "properties": { "transect_id": "W-53900", "bank": "W", "chainage_m": 53900.0, "x0": 778158.69947182108, "y0": 2700376.0656121182, "nx": -0.96379944018500285, "ny": 0.26662827888105767, "lon": 89.742471, "lat": 24.391981, "near_bridge": true }, "geometry": { "type": "LineString", "coordinates": [ [ 779604.398632098571397, 2699976.123193796724081 ], [ 774303.501711081014946, 2701442.578727642539889 ] ] } },
{ "type": "Feature", "properties": { "transect_id": "W-54100", "bank": "W", "chainage_m": 54100.0, "x0": 778095.87974267337, "y0": 2700186.312432094, "nx": -0.93426263447883495, "ny": 0.35658565565186007, "lon": 89.741815, "lat": 24.390281, "near_bridge": false }, "geometry": { "type": "LineString", "coordinates": [ [ 779497.2736943915952, 2699651.433948616031557 ], [ 774358.829204758047126, 2701612.65505470149219 ] ] } },
{ "type": "Feature", "properties": { "transect_id": "W-54300", "bank": "W", "chainage_m": 54300.0, "x0": 778017.17500706168, "y0": 2700002.531600588, "nx": -0.90478711882924068, "ny": 0.42586414453518107, "lon": 89.741004, "lat": 24.388637, "near_bridge": false }, "geometry": { "type": "LineString", "coordinates": [ [ 779374.355685305548832, 2699363.735383785329759 ], [ 774398.026531744748354, 2701705.988178728614002 ] ] } },
{ "type": "Feature", "properties": { "transect_id": "W-54500", "bank": "W", "chainage_m": 54500.0, "x0": 777926.47524891817, "y0": 2699824.3203216828, "nx": -0.87861700215157124, "ny": 0.47752713381564588, "lon": 89.740076, "lat": 24.387045, "near_bridge": false }, "geometry": { "type": "LineString", "coordinates": [ [ 779244.400752145564184, 2699108.029620959423482 ], [ 774412.007240311941132, 2701734.428856945596635 ] ] } },
{ "type": "Feature", "properties": { "transect_id": "W-54700", "bank": "W", "chainage_m": 54700.0, "x0": 777826.68147710746, "y0": 2699651.0135224941, "nx": -0.85625136366174803, "ny": 0.51655938886772435, "lon": 89.739059, "lat": 24.3855, "near_bridge": false }, "geometry": { "type": "LineString", "coordinates": [ [ 779111.058522600098513, 2698876.17443919274956 ], [ 774401.67602246045135, 2701717.251077964901924 ] ] } },
{ "type": "Feature", "properties": { "transect_id": "W-54900", "bank": "W", "chainage_m": 54900.0, "x0": 777720.74956500542, "y0": 2699481.3842040603, "nx": -0.8414926620364459, "ny": 0.5402685440952637, "lon": 89.737982, "lat": 24.383988, "near_bridge": false }, "geometry": { "type": "LineString", "coordinates": [ [ 778982.988558060140349, 2698670.981387917418033 ], [ 774354.778916859650053, 2701642.458380441181362 ] ] } },
{ "type": "Feature", "properties": { "transect_id": "W-55100", "bank": "W", "chainage_m": 55100.0, "x0": 777611.03574501863, "y0": 2699314.1682840358, "nx": -0.83195258635365077, "ny": 0.55484673024130837, "lon": 89.736869, "lat": 24.382499, "near_bridge": false }, "geometry": { "type": "LineString", "coordinates": [ [ 778858.96462454914581, 2698481.898188673891127 ], [ 774283.225399604067206, 2701533.555205001030117 ] ] } },
{ "type": "Feature", "properties": { "transect_id": "W-55300", "bank": "W", "chainage_m": 55300.0, "x0": 777499.17382237327, "y0": 2699148.3771540518, "nx": -0.82745644445243127, "ny": 0.56152990350838894, "lon": 89.735735, "lat": 24.381023, "near_bridge": false }, "geometry": { "type": "LineString", "coordinates": [ [ 778740.358489051926881, 2698306.082298789173365 ], [ 774189.348044563550502, 2701394.496768085286021 ] ] } },
{ "type": "Feature", "properties": { "transect_id": "W-55500", "bank": "W", "chainage_m": 55500.0, "x0": 777386.88427052903, "y0": 2698982.8748345682, "nx": -0.82869079548771718, "ny": 0.55970667806801677, "lon": 89.734597, "lat": 24.37955, "near_bridge": false }, "geometry": { "type": "LineString", "coordinates": [ [ 778629.920463760616258, 2698143.314817466307431 ], [ 774072.121088578132913, 2701221.701546840369701 ] ] } },
{ "type": "Feature", "properties": { "transect_id": "W-55700", "bank": "W", "chainage_m": 55700.0, "x0": 777275.60237222991, "y0": 2698816.6950414735, "nx": -0.8341364524797783, "ny": 0.55155813713918733, "lon": 89.733469, "lat": 24.378071, "near_bridge": false }, "geometry": { "type": "LineString", "coordinates": [ [ 778526.807050949544646, 2697989.357835764531046 ], [ 773939.056562310783193, 2701022.927590030245483 ] ] } },
{ "type": "Feature", "properties": { "transect_id": "W-55900", "bank": "W", "chainage_m": 55900.0, "x0": 777166.77674398711, "y0": 2698648.8983717188, "nx": -0.8451029309439132, "ny": 0.53460362523088767, "lon": 89.732364, "lat": 24.376576, "near_bridge": false }, "geometry": { "type": "LineString", "coordinates": [ [ 778434.43114040303044, 2697846.992933872621506 ], [ 773786.365020211436786, 2700787.312872642185539 ] ] } },
{ "type": "Feature", "properties": { "transect_id": "W-56100", "bank": "W", "chainage_m": 56100.0, "x0": 777061.97004422336, "y0": 2698478.5691559738, "nx": -0.85898662227715405, "ny": 0.51199803002441913, "lon": 89.731299, "lat": 24.375058, "near_bridge": false }, "geometry": { "type": "LineString", "coordinates": [ [ 778350.449977639131248, 2697710.572110937442631 ], [ 773626.023555114748888, 2700526.561276071704924 ] ] } },
{ "type": "Feature", "properties": { "transect_id": "W-56300", "bank": "W", "chainage_m": 56300.0, "x0": 776962.32396949141, "y0": 2698305.1793328696, "nx": -0.87570827361388748, "ny": 0.48284057361015625, "lon": 89.730284, "lat": 24.373512, "near_bridge": false }, "geometry": { "type": "LineString", "coordinates": [ [ 778275.886379912262782, 2697580.918472454417497 ], [ 773459.490875035873614, 2700236.541627310216427 ] ] } },
{ "type": "Feature", "properties": { "transect_id": "W-56500", "bank": "W", "chainage_m": 56500.0, "x0": 776869.19357789587, "y0": 2698128.2047180617, "nx": -0.89481846381161023, "ny": 0.44643019255179173, "lon": 89.729332, "lat": 24.371932, "near_bridge": false }, "geometry": { "type": "LineString", "coordinates": [ [ 778211.421273613232188, 2697458.559429233893752 ], [ 773289.919722649385221, 2699913.925488268956542 ] ] } },
{ "type": "Feature", "properties": { "transect_id": "W-56700", "bank": "W", "chainage_m": 56700.0, "x0": 776784.25196939579, "y0": 2697947.1575580495, "nx": -0.91560594390081651, "ny": 0.40207680297860371, "lon": 89.728461, "lat": 24.370314, "near_bridge": false }, "geometry": { "type": "LineString", "coordinates": [ [ 778157.660885247052647, 2697344.042353581637144 ], [ 773121.82819379249122, 2699555.464769964106381 ] ] } },
{ "type": "Feature", "properties": { "transect_id": "W-56900", "bank": "W", "chainage_m": 56900.0, "x0": 776708.45006662293, "y0": 2697762.1083435109, "nx": -0.93483833140186678, "ny": 0.35507364608172987, "lon": 89.727678, "lat": 24.368658, "near_bridge": false }, "geometry": { "type": "LineString", "coordinates": [ [ 778110.707563725765795, 2697229.497874388471246 ], [ 772969.096741015440784, 2699182.402927837800235 ] ] } },
{ "type": "Feature", "properties": { "transect_id": "W-57100", "bank": "W", "chainage_m": 57100.0, "x0": 776642.38290900597, "y0": 2697573.3724231687, "nx": -0.9522418735282413, "ny": 0.30534474663800087, "lon": 89.726991, "lat": 24.366967, "near_bridge": false }, "geometry": { "type": "LineString", "coordinates": [ [ 778070.745719298371114, 2697115.355303211603314 ], [ 772833.415414892951958, 2698794.751409720629454 ] ] } },
{ "type": "Feature", "properties": { "transect_id": "W-57300", "bank": "W", "chainage_m": 57300.0, "x0": 776586.3348756812, "y0": 2697381.4228730425, "nx": -0.96678082687780176, "ny": 0.25560679330071379, "lon": 89.726402, "lat": 24.365245, "near_bridge": false }, "geometry": { "type": "LineString", "coordinates": [ [ 778036.506115997908637, 2696998.012683091685176 ], [ 772719.21156816999428, 2698403.850046245381236 ] ] } },
{ "type": "Feature", "properties": { "transect_id": "W-57500", "bank": "W", "chainage_m": 57500.0, "x0": 776540.00602778606, "y0": 2697186.8935155715, "nx": -0.97794334902071178, "ny": 0.20887030929778996, "lon": 89.725908, "lat": 24.363498, "near_bridge": false }, "geometry": { "type": "LineString", "coordinates": [ [ 778006.921051317127421, 2696873.588051624596119 ], [ 772628.232631703256629, 2698022.374752762727439 ] ] } },
{ "type": "Feature", "properties": { "transect_id": "W-57700", "bank": "W", "chainage_m": 57700.0, "x0": 776502.50638137269, "y0": 2696990.4630560433, "nx": -0.98580074913223836, "ny": 0.16791927527927725, "lon": 89.725501, "lat": 24.361733, "near_bridge": false }, "geometry": { "type": "LineString", "coordinates": [ [ 777981.207505071070045, 2696738.584143124520779 ], [ 772559.303384843748063, 2697662.14015716034919 ] ] } },
{ "type": "Feature", "properties": { "transect_id": "W-57900", "bank": "W", "chainage_m": 57900.0, "x0": 776472.44798736204, "y0": 2696792.7488675849, "nx": -0.99086686663703416, "ny": 0.13484380816672933, "lon": 89.725167, "lat": 24.359954, "near_bridge": false }, "geometry": { "type": "LineString", "coordinates": [ [ 777958.748287317575887, 2696590.483155334834009 ], [ 772508.980520813958719, 2697332.12410025158897 ] ] } },
{ "type": "Feature", "properties": { "transect_id": "W-58100", "bank": "W", "chainage_m": 58100.0, "x0": 776448.11484715086, "y0": 2696594.2418651637, "nx": -0.99383731295361766, "ny": 0.1108485244878485, "lon": 89.724888, "lat": 24.358168, "near_bridge": false }, "geometry": { "type": "LineString", "coordinates": [ [ 777938.87081658130046, 2696427.969078431837261 ], [ 772472.765595336444676, 2697037.635963114909828 ] ] } },
{ "type": "Feature", "properties": { "transect_id": "W-58300", "bank": "W", "chainage_m": 58300.0, "x0": 776427.63790655567, "y0": 2696395.2955009295, "nx": -0.99535728320098638, "ny": 0.096249045599173008, "lon": 89.724648, "lat": 24.356376, "near_bridge": false }, "geometry": { "type": "LineString", "coordinates": [ [ 777920.673831357154995, 2696250.921932530589402 ], [ 772446.208773751743138, 2696780.291683326009661 ] ] } },
{ "type": "Feature", "properties": { "transect_id": "W-58500", "bank": "W", "chainage_m": 58500.0, "x0": 776409.16025504528, "y0": 2696196.1512606195, "nx": -0.99587965012909774, "ny": 0.090684742149635705, "lon": 89.724428, "lat": 24.354583, "near_bridge": false }, "geometry": { "type": "LineString", "coordinates": [ [ 777902.979730238905177, 2696060.124147395137697 ], [ 772425.641654528910294, 2696558.890229218173772 ] ] } },
{ "type": "Feature", "properties": { "transect_id": "W-58700", "bank": "W", "chainage_m": 58700.0, "x0": 776390.97683481325, "y0": 2695996.979663874, "nx": -0.99567409989235756, "ny": 0.09291440579126313, "lon": 89.72421, "lat": 24.35279, "near_bridge": false }, "geometry": { "type": "LineString", "coordinates": [ [ 777884.487984651816078, 2695857.608055186923593 ], [ 772408.280435243854299, 2696368.637287038844079 ] ] } },
{ "type": "Feature", "properties": { "transect_id": "W-58900", "bank": "W", "chainage_m": 58900.0, "x0": 776371.67125842348, "y0": 2695797.9145984328, "nx": -0.99483119533641662, "ny": 0.1015425663725141, "lon": 89.723982, "lat": 24.350997, "near_bridge": false }, "geometry": { "type": "LineString", "coordinates": [ [ 777863.918051428045146, 2695645.600748874247074 ], [ 772392.346477077808231, 2696204.084863923024386 ] ] } },
{ "type": "Feature", "properties": { "transect_id": "W-59100", "bank": "W", "chainage_m": 59100.0, "x0": 776350.12576057308, "y0": 2695599.0807735259, "nx": -0.99338282981281523, "ny": 0.11485013466724028, "lon": 89.723731, "lat": 24.349207, "near_bridge": false }, "geometry": { "type": "LineString", "coordinates": [ [ 777840.200005292310379, 2695426.805571524892002 ], [ 772376.594441321794875, 2696058.48131219483912 ] ] } },
{ "type": "Feature", "properties": { "transect_id": "W-59300", "bank": "W", "chainage_m": 59300.0, "x0": 776325.59304179263, "y0": 2695400.5943705472, "nx": -0.99139057678092557, "ny": 0.13093786415694919, "lon": 89.723451, "lat": 24.347421, "near_bridge": false }, "geometry": { "type": "LineString", "coordinates": [ [ 777812.678906964021735, 2695204.187574311625212 ], [ 772360.030734668951482, 2695924.345827174838632 ] ] } },
{ "type": "Feature", "properties": { "transect_id": "W-59500", "bank": "W", "chainage_m": 59500.0, "x0": 776297.70613804774, "y0": 2695202.5517044766, "nx": -0.98899614684260717, "ny": 0.14794127730446296, "lon": 89.723138, "lat": 24.345639, "near_bridge": false }, "geometry": { "type": "LineString", "coordinates": [ [ 777781.200358311645687, 2694980.639788520056754 ], [ 772341.72155067732092, 2695794.316813694313169 ] ] } },
{ "type": "Feature", "properties": { "transect_id": "W-59700", "bank": "W", "chainage_m": 59700.0, "x0": 776266.4578713777, "y0": 2695005.0111332401, "nx": -0.98643506338588183, "ny": 0.16415195924170792, "lon": 89.722793, "lat": 24.343862, "near_bridge": false }, "geometry": { "type": "LineString", "coordinates": [ [ 777746.110466456506401, 2694758.783194377552718 ], [ 772320.717617834219709, 2695661.618970206938684 ] ] } },
{ "type": "Feature", "properties": { "transect_id": "W-59900", "bank": "W", "chainage_m": 59900.0, "x0": 776232.16068264924, "y0": 2694807.9761314755, "nx": -0.98401263432270447, "ny": 0.17809866785939579, "lon": 89.722417, "lat": 24.342091, "near_bridge": false }, "geometry": { "type": "LineString", "coordinates": [ [ 777708.179634133237414, 2694540.828129686415195 ], [ 772296.110145358368754, 2695520.37080291332677 ] ] } },
{ "type": "Feature", "properties": { "transect_id": "W-60100", "bank": "W", "chainage_m": 60100.0, "x0": 776195.38961061975, "y0": 2694611.3867371446, "nx": -0.9820440770891502, "ny": 0.18865161185136786, "lon": 89.722017, "lat": 24.340324, "near_bridge": false }, "geometry": { "type": "LineString", "coordinates": [ [ 777668.455726253450848, 2694328.409319367725402 ], [ 772267.213302263175137, 2695365.993184550199658 ] ] } },
{ "type": "Feature", "properties": { "transect_id": "W-60300", "bank": "W", "chainage_m": 60300.0, "x0": 776156.91058517667, "y0": 2694415.1236584927, "nx": -0.98079899580680319, "ny": 0.19502135735443571, "lon": 89.7216, "lat": 24.33856, "near_bridge": false }, "geometry": { "type": "LineString", "coordinates": [ [ 777628.109078886918724, 2694122.591622461099178 ], [ 772233.714601949439384, 2695195.209087910596281 ] ] } },
{ "type": "Feature", "properties": { "transect_id": "W-60500", "bank": "W", "chainage_m": 60500.0, "x0": 776117.61408204201, "y0": 2694219.0222225958, "nx": -0.98045309788187407, "ny": 0.19675294878053598, "lon": 89.721175, "lat": 24.336798, "near_bridge": false }, "geometry": { "type": "LineString", "coordinates": [ [ 777588.293728864868172, 2693923.892799424938858 ], [ 772195.801690514548682, 2695006.03401771793142 ] ] } },
{ "type": "Feature", "properties": { "transect_id": "W-60700", "bank": "W", "chainage_m": 60700.0, "x0": 776078.44935945072, "y0": 2694022.8945101784, "nx": -0.98105957221375806, "ny": 0.19370626156053464, "lon": 89.720752, "lat": 24.335035, "near_bridge": false }, "geometry": { "type": "LineString", "coordinates": [ [ 777550.038717771414667, 2693732.335117837414145 ], [ 772154.211070595658384, 2694797.719556420575827 ] ] } },
{ "type": "Feature", "properties": { "transect_id": "W-60900", "bank": "W", "chainage_m": 60900.0, "x0": 776040.36340670055, "y0": 2693826.5549099753, "nx": -0.98254195478611661, "ny": 0.18604114352765247, "lon": 89.720339, "lat": 24.333271, "near_bridge": false }, "geometry": { "type": "LineString", "coordinates": [ [ 777514.176338879740797, 2693547.493194683920592 ], [ 772110.195587556110695, 2694570.71948408568278 ] ] } },
{ "type": "Feature", "properties": { "transect_id": "W-61100", "bank": "W", "chainage_m": 61100.0, "x0": 776004.24310148228, "y0": 2693629.8448148333, "nx": -0.98471080448897563, "ny": 0.17419710537972322, "lon": 89.719945, "lat": 24.331502, "near_bridge": false }, "geometry": { "type": "LineString", "coordinates": [ [ 777481.309308215742931, 2693368.549156763590872 ], [ 772065.39988352637738, 2694326.633236352354288 ] ] } },
{ "type": "Feature", "properties": { "transect_id": "W-61300", "bank": "W", "chainage_m": 61300.0, "x0": 775970.85896552692, "y0": 2693432.6524894587, "nx": -0.98729625168087143, "ny": 0.15889024959669895, "lon": 89.719579, "lat": 24.329729, "near_bridge": false }, "geometry": { "type": "LineString", "coordinates": [ [ 777451.803343048202805, 2693194.317115063779056 ], [ 772021.673958803410642, 2694068.213487845379859 ] ] } },
{ "type": "Feature", "properties": { "transect_id": "W-61500", "bank": "W", "chainage_m": 61500.0, "x0": 775940.82340986002, "y0": 2693234.9228558792, "nx": -0.99001902945662934, "ny": 0.14093374795893862, "lon": 89.719245, "lat": 24.327951, "near_bridge": false }, "geometry": { "type": "LineString", "coordinates": [ [ 777425.851954045007005, 2693023.522233940660954 ], [ 771980.747292033513077, 2693798.657847715076059 ] ] } },
{ "type": "Feature", "properties": { "transect_id": "W-61700", "bank": "W", "chainage_m": 61700.0, "x0": 775914.53850052902, "y0": 2693036.660009637, "nx": -0.99255208513330695, "ny": 0.12182100926163968, "lon": 89.718948, "lat": 24.326167, "near_bridge": false }, "geometry": { "type": "LineString", "coordinates": [ [ 777403.366628228919581, 2692853.928495744708925 ], [ 771944.330159995821305, 2693523.944046683609486 ] ] } },
{ "type": "Feature", "properties": { "transect_id": "W-61900", "bank": "W", "chainage_m": 61900.0, "x0": 775892.09505491541, "y0": 2692837.9257870531, "nx": -0.99470361940069596, "ny": 0.10278477295375785, "lon": 89.718689, "lat": 24.324378, "near_bridge": false }, "geometry": { "type": "LineString", "coordinates": [ [ 777384.150484016397968, 2692683.748627622611821 ], [ 771913.280577312572859, 2693249.064878867939115 ] ] } },
{ "type": "Feature", "properties": { "transect_id": "W-62100", "bank": "W", "chainage_m": 62100.0, "x0": 775873.35815851565, "y0": 2692638.8076623697, "nx": -0.9963739548250502, "ny": 0.085081973098234176, "lon": 89.718466, "lat": 24.322585, "near_bridge": false }, "geometry": { "type": "LineString", "coordinates": [ [ 777367.919090753188357, 2692511.184702722355723 ], [ 771887.862339215469547, 2692979.135554762557149 ] ] } },
{ "type": "Feature", "properties": { "transect_id": "W-62300", "bank": "W", "chainage_m": 62300.0, "x0": 775857.93223742535, "y0": 2692439.4051437164, "nx": -0.9975484464218497, "ny": 0.06997926150906629, "lon": 89.718276, "lat": 24.320788, "near_bridge": false }, "geometry": { "type": "LineString", "coordinates": [ [ 777354.254907058086246, 2692334.436251452658325 ], [ 771867.738451737910509, 2692719.322189752478153 ] ] } },
{ "type": "Feature", "properties": { "transect_id": "W-62500", "bank": "W", "chainage_m": 62500.0, "x0": 775845.17945470323, "y0": 2692239.8131303168, "nx": -0.99828139087690904, "ny": 0.058602599164746562, "lon": 89.718112, "lat": 24.31899, "near_bridge": false }, "geometry": { "type": "LineString", "coordinates": [ [ 777342.601541018579155, 2692151.909231569617987 ], [ 771852.053891195566393, 2692474.223526975605637 ] ] } },
{ "type": "Feature", "properties": { "transect_id": "W-62700", "bank": "W", "chainage_m": 62700.0, "x0": 775834.26028598868, "y0": 2692040.1117893718, "nx": -0.99865592193330688, "ny": 0.051830006632614986, "lon": 89.717966, "lat": 24.31719, "near_bridge": false }, "geometry": { "type": "LineString", "coordinates": [ [ 777332.244168888661079, 2691962.366779422853142 ], [ 771839.636598255485296, 2692247.431815902236849 ] ] } },
{ "type": "Feature", "properties": { "transect_id": "W-62900", "bank": "W", "chainage_m": 62900.0, "x0": 775824.18596714211, "y0": 2691840.3657076578, "nx": -0.99873567224341642, "ny": 0.050269841739266449, "lon": 89.717828, "lat": 24.31539, "near_bridge": false }, "geometry": { "type": "LineString", "coordinates": [ [ 777322.289475507219322, 2691764.960945048835129 ], [ 771829.243278168491088, 2692041.445074614603072 ] ] } },
{ "type": "Feature", "properties": { "transect_id": "W-63100", "bank": "W", "chainage_m": 63100.0, "x0": 775813.87526806083, "y0": 2691640.631771368, "nx": -0.99852829414367306, "ny": 0.054233253586028804, "lon": 89.717688, "lat": 24.31359, "near_bridge": false }, "geometry": { "type": "LineString", "coordinates": [ [ 777311.667709276312962, 2691559.281890988815576 ], [ 771819.762091486132704, 2691857.564785711932927 ] ] } },
{ "type": "Feature", "properties": { "transect_id": "W-63300", "bank": "W", "chainage_m": 63300.0, "x0": 775802.21531586151, "y0": 2691440.9726111246, "nx": -0.99796764056300025, "ny": 0.063722746245892803, "lon": 89.717535, "lat": 24.311791, "near_bridge": false }, "geometry": { "type": "LineString", "coordinates": [ [ 777299.166776705998927, 2691345.388491755817086 ], [ 771810.344753609504551, 2691695.863596108276397 ] ] } },
{ "type": "Feature", "properties": { "transect_id": "W-63500", "bank": "W", "chainage_m": 63500.0, "x0": 775788.12420276448, "y0": 2691241.4712692504, "nx": -0.99691920997426775, "ny": 0.078435252178352233, "lon": 89.717358, "lat": 24.309993, "near_bridge": false }, "geometry": { "type": "LineString", "coordinates": [ [ 777283.50301772588864, 2691123.818390982691199 ], [ 771800.447362867416814, 2691555.212277963757515 ] ] } },
{ "type": "Feature", "properties": { "transect_id": "W-63700", "bank": "W", "chainage_m": 63700.0, "x0": 775770.60887049837, "y0": 2691042.2426344869, "nx": -0.9952083078422157, "ny": 0.097777420715795649, "lon": 89.717147, "lat": 24.308199, "near_bridge": false }, "geometry": { "type": "LineString", "coordinates": [ [ 777263.42133226164151, 2690895.576503413263708 ], [ 771789.775639129453339, 2691433.352317349985242 ] ] } },
{ "type": "Feature", "properties": { "transect_id": "W-63900", "bank": "W", "chainage_m": 63900.0, "x0": 775748.82749491406, "y0": 2690843.4365506582, "nx": -0.99267314056499845, "ny": 0.12083060870831903, "lon": 89.716894, "lat": 24.306409, "near_bridge": false }, "geometry": { "type": "LineString", "coordinates": [ [ 777237.837205761577934, 2690662.190637595485896 ], [ 771778.134932654094882, 2691326.758985491469502 ] ] } },
{ "type": "Feature", "properties": { "transect_id": "W-64100", "bank": "W", "chainage_m": 64100.0, "x0": 775722.14325703401, "y0": 2690645.2303038519, "nx": -0.98920340883052438, "ny": 0.14654902237159639, "lon": 89.716594, "lat": 24.304626, "near_bridge": false }, "geometry": { "type": "LineString", "coordinates": [ [ 777205.948370279744267, 2690425.40677029453218 ], [ 771765.329621711862274, 2691231.426393338479102 ] ] } },
{ "type": "Feature", "properties": { "transect_id": "W-64300", "bank": "W", "chainage_m": 64300.0, "x0": 775690.14087756118, "y0": 2690447.8139821789, "nx": -0.98480344759665284, "ny": 0.17367259312207781, "lon": 89.716241, "lat": 24.302851, "near_bridge": false }, "geometry": { "type": "LineString", "coordinates": [ [ 777167.346048956154846, 2690187.30509249586612 ], [ 771750.927087174612097, 2691142.504354667384177 ] ] } },
{ "type": "Feature", "properties": { "transect_id": "W-64500", "bank": "W", "chainage_m": 64500.0, "x0": 775652.66985438205, "y0": 2690251.3628920345, "nx": -0.97960511726351351, "ny": 0.20093236232906284, "lon": 89.715834, "lat": 24.301085, "near_bridge": false }, "geometry": { "type": "LineString", "coordinates": [ [ 777122.077530277310871, 2689949.964348540641367 ], [ 771734.249385328032076, 2691055.092341350857168 ] ] } },
{ "type": "Feature", "properties": { "transect_id": "W-64700", "bank": "W", "chainage_m": 64700.0, "x0": 775609.82646528049, "y0": 2690056.0131520908, "nx": -0.97387221074319441, "ny": 0.2270967131910171, "lon": 89.715375, "lat": 24.29933, "near_bridge": false }, "geometry": { "type": "LineString", "coordinates": [ [ 777070.634781395317987, 2689715.368082304485142 ], [ 771714.337622307706624, 2690964.400004854891449 ] ] } },
{ "type": "Feature", "properties": { "transect_id": "W-64900", "bank": "W", "chainage_m": 64900.0, "x0": 775561.94329080579, "y0": 2689861.8367177895, "nx": -0.96796395705076743, "ny": 0.25108918306175598, "lon": 89.714866, "lat": 24.297587, "near_bridge": false }, "geometry": { "type": "LineString", "coordinates": [ [ 777013.889226381899789, 2689485.202943196985871 ], [ 771690.087462602765299, 2690866.193450036458671 ] ] } },
{ "type": "Feature", "properties": { "transect_id": "W-65100", "bank": "W", "chainage_m": 65100.0, "x0": 775509.54677491868, "y0": 2689668.8280818225, "nx": -0.96228724493410511, "ny": 0.27203539886773842, "lon": 89.714313, "lat": 24.295854, "near_bridge": false }, "geometry": { "type": "LineString", "coordinates": [ [ 776952.977642319863662, 2689260.774983521085232 ], [ 771660.397795182303526, 2690756.969677293673158 ] ] } },
{ "type": "Feature", "properties": { "transect_id": "W-65300", "bank": "W", "chainage_m": 65300.0, "x0": 775453.31863950065, "y0": 2689476.8990791854, "nx": -0.95725106566363904, "ny": 0.28925835733099792, "lon": 89.713723, "lat": 24.294133, "near_bridge": false }, "geometry": { "type": "LineString", "coordinates": [ [ 776889.195237996056676, 2689043.011543189175427 ], [ 771624.314376846072264, 2690633.932508509606123 ] ] } },
{ "type": "Feature", "properties": { "transect_id": "W-65500", "bank": "W", "chainage_m": 65500.0, "x0": 775394.0554006825, "y0": 2689285.8836828475, "nx": -0.95321479780919527, "ny": 0.30229381276760348, "lon": 89.713103, "lat": 24.29242, "near_bridge": false }, "geometry": { "type": "LineString", "coordinates": [ [ 776823.87759739626199, 2688832.442963696084917 ], [ 771581.196209445712157, 2690495.058933917898685 ] ] } },
{ "type": "Feature", "properties": { "transect_id": "W-65700", "bank": "W", "chainage_m": 65700.0, "x0": 775332.62544904137, "y0": 2689095.552555664, "nx": -0.95045334900283274, "ny": 0.31086722466239436, "lon": 89.712462, "lat": 24.290714, "near_bridge": false }, "geometry": { "type": "LineString", "coordinates": [ [ 776758.305472545675002, 2688629.251718670595437 ], [ 771530.812053030007519, 2690339.021454313769937 ] ] } },
{ "type": "Feature", "properties": { "transect_id": "W-65900", "bank": "W", "chainage_m": 65900.0, "x0": 775269.94111591659, "y0": 2688905.6299603954, "nx": -0.94915672809023899, "ny": 0.31480391598744772, "lon": 89.711808, "lat": 24.289011, "near_bridge": false }, "geometry": { "type": "LineString", "coordinates": [ [ 776693.676208051969297, 2688433.424086414277554 ], [ 771473.314203555579297, 2690164.845624345354736 ] ] } },
{ "type": "Feature", "properties": { "transect_id": "W-66100", "bank": "W", "chainage_m": 66100.0, "x0": 775206.93982175482, "y0": 2688715.8120802301, "nx": -0.94941446445771238, "ny": 0.31402575480121897, "lon": 89.711152, "lat": 24.28731, "near_bridge": false }, "geometry": { "type": "LineString", "coordinates": [ [ 776631.061518441420048, 2688244.773448028136045 ], [ 771409.281963923946023, 2689971.915099435020238 ] ] } },
{ "type": "Feature", "properties": { "transect_id": "W-66300", "bank": "W", "chainage_m": 66300.0, "x0": 775144.56795099843, "y0": 2688525.7867882578, "nx": -0.95121965661585184, "ny": 0.3085144483936223, "lon": 89.710502, "lat": 24.285606, "near_bridge": false }, "geometry": { "type": "LineString", "coordinates": [ [ 776571.397435922175646, 2688063.015115667134523 ], [ 771339.689324535080232, 2689759.844581832177937 ] ] } },
{ "type": "Feature", "properties": { "transect_id": "W-66500", "bank": "W", "chainage_m": 66500.0, "x0": 775083.77098818065, "y0": 2688335.2522456353, "nx": -0.95453067967327432, "ny": 0.29811269943173713, "lon": 89.709867, "lat": 24.283898, "near_bridge": false }, "geometry": { "type": "LineString", "coordinates": [ [ 776515.567007690551691, 2687888.083196487743407 ], [ 771265.648269487544894, 2689527.703043362125754 ] ] } },
{ "type": "Feature", "properties": { "transect_id": "W-66700", "bank": "W", "chainage_m": 66700.0, "x0": 775025.56007890229, "y0": 2688143.9127263008, "nx": -0.95911417634117768, "ny": 0.2830194282048219, "lon": 89.709257, "lat": 24.282182, "near_bridge": false }, "geometry": { "type": "LineString", "coordinates": [ [ 776464.23134341405239, 2687719.383583993650973 ], [ 771189.103373537538573, 2689275.990439120214432 ] ] } },
{ "type": "Feature", "properties": { "transect_id": "W-66900", "bank": "W", "chainage_m": 66900.0, "x0": 774970.78039308195, "y0": 2687951.5646804306, "nx": -0.96459236978420027, "ny": 0.26374525617364325, "lon": 89.708681, "lat": 24.280456, "near_bridge": false }, "geometry": { "type": "LineString", "coordinates": [ [ 776417.668947758269496, 2687555.946796169970185 ], [ 771112.410913945175707, 2689006.545705125201494 ] ] } },
{ "type": "Feature", "properties": { "transect_id": "W-67100", "bank": "W", "chainage_m": 67100.0, "x0": 774920.26485658635, "y0": 2687758.0554560865, "nx": -0.97065590144262814, "ny": 0.2404727032213827, "lon": 89.708147, "lat": 24.278719, "near_bridge": false }, "geometry": { "type": "LineString", "coordinates": [ [ 776376.248708750237711, 2687397.34640125464648 ], [ 771037.641250815824606, 2688719.94626897200942 ] ] } },
{ "type": "Feature", "properties": { "transect_id": "W-67300", "bank": "W", "chainage_m": 67300.0, "x0": 774874.77380765614, "y0": 2687563.3064303333, "nx": -0.97691568387508265, "ny": 0.21362524803702268, "lon": 89.707662, "lat": 24.27697, "near_bridge": false }, "geometry": { "type": "LineString", "coordinates": [ [ 776340.147333468776196, 2687242.868558277841657 ], [ 770967.111072155763395, 2688417.807422481477261 ] ] } },
{ "type": "Feature", "properties": { "transect_id": "W-67500", "bank": "W", "chainage_m": 67500.0, "x0": 774834.97083009861, "y0": 2687367.3182152146, "nx": -0.98297364613444571, "ny": 0.1837465945402893, "lon": 89.707233, "lat": 24.275209, "near_bridge": false }, "geometry": { "type": "LineString", "coordinates": [ [ 776309.431299300282262, 2687091.698323404416442 ], [ 770903.076245560776442, 2688102.304593375883996 ] ] } },
{ "type": "Feature", "properties": { "transect_id": "W-67700", "bank": "W", "chainage_m": 67700.0, "x0": 774801.39698247064, "y0": 2687170.1693540197, "nx": -0.98845297351362693, "ny": 0.15152794841899345, "lon": 89.706865, "lat": 24.273436, "near_bridge": false }, "geometry": { "type": "LineString", "coordinates": [ [ 776284.076442741090432, 2686942.877431391272694 ], [ 770847.585088416119106, 2687776.281147695612162 ] ] } },
{ "type": "Feature", "properties": { "transect_id": "W-67900", "bank": "W", "chainage_m": 67900.0, "x0": 774774.43882182078, "y0": 2686972.0087332684, "nx": -0.99303642231089906, "ny": 0.11780774152817698, "lon": 89.706561, "lat": 24.271653, "near_bridge": false }, "geometry": { "type": "LineString", "coordinates": [ [ 776263.993455287069082, 2686795.297120976261795 ], [ 770802.293132577207871, 2687443.239699380937964 ] ] } },
{ "type": "Feature", "properties": { "transect_id": "W-68100", "bank": "W", "chainage_m": 68100.0, "x0": 774754.30810345442, "y0": 2686773.0390483052, "nx": -0.99650953138724885, "ny": 0.083479062371146356, "lon": 89.706325, "lat": 24.269862, "near_bridge": false }, "geometry": { "type": "LineString", "coordinates": [ [ 776249.072400535340421, 2686647.820454748347402 ], [ 770768.269977905438282, 2687106.955297790002078 ] ] } },
{ "type": "Feature", "properties": { "transect_id": "W-68300", "bank": "W", "chainage_m": 68300.0, "x0": 774741.0319739714, "y0": 2686573.4944071793, "nx": -0.99877405911144501, "ny": 0.049501301458119165, "lon": 89.706156, "lat": 24.268064, "near_bridge": false }, "geometry": { "type": "LineString", "coordinates": [ [ 776239.193062638514675, 2686499.242454992141575 ], [ 770745.935737525578588, 2686771.499613011721522 ] ] } },
{ "type": "Feature", "properties": { "transect_id": "W-68500", "bank": "W", "chainage_m": 68500.0, "x0": 774734.44328382507, "y0": 2686373.6160698063, "nx": -0.99985831812943204, "ny": 0.016832815194835902, "lon": 89.706053, "lat": 24.266262, "near_bridge": false }, "geometry": { "type": "LineString", "coordinates": [ [ 776234.230761019163765, 2686348.366847014054656 ], [ 770735.010011307313107, 2686440.947330585680902 ] ] } },
{ "type": "Feature", "properties": { "transect_id": "W-68700", "bank": "W", "chainage_m": 68700.0, "x0": 774734.18827630777, "y0": 2686173.6276187738, "nx": -0.99990719054659627, "ny": -0.013623886861418801, "lon": 89.706013, "lat": 24.264458, "near_bridge": false }, "geometry": { "type": "LineString", "coordinates": [ [ 776234.049062127713114, 2686194.063449066132307 ], [ 770734.559514121385291, 2686119.132071328349411 ] ] } },
{ "type": "Feature", "properties": { "transect_id": "W-68900", "bank": "W", "chainage_m": 68900.0, "x0": 774739.74267325969, "y0": 2685973.7140536159, "nx": -0.99915559117250219, "ny": -0.041086550460312163, "lon": 89.706029, "lat": 24.262653, "near_bridge": false }, "geometry": { "type": "LineString", "coordinates": [ [ 776238.476060018409044, 2686035.343879306223243 ], [ 770743.120308569632471, 2685809.367851774673909 ] ] } },
{ "type": "Feature", "properties": { "transect_id": "W-69100", "bank": "W", "chainage_m": 69100.0, "x0": 774750.43862619298, "y0": 2685774.0072962912, "nx": -0.99789264455399684, "ny": -0.064886592952862726, "lon": 89.706096, "lat": 24.260849, "near_bridge": false }, "geometry": { "type": "LineString", "coordinates": [ [ 776247.277593023958616, 2685871.337185720447451 ], [ 770758.86804797698278, 2685514.460924479644746 ] ] } },
{ "type": "Feature", "properties": { "transect_id": "W-69300", "bank": "W", "chainage_m": 69300.0, "x0": 774765.48618119105, "y0": 2685574.5789908585, "nx": -0.99642441080929312, "ny": -0.084489014335315346, "lon": 89.706206, "lat": 24.259048, "near_bridge": false }, "geometry": { "type": "LineString", "coordinates": [ [ 776260.122797404997982, 2685701.312512361444533 ], [ 770779.788537953863852, 2685236.622933517210186 ] ] } },
{ "type": "Feature", "properties": { "transect_id": "W-69500", "bank": "W", "chainage_m": 69500.0, "x0": 774784.0041767254, "y0": 2685375.4409957943, "nx": -0.99503645010278219, "ny": -0.099511119815090365, "lon": 89.70635, "lat": 24.257248, "near_bridge": false }, "geometry": { "type": "LineString", "coordinates": [ [ 776276.558851879555732, 2685524.707675517071038 ], [ 770803.858376314281486, 2684977.396516534034163 ] ] } },
{ "type": "Feature", "properties": { "transect_id": "W-69700", "bank": "W", "chainage_m": 69700.0, "x0": 774805.04863340105, "y0": 2685176.5525972652, "nx": -0.99396375724454944, "ny": -0.10970892982933672, "lon": 89.706519, "lat": 24.25545, "near_bridge": false }, "geometry": { "type": "LineString", "coordinates": [ [ 776295.99426926788874, 2685341.115992009174079 ], [ 770829.193604422849603, 2684737.716877948027104 ] ] } },
{ "type": "Feature", "properties": { "transect_id": "W-69900", "bank": "W", "chainage_m": 69900.0, "x0": 774827.64062055806, "y0": 2684977.8330626586, "nx": -0.99336798460760489, "ny": -0.11497846388183063, "lon": 89.706704, "lat": 24.253653, "near_bridge": false }, "geometry": { "type": "LineString", "coordinates": [ [ 776317.692597469431348, 2685150.300758481491357 ], [ 770854.168682127608918, 2684517.91920713102445 ] ] } },
{ "type": "Feature", "properties": { "transect_id": "W-70100", "bank": "W", "chainage_m": 70100.0, "x0": 774850.79535059887, "y0": 2684779.1779503305, "nx": -0.99332347384394359, "ny": -0.11536236956044307, "lon": 89.706894, "lat": 24.251857, "near_bridge": false }, "geometry": { "type": "LineString", "coordinates": [ [ 776340.780561364837922, 2684952.221504671033472 ], [ 770877.501455223071389, 2684317.728472088929266 ] ] } },
{ "type": "Feature", "properties": { "transect_id": "W-70300", "bank": "W", "chainage_m": 70300.0, "x0": 774873.54912278394, "y0": 2684580.4767453563, "nx": -0.99381744235756297, "ny": -0.11102653406223252, "lon": 89.707079, "lat": 24.25006, "near_bridge": false }, "geometry": { "type": "LineString", "coordinates": [ [ 776364.275286320247687, 2684747.016546449624002 ], [ 770898.279353353660554, 2684136.370609107427299 ] ] } },
{ "type": "Feature", "properties": { "transect_id": "W-70500", "bank": "W", "chainage_m": 70500.0, "x0": 774894.98417038855, "y0": 2684381.6296990057, "nx": -0.99475718318783901, "ny": -0.10226507955404895, "lon": 89.707252, "lat": 24.248262, "near_bridge": false }, "geometry": { "type": "LineString", "coordinates": [ [ 776387.119945170357823, 2684535.027318337000906 ], [ 770915.955437637167051, 2683972.569380789529532 ] ] } },
{ "type": "Feature", "properties": { "transect_id": "W-70700", "bank": "W", "chainage_m": 70700.0, "x0": 774914.25446821307, "y0": 2684182.5623033363, "nx": -0.99598652246591801, "ny": -0.089503335503474307, "lon": 89.707404, "lat": 24.246463, "near_bridge": false }, "geometry": { "type": "LineString", "coordinates": [ [ 776408.234251911984757, 2684316.81730659166351 ], [ 770930.308378349407576, 2683824.54896132228896 ] ] } },
{ "type": "Feature", "properties": { "transect_id": "W-70900", "bank": "W", "chainage_m": 70900.0, "x0": 774930.61205011979, "y0": 2683983.2356940527, "nx": -0.99731076078651393, "ny": -0.073288787815222745, "lon": 89.707527, "lat": 24.244662, "near_bridge": false }, "geometry": { "type": "LineString", "coordinates": [ [ 776426.578191299573518, 2684093.168875775299966 ], [ 770941.369006973691285, 2683690.080542791634798 ] ] } },
{ "type": "Feature", "properties": { "transect_id": "W-71100", "bank": "W", "chainage_m": 71100.0, "x0": 774943.42875036609, "y0": 2683783.6513646105, "nx": -0.99852659090543716, "ny": -0.054264604069003616, "lon": 89.707615, "lat": 24.242859, "near_bridge": false }, "geometry": { "type": "LineString", "coordinates": [ [ 776441.218636724282987, 2683865.048270714003593 ], [ 770949.322386744315736, 2683566.592948334291577 ] ] } },
{ "type": "Feature", "properties": { "transect_id": "W-71300", "bank": "W", "chainage_m": 71300.0, "x0": 774952.21229662804, "y0": 2683583.8499547122, "nx": -0.99945069312046542, "ny": -0.033140790893112483, "lon": 89.707663, "lat": 24.241055, "near_bridge": false }, "geometry": { "type": "LineString", "coordinates": [ [ 776451.388336308766156, 2683633.561141051817685 ], [ 770954.409524146234617, 2683451.286791139747947 ] ] } },
{ "type": "Feature", "properties": { "transect_id": "W-71500", "bank": "W", "chainage_m": 71500.0, "x0": 774956.61582383234, "y0": 2683383.9047959954, "nx": -0.99994342116262602, "ny": -0.010637409157461523, "lon": 89.707668, "lat": 24.23925, "near_bridge": false }, "geometry": { "type": "LineString", "coordinates": [ [ 776456.530955576337874, 2683399.860909731592983 ], [ 770956.842139181797393, 2683341.355159365572035 ] ] } },
{ "type": "Feature", "properties": { "transect_id": "W-71700", "bank": "W", "chainage_m": 71700.0, "x0": 774956.43261669064, "y0": 2683183.911627078, "nx": -0.99992108939390789, "ny": 0.012562443444666938, "lon": 89.707628, "lat": 24.237446, "near_bridge": false }, "geometry": { "type": "LineString", "coordinates": [ [ 776456.314250781550072, 2683165.067961910739541 ], [ 770956.748259115032852, 2683234.1614008564502 ] ] } },
{ "type": "Feature", "properties": { "transect_id": "W-71900", "bank": "W", "chainage_m": 71900.0, "x0": 774951.58645310055, "y0": 2682983.9771580198, "nx": -0.99935684095587429, "ny": 0.035859509682860918, "lon": 89.707542, "lat": 24.235643, "near_bridge": false }, "geometry": { "type": "LineString", "coordinates": [ [ 776450.621714534354396, 2682930.187893495429307 ], [ 770954.159089277032763, 2683127.415196751244366 ] ] } },
{ "type": "Feature", "properties": { "transect_id": "W-72100", "bank": "W", "chainage_m": 72100.0, "x0": 774942.10868505004, "y0": 2682784.2084618364, "nx": -0.99827083935648286, "ny": 0.058782066061880175, "lon": 89.707411, "lat": 24.233842, "near_bridge": false }, "geometry": { "type": "LineString", "coordinates": [ [ 776439.514944084803574, 2682696.035362743772566 ], [ 770949.025327624054626, 2683019.336726083885878 ] ] } },
{ "type": "Feature", "properties": { "transect_id": "W-72300", "bank": "W", "chainage_m": 72300.0, "x0": 774928.10903283861, "y0": 2682584.7052873205, "nx": -0.9967124836562361, "ny": 0.081019904491534747, "lon": 89.707235, "lat": 24.232045, "near_bridge": false }, "geometry": { "type": "LineString", "coordinates": [ [ 776423.177758322912268, 2682463.175430583301932 ], [ 770941.25909821363166, 2682908.784905286505818 ] ] } },
{ "type": "Feature", "properties": { "transect_id": "W-72500", "bank": "W", "chainage_m": 72500.0, "x0": 774909.74473305827, "y0": 2682385.5560058849, "nx": -0.99474316635902871, "ny": 0.10240133291131366, "lon": 89.707016, "lat": 24.230251, "near_bridge": false }, "geometry": { "type": "LineString", "coordinates": [ [ 776401.859482596861199, 2682231.954006517771631 ], [ 770930.772067622165196, 2682795.161337530240417 ] ] } },
{ "type": "Feature", "properties": { "transect_id": "W-72700", "bank": "W", "chainage_m": 72700.0, "x0": 774887.1962527032, "y0": 2682186.8365188437, "nx": -0.99242418121251985, "ny": 0.12285863642682772, "lon": 89.706757, "lat": 24.228462, "near_bridge": false }, "geometry": { "type": "LineString", "coordinates": [ [ 776375.832524521974847, 2682002.548564203549176 ], [ 770917.499527853098698, 2682678.271064551081508 ] ] } },
{ "type": "Feature", "properties": { "transect_id": "W-72900", "bank": "W", "chainage_m": 72900.0, "x0": 774860.6474250243, "y0": 2681988.611395698, "nx": -0.98980644693461539, "ny": 0.14241909144027154, "lon": 89.706458, "lat": 24.226679, "near_bridge": false }, "geometry": { "type": "LineString", "coordinates": [ [ 776345.357095426181331, 2681774.982758537866175 ], [ 770901.421637285850011, 2682558.287761459127069 ] ] } },
{ "type": "Feature", "properties": { "transect_id": "W-73100", "bank": "W", "chainage_m": 73100.0, "x0": 774830.27107793523, "y0": 2681790.9362337142, "nx": -0.98692873783318191, "ny": 0.16115727237392166, "lon": 89.706121, "lat": 24.224901, "near_bridge": false }, "geometry": { "type": "LineString", "coordinates": [ [ 776310.664184684981592, 2681549.200325153302401 ], [ 770882.556126602459699, 2682435.565323209855705 ] ] } },
{ "type": "Feature", "properties": { "transect_id": "W-73300", "bank": "W", "chainage_m": 73300.0, "x0": 774796.22316218377, "y0": 2681593.8599315663, "nx": -0.98382187740954785, "ny": 0.1791494167736884, "lon": 89.705748, "lat": 24.223129, "near_bridge": false }, "geometry": { "type": "LineString", "coordinates": [ [ 776271.955978298094124, 2681325.13580640591681 ], [ 770860.935652545536868, 2682310.457598661072552 ] ] } },
{ "type": "Feature", "properties": { "transect_id": "W-73500", "bank": "W", "chainage_m": 73500.0, "x0": 774758.64778266218, "y0": 2681397.4253298696, "nx": -0.98051622719982579, "ny": 0.19643810271385712, "lon": 89.705341, "lat": 24.221363, "near_bridge": false }, "geometry": { "type": "LineString", "coordinates": [ [ 776229.422123461961746, 2681102.768175798933953 ], [ 770836.58287386293523, 2682183.177740725222975 ] ] } },
{ "type": "Feature", "properties": { "transect_id": "W-73700", "bank": "W", "chainage_m": 73700.0, "x0": 774717.68427796103, "y0": 2681201.6688690442, "nx": -0.97704774356339474, "ny": 0.2130204375117061, "lon": 89.704901, "lat": 24.219604, "near_bridge": false }, "geometry": { "type": "LineString", "coordinates": [ [ 776183.255893306108192, 2680882.138212776742876 ], [ 770809.49330370745156, 2682053.75061909109354 ] ] } },
{ "type": "Feature", "properties": { "transect_id": "W-73900", "bank": "W", "chainage_m": 73900.0, "x0": 774673.48114870791, "y0": 2681006.6179798832, "nx": -0.97347342134145398, "ny": 0.22880012662095267, "lon": 89.704429, "lat": 24.217852, "near_bridge": false }, "geometry": { "type": "LineString", "coordinates": [ [ 776133.691280720056966, 2680663.417789951898158 ], [ 770779.587463342119008, 2681921.818486366886646 ] ] } },
{ "type": "Feature", "properties": { "transect_id": "W-74100", "bank": "W", "chainage_m": 74100.0, "x0": 774626.2130657935, "y0": 2680812.2865871754, "nx": -0.96987017891022731, "ny": 0.24362232258281183, "lon": 89.703927, "lat": 24.216107, "near_bridge": false }, "geometry": { "type": "LineString", "coordinates": [ [ 776081.01833415881265, 2680446.853103301022202 ], [ 770746.73235015256796, 2681786.77587750647217 ] ] } },
{ "type": "Feature", "properties": { "transect_id": "W-74300", "bank": "W", "chainage_m": 74300.0, "x0": 774576.09181311249, "y0": 2680618.6708645918, "nx": -0.96633917787200851, "ny": 0.25727143896991533, "lon": 89.703397, "lat": 24.214369, "near_bridge": false }, "geometry": { "type": "LineString", "coordinates": [ [ 776025.600579920457676, 2680232.763706136960536 ], [ 770710.735101624508388, 2681647.75662047136575 ] ] } },
{ "type": "Feature", "properties": { "transect_id": "W-74500", "bank": "W", "chainage_m": 74500.0, "x0": 774523.37746979389, "y0": 2680425.7443806101, "nx": -0.963005723322509, "ny": 0.26948093967494474, "lon": 89.702842, "lat": 24.212638, "near_bridge": false }, "geometry": { "type": "LineString", "coordinates": [ [ 775967.886054777656682, 2680021.522971097845584 ], [ 770671.35457650385797, 2681503.668139309622347 ] ] } },
{ "type": "Feature", "properties": { "transect_id": "W-74700", "bank": "W", "chainage_m": 74700.0, "x0": 774468.38574597752, "y0": 2680233.4540584465, "nx": -0.95999055557028801, "ny": 0.2800323788704619, "lon": 89.702264, "lat": 24.210912, "near_bridge": false }, "geometry": { "type": "LineString", "coordinates": [ [ 775908.371579332975671, 2679813.405490140896291 ], [ 770628.423523696372285, 2681353.583573928102851 ] ] } },
{ "type": "Feature", "properties": { "transect_id": "W-74900", "bank": "W", "chainage_m": 74900.0, "x0": 774411.46090737463, "y0": 2680041.7267753077, "nx": -0.95744817629008572, "ny": 0.28860524894531803, "lon": 89.701668, "lat": 24.209193, "near_bridge": false }, "geometry": { "type": "LineString", "coordinates": [ [ 775847.633171809720807, 2679608.818901889491826 ], [ 770581.668202214292251, 2681196.147771088872105 ] ] } },
{ "type": "Feature", "properties": { "transect_id": "W-75100", "bank": "W", "chainage_m": 75100.0, "x0": 774353.06415414193, "y0": 2679850.4425074933, "nx": -0.95556671322873055, "ny": 0.2947749252722171, "lon": 89.701057, "lat": 24.207477, "near_bridge": false }, "geometry": { "type": "LineString", "coordinates": [ [ 775786.414223985048011, 2679408.280119584873319 ], [ 770530.797301226994023, 2681029.542208582162857 ] ] } },
{ "type": "Feature", "properties": { "transect_id": "W-75300", "bank": "W", "chainage_m": 75300.0, "x0": 774293.67373132741, "y0": 2679659.4642150309, "nx": -0.95440859828453328, "ny": 0.2985033124113573, "lon": 89.700436, "lat": 24.205764, "near_bridge": false }, "geometry": { "type": "LineString", "coordinates": [ [ 775725.286628754227422, 2679211.709246413782239 ], [ 770476.03933818929363, 2680853.477464676368982 ] ] } },
{ "type": "Feature", "properties": { "transect_id": "W-75500", "bank": "W", "chainage_m": 75500.0, "x0": 774233.78933291964, "y0": 2679468.6400854103, "nx": -0.95403132022156767, "ny": 0.29970692357083217, "lon": 89.699811, "lat": 24.204053, "near_bridge": false }, "geometry": { "type": "LineString", "coordinates": [ [ 775664.836313251988031, 2679019.079700054135174 ], [ 770417.664052033331245, 2680667.467779693659395 ] ] } },
{ "type": "Feature", "properties": { "transect_id": "W-75700", "bank": "W", "chainage_m": 75700.0, "x0": 774173.91725506133, "y0": 2679277.8120885212, "nx": -0.95444312987555335, "ny": 0.29839288167340305, "lon": 89.699186, "lat": 24.202342, "near_bridge": false }, "geometry": { "type": "LineString", "coordinates": [ [ 775605.581949874642305, 2678830.222766011022031 ], [ 770356.144735559122637, 2680471.383615214843303 ] ] } },
{ "type": "Feature", "properties": { "transect_id": "W-75900", "bank": "W", "chainage_m": 75900.0, "x0": 774114.55283533956, "y0": 2679086.8257403267, "nx": -0.95559751838938034, "ny": 0.29467504619166163, "lon": 89.698566, "lat": 24.200629, "near_bridge": false }, "geometry": { "type": "LineString", "coordinates": [ [ 775547.949112923583016, 2678644.81317103933543 ], [ 770292.162761782063171, 2680265.525925093330443 ] ] } },
{ "type": "Feature", "properties": { "transect_id": "W-76100", "bank": "W", "chainage_m": 76100.0, "x0": 774056.15571558266, "y0": 2678895.5417213887, "nx": -0.95738771781231391, "ny": 0.28880574402551118, "lon": 89.697955, "lat": 24.198914, "near_bridge": false }, "geometry": { "type": "LineString", "coordinates": [ [ 775492.237292301142588, 2678462.333105350378901 ], [ 770226.604844333371148, 2680050.764697490725666 ] ] } },
{ "type": "Feature", "properties": { "transect_id": "W-76300", "bank": "W", "chainage_m": 76300.0, "x0": 773999.1179663029, "y0": 2678703.8482831535, "nx": -0.95965224457316356, "ny": 0.2811895614806656, "lon": 89.697357, "lat": 24.197194, "near_bridge": false }, "geometry": { "type": "LineString", "coordinates": [ [ 775438.596333162626252, 2678282.063940932508558 ], [ 770160.508988010231405, 2679828.606529076118022 ] ] } },
{ "type": "Feature", "properties": { "transect_id": "W-76500", "bank": "W", "chainage_m": 76500.0, "x0": 773943.74231429654, "y0": 2678511.6683124271, "nx": -0.96219726550200046, "ny": 0.2723534876965466, "lon": 89.696776, "lat": 24.19547, "near_bridge": false }, "geometry": { "type": "LineString", "coordinates": [ [ 775387.03821254952345, 2678103.138080882374197 ], [ 770094.953252288512886, 2679601.082263213116676 ] ] } },
{ "type": "Feature", "properties": { "transect_id": "W-76700", "bank": "W", "chainage_m": 76700.0, "x0": 773890.20303513226, "y0": 2678318.9686660189, "nx": -0.96479425317356449, "ny": 0.26300579659631845, "lon": 89.696213, "lat": 24.193741, "near_bridge": false }, "geometry": { "type": "LineString", "coordinates": [ [ 775337.394414892653003, 2677924.459971124306321 ], [ 770031.026022437959909, 2679370.991852404084057 ] ] } },
{ "type": "Feature", "properties": { "transect_id": "W-76900", "bank": "W", "chainage_m": 76900.0, "x0": 773838.5265563766, "y0": 2678125.7609357205, "nx": -0.96721719500583792, "ny": 0.25395058118665348, "lon": 89.695668, "lat": 24.192007, "near_bridge": false }, "geometry": { "type": "LineString", "coordinates": [ [ 775289.352348885382526, 2677744.835063940379769 ], [ 769969.657776353298686, 2679141.563260467257351 ] ] } },
{ "type": "Feature", "properties": { "transect_id": "W-77100", "bank": "W", "chainage_m": 77100.0, "x0": 773788.56278273428, "y0": 2677932.1029240554, "nx": -0.96924668959853399, "ny": 0.24609115120679015, "lon": 89.69514, "lat": 24.190268, "near_bridge": false }, "geometry": { "type": "LineString", "coordinates": [ [ 775242.432817132095806, 2677562.96619724528864 ], [ 769911.576024340116419, 2678916.467528882436454 ] ] } },
{ "type": "Feature", "properties": { "transect_id": "W-77300", "bank": "W", "chainage_m": 77300.0, "x0": 773739.99372277816, "y0": 2677738.0901638111, "nx": -0.97071184864774629, "ny": 0.24024676250654234, "lon": 89.694625, "lat": 24.188526, "near_bridge": false }, "geometry": { "type": "LineString", "coordinates": [ [ 775196.061495749745518, 2677377.720020051114261 ], [ 769857.146328187198378, 2678699.077213837299496 ] ] } },
{ "type": "Feature", "properties": { "transect_id": "W-77500", "bank": "W", "chainage_m": 77500.0, "x0": 773692.30885268759, "y0": 2677543.8580210628, "nx": -0.97140949888639128, "ny": 0.23741016295283204, "lon": 89.69412, "lat": 24.186782, "near_bridge": false }, "geometry": { "type": "LineString", "coordinates": [ [ 775149.423101017135195, 2677187.742776633705944 ], [ 769806.670857142074965, 2678493.498672874178737 ] ] } },
{ "type": "Feature", "properties": { "transect_id": "W-77700", "bank": "W", "chainage_m": 77700.0, "x0": 773644.85407586116, "y0": 2677349.5694672302, "nx": -0.97124851807078882, "ny": 0.23806788138112309, "lon": 89.693616, "lat": 24.185038, "near_bridge": false }, "geometry": { "type": "LineString", "coordinates": [ [ 775101.726852967403829, 2676992.467645158525556 ], [ 769759.860003578010947, 2678301.840992754790932 ] ] } },
{ "type": "Feature", "properties": { "transect_id": "W-77900", "bank": "W", "chainage_m": 77900.0, "x0": 773596.88925002143, "y0": 2677155.4063981939, "nx": -0.97013520746665083, "ny": 0.24256479388740354, "lon": 89.693108, "lat": 24.183294, "near_bridge": false }, "geometry": { "type": "LineString", "coordinates": [ [ 775052.092061221366748, 2676791.559207362588495 ], [ 769716.348420154768974, 2678125.665573743637651 ] ] } },
{ "type": "Feature", "properties": { "transect_id": "W-78100", "bank": "W", "chainage_m": 78100.0, "x0": 773547.63102906873, "y0": 2676961.5680317413, "nx": -0.96799073641074262, "ny": 0.25098592435231931, "lon": 89.692586, "lat": 24.181554, "near_bridge": false }, "geometry": { "type": "LineString", "coordinates": [ [ 774999.617133684805594, 2676585.089145212899894 ], [ 769675.668083425727673, 2677965.511729150544852 ] ] } },
{ "type": "Feature", "properties": { "transect_id": "W-78300", "bank": "W", "chainage_m": 78300.0, "x0": 773496.30996247451, "y0": 2676768.2666524141, "nx": -0.96476883107539002, "ny": 0.26309903569839549, "lon": 89.692045, "lat": 24.179819, "near_bridge": false }, "geometry": { "type": "LineString", "coordinates": [ [ 774943.463209087611176, 2676373.618098866660148 ], [ 769637.234638172900304, 2677820.662795207463205 ] ] } },
{ "type": "Feature", "properties": { "transect_id": "W-78500", "bank": "W", "chainage_m": 78500.0, "x0": 773442.23336488579, "y0": 2676575.7193359523, "nx": -0.96047022597642751, "ny": 0.27838273116842266, "lon": 89.691477, "lat": 24.178091, "near_bridge": false }, "geometry": { "type": "LineString", "coordinates": [ [ 774882.938703850377351, 2676158.145239199511707 ], [ 769600.352460980066098, 2677689.250260625965893 ] ] } },
{ "type": "Feature", "properties": { "transect_id": "W-78700", "bank": "W", "chainage_m": 78700.0, "x0": 773384.83757961076, "y0": 2676384.1366044749, "nx": -0.95516037911795648, "ny": 0.29608892272971271, "lon": 89.690876, "lat": 24.176373, "near_bridge": false }, "geometry": { "type": "LineString", "coordinates": [ [ 774817.578148287720978, 2675940.003220380283892 ], [ 769564.196063138893805, 2677568.492295393720269 ] ] } },
{ "type": "Feature", "properties": { "transect_id": "W-78900", "bank": "W", "chainage_m": 78900.0, "x0": 773323.72426875262, "y0": 2676193.7081240877, "nx": -0.9489855813665603, "ny": 0.31531946714145564, "lon": 89.690239, "lat": 24.174665, "near_bridge": false }, "geometry": { "type": "LineString", "coordinates": [ [ 774747.202640802483074, 2675720.728923375252634 ], [ 769527.781943286419846, 2677454.985992653295398 ] ] } },
{ "type": "Feature", "properties": { "transect_id": "W-79100", "bank": "W", "chainage_m": 79100.0, "x0": 773258.68491077051, "y0": 2676004.5847592633, "nx": -0.94217554820804106, "ny": 0.33511973436202991, "lon": 89.689564, "lat": 24.17297, "near_bridge": false }, "geometry": { "type": "LineString", "coordinates": [ [ 774671.948233082541265, 2675501.905157720204443 ], [ 769489.982717938371934, 2677345.063696711324155 ] ] } },
{ "type": "Feature", "properties": { "transect_id": "W-79300", "bank": "W", "chainage_m": 79300.0, "x0": 773189.69616114697, "y0": 2675816.8652663915, "nx": -0.93501729913802967, "ny": 0.35460210139341303, "lon": 89.68885, "lat": 24.171288, "near_bridge": false }, "geometry": { "type": "LineString", "coordinates": [ [ 774592.222109853988513, 2675284.962114301510155 ], [ 769449.626964594819583, 2677235.273671965114772 ] ] } },
{ "type": "Feature", "properties": { "transect_id": "W-79500", "bank": "W", "chainage_m": 79500.0, "x0": 773116.90207494993, "y0": 2675630.586718861, "nx": -0.92777516615893274, "ny": 0.37313970715908112, "lon": 89.688099, "lat": 24.16962, "near_bridge": false }, "geometry": { "type": "LineString", "coordinates": [ [ 774508.564824188360944, 2675070.87715812260285 ], [ 769405.80141031416133, 2677123.145547497551888 ] ] } },
{ "type": "Feature", "properties": { "transect_id": "W-79700", "bank": "W", "chainage_m": 79700.0, "x0": 773040.48786396673, "y0": 2675445.7627225756, "nx": -0.92067302777201554, "ny": 0.39033469732155435, "lon": 89.687312, "lat": 24.167966, "near_bridge": false }, "geometry": { "type": "LineString", "coordinates": [ [ 774421.497405624715611, 2674860.260676593054086 ], [ 769357.795752878650092, 2677007.101511861663312 ] ] } },
{ "type": "Feature", "properties": { "transect_id": "W-79900", "bank": "W", "chainage_m": 79900.0, "x0": 772960.9291532276, "y0": 2675262.270510002, "nx": -0.91446971103863806, "ny": 0.4046543557073245, "lon": 89.686495, "lat": 24.166325, "near_bridge": false }, "geometry": { "type": "LineString", "coordinates": [ [ 774332.633719785604626, 2674655.288976441137493 ], [ 769303.050309073063545, 2676880.887932831421494 ] ] } },
{ "type": "Feature", "properties": { "transect_id": "W-80100", "bank": "W", "chainage_m": 80100.0, "x0": 772878.75580311089, "y0": 2675079.9338757675, "nx": -0.90916855408865738, "ny": 0.41642831346624382, "lon": 89.685653, "lat": 24.164694, "near_bridge": false }, "geometry": { "type": "LineString", "coordinates": [ [ 774242.508634243858978, 2674455.291405568365008 ], [ 769242.081586756277829, 2676745.647129632532597 ] ] } },
{ "type": "Feature", "properties": { "transect_id": "W-80300", "bank": "W", "chainage_m": 80300.0, "x0": 772794.49405165506, "y0": 2674898.5519526172, "nx": -0.90495088133604196, "ny": 0.42551604243450192, "lon": 89.68479, "lat": 24.163072, "near_bridge": false }, "geometry": { "type": "LineString", "coordinates": [ [ 774151.920373659115285, 2674260.277888965327293 ], [ 769174.690526310936548, 2676600.616122355218977 ] ] } },
{ "type": "Feature", "properties": { "transect_id": "W-80500", "bank": "W", "chainage_m": 80500.0, "x0": 772708.68662750535, "y0": 2674717.8952100286, "nx": -0.90193260648003792, "ny": 0.43187680346150226, "lon": 89.683912, "lat": 24.161457, "near_bridge": false }, "geometry": { "type": "LineString", "coordinates": [ [ 774061.585537225357257, 2674070.080004836432636 ], [ 769100.956201585242525, 2676445.402423874475062 ] ] } },
{ "type": "Feature", "properties": { "transect_id": "W-80700", "bank": "W", "chainage_m": 80700.0, "x0": 772621.87635227456, "y0": 2674537.7177242101, "nx": -0.9001705605656779, "ny": 0.4355375550866693, "lon": 89.683024, "lat": 24.159846, "near_bridge": false }, "geometry": { "type": "LineString", "coordinates": [ [ 773972.132193123106845, 2673884.411391580011696 ], [ 769021.19411001179833, 2676279.867944556754082 ] ] } },
{ "type": "Feature", "properties": { "transect_id": "W-80900", "bank": "W", "chainage_m": 80900.0, "x0": 772534.62742265966, "y0": 2674357.7521109274, "nx": -0.89984161479007274, "ny": 0.43621676755025629, "lon": 89.682133, "lat": 24.158238, "near_bridge": false }, "geometry": { "type": "LineString", "coordinates": [ [ 773884.389844844816253, 2673703.426959602162242 ], [ 768935.26096349931322, 2676102.61918112821877 ] ] } },
{ "type": "Feature", "properties": { "transect_id": "W-81100", "bank": "W", "chainage_m": 81100.0, "x0": 772447.51747841365, "y0": 2674177.7192411143, "nx": -0.90078831901235923, "ny": 0.43425845337873176, "lon": 89.681242, "lat": 24.156628, "near_bridge": false }, "geometry": { "type": "LineString", "coordinates": [ [ 773798.699956932221539, 2673526.331561046186835 ], [ 768844.36420236423146, 2675914.753054629079998 ] ] } },
{ "type": "Feature", "properties": { "transect_id": "W-81300", "bank": "W", "chainage_m": 81300.0, "x0": 772361.04634494404, "y0": 2673997.3789896094, "nx": -0.90289653987193574, "ny": 0.42985792802655853, "lon": 89.680358, "lat": 24.155016, "near_bridge": false }, "geometry": { "type": "LineString", "coordinates": [ [ 773715.39115475199651, 2673352.592097569722682 ], [ 768749.460185456322506, 2675716.810701715759933 ] ] } },
{ "type": "Feature", "properties": { "transect_id": "W-81500", "bank": "W", "chainage_m": 81500.0, "x0": 772275.6911957321, "y0": 2673816.5082664811, "nx": -0.90606931723838868, "ny": 0.42312928563166136, "lon": 89.679484, "lat": 24.153399, "near_bridge": false }, "geometry": { "type": "LineString", "coordinates": [ [ 773634.795171589707024, 2673181.814338033553213 ], [ 768651.413926778594032, 2675509.025409007910639 ] ] } },
{ "type": "Feature", "properties": { "transect_id": "W-81700", "bank": "W", "chainage_m": 81700.0, "x0": 772191.90555720369, "y0": 2673634.9052129351, "nx": -0.91032318121555089, "ny": 0.4138981828198805, "lon": 89.678626, "lat": 24.151775, "near_bridge": false }, "geometry": { "type": "LineString", "coordinates": [ [ 773557.390329026966356, 2673014.057938705198467 ], [ 768550.61283234145958, 2675290.497944214381278 ] ] } },
{ "type": "Feature", "properties": { "transect_id": "W-81900", "bank": "W", "chainage_m": 81900.0, "x0": 772110.24571071402, "y0": 2673452.3368334379, "nx": -0.91543612499575233, "ny": 0.40246329155931881, "lon": 89.677789, "lat": 24.150142, "near_bridge": false }, "geometry": { "type": "LineString", "coordinates": [ [ 773483.399898207630031, 2672848.641896098852158 ], [ 768448.501210730988532, 2675062.189999675378203 ] ] } },
{ "type": "Feature", "properties": { "transect_id": "W-82100", "bank": "W", "chainage_m": 82100.0, "x0": 772031.01580987114, "y0": 2673268.702161103, "nx": -0.9210745474810943, "ny": 0.38938628376266315, "lon": 89.676976, "lat": 24.148499, "near_bridge": false }, "geometry": { "type": "LineString", "coordinates": [ [ 773412.627631092793308, 2672684.622735458891839 ], [ 768346.717619946808554, 2674826.247296153567731 ] ] } },
{ "type": "Feature", "properties": { "transect_id": "W-82300", "bank": "W", "chainage_m": 82300.0, "x0": 771954.58251178521, "y0": 2673083.887190605, "nx": -0.92721574523822425, "ny": 0.37452765155903306, "lon": 89.676189, "lat": 24.146845, "near_bridge": false }, "geometry": { "type": "LineString", "coordinates": [ [ 773345.40612964250613, 2672522.095713266637176 ], [ 768245.719530832255259, 2674581.997796840965748 ] ] } },
{ "type": "Feature", "properties": { "transect_id": "W-82500", "bank": "W", "chainage_m": 82500.0, "x0": 771881.29140592518, "y0": 2672897.8046382745, "nx": -0.93372456316408647, "ny": 0.35799223475382225, "lon": 89.675434, "lat": 24.145179, "near_bridge": false }, "geometry": { "type": "LineString", "coordinates": [ [ 773281.878250671317801, 2672360.81628614384681 ], [ 768146.393153268843889, 2674329.773577289655805 ] ] } },
{ "type": "Feature", "properties": { "transect_id": "W-82700", "bank": "W", "chainage_m": 82700.0, "x0": 771811.46808932396, "y0": 2672710.3936754484, "nx": -0.94047298902277954, "ny": 0.33986844060394716, "lon": 89.674712, "lat": 24.1435, "near_bridge": false }, "geometry": { "type": "LineString", "coordinates": [ [ 773222.177572858170606, 2672200.591014542616904 ], [ 768049.576133232796565, 2674069.867437864188105 ] ] } },
{ "type": "Feature", "properties": { "transect_id": "W-82900", "bank": "W", "chainage_m": 82900.0, "x0": 771745.42348146427, "y0": 2672521.6178098544, "nx": -0.9473443641370578, "ny": 0.32021657630071798, "lon": 89.674027, "lat": 24.141808, "near_bridge": false }, "geometry": { "type": "LineString", "coordinates": [ [ 773166.440027669887058, 2672041.292945403140038 ], [ 767956.046024915995076, 2673802.484115057159215 ] ] } },
{ "type": "Feature", "properties": { "transect_id": "W-83100", "bank": "W", "chainage_m": 83100.0, "x0": 771683.45834395394, "y0": 2672331.4632255626, "nx": -0.95424505097384016, "ny": 0.29902572245867648, "lon": 89.673382, "lat": 24.140103, "near_bridge": false }, "geometry": { "type": "LineString", "coordinates": [ [ 773114.825920414645225, 2671882.924641874618828 ], [ 767866.478140058577992, 2673527.566115397494286 ] ] } },
{ "type": "Feature", "properties": { "transect_id": "W-83300", "bank": "W", "chainage_m": 83300.0, "x0": 771625.92911026592, "y0": 2672139.9198467811, "nx": -0.96116381102126724, "ny": 0.27597849260961199, "lon": 89.672781, "lat": 24.138385, "near_bridge": false }, "geometry": { "type": "LineString", "coordinates": [ [ 773067.674826797796413, 2671725.952107866760343 ], [ 767781.273866180796176, 2673243.833817219361663 ] ] } },
{ "type": "Feature", "properties": { "transect_id": "W-83500", "bank": "W", "chainage_m": 83500.0, "x0": 771573.09828158596, "y0": 2671947.0288750781, "nx": -0.96773064278012311, "ny": 0.2519869104226839, "lon": 89.672225, "lat": 24.136654, "near_bridge": false }, "geometry": { "type": "LineString", "coordinates": [ [ 773024.694245756138116, 2671569.048509444110096 ], [ 767702.175710465526208, 2672954.976516768801957 ] ] } },
{ "type": "Feature", "properties": { "transect_id": "W-83700", "bank": "W", "chainage_m": 83700.0, "x0": 771525.20783643681, "y0": 2671752.853879923, "nx": -0.97399154261775911, "ny": 0.22658436598555906, "lon": 89.671718, "lat": 24.13491, "near_bridge": false }, "geometry": { "type": "LineString", "coordinates": [ [ 772986.195150363491848, 2671412.977330944500864 ], [ 767629.241665965761058, 2672659.191343865357339 ] ] } },
{ "type": "Feature", "properties": { "transect_id": "W-83900", "bank": "W", "chainage_m": 83900.0, "x0": 771482.53586332942, "y0": 2671557.4670875361, "nx": -0.97983225439354393, "ny": 0.19982180374039563, "lon": 89.671262, "lat": 24.133154, "near_bridge": false }, "geometry": { "type": "LineString", "coordinates": [ [ 772952.284244919777848, 2671257.734381925314665 ], [ 767563.206845755223185, 2672356.754302497487515 ] ] } },
{ "type": "Feature", "properties": { "transect_id": "W-84100", "bank": "W", "chainage_m": 84100.0, "x0": 771445.34613160894, "y0": 2671360.9642512081, "nx": -0.98513342376927282, "ny": 0.17179096999735011, "lon": 89.670859, "lat": 24.131388, "near_bridge": false }, "geometry": { "type": "LineString", "coordinates": [ [ 772923.046267262892798, 2671103.277796212118119 ], [ 767504.812436531879939, 2672048.128131197299808 ] ] } },
{ "type": "Feature", "properties": { "transect_id": "W-84300", "bank": "W", "chainage_m": 84300.0, "x0": 771413.87801719713, "y0": 2671163.4653251073, "nx": -0.98977212130016401, "ny": 0.14265744949694545, "lon": 89.670513, "lat": 24.129611, "near_bridge": false }, "geometry": { "type": "LineString", "coordinates": [ [ 772898.536199147347361, 2670949.479150861967355 ], [ 767454.78953199647367, 2671734.095123094972223 ] ] } },
{ "type": "Feature", "properties": { "transect_id": "W-84500", "bank": "W", "chainage_m": 84500.0, "x0": 771388.32890404714, "y0": 2670965.1145354942, "nx": -0.99363181350448104, "ny": 0.11267572583212505, "lon": 89.670225, "lat": 24.127826, "near_bridge": false }, "geometry": { "type": "LineString", "coordinates": [ [ 772878.776624303893186, 2670796.100946745835245 ], [ 767413.801650029257871, 2671415.817438822705299 ] ] } },
{ "type": "Feature", "properties": { "transect_id": "W-84700", "bank": "W", "chainage_m": 84700.0, "x0": 771368.83519986249, "y0": 2670766.0777695323, "nx": -0.99661625952894539, "ny": 0.082195080403474799, "lon": 89.669996, "lat": 24.126034, "near_bridge": false }, "geometry": { "type": "LineString", "coordinates": [ [ 772863.759589155903086, 2670642.785148927010596 ], [ 767382.370161746744998, 2671094.858091146219522 ] ] } },
{ "type": "Feature", "properties": { "transect_id": "W-84900", "bank": "W", "chainage_m": 84900.0, "x0": 771355.4566323316, "y0": 2670566.5367193809, "nx": -0.99866584188339635, "ny": 0.051638515231630995, "lon": 89.669827, "lat": 24.124236, "near_bridge": false }, "geometry": { "type": "LineString", "coordinates": [ [ 772853.45539515663404, 2670489.078946533612907 ], [ 767360.793264798005112, 2670773.090780307538807 ] ] } },
{ "type": "Feature", "properties": { "transect_id": "W-85100", "bank": "W", "chainage_m": 85100.0, "x0": 771348.15980740963, "y0": 2670366.680528583, "nx": -0.99976862839464165, "ny": 0.021510222637080301, "lon": 89.669717, "lat": 24.122434, "near_bridge": false }, "geometry": { "type": "LineString", "coordinates": [ [ 772847.812750001554377, 2670334.415194627363235 ], [ 767349.085293831070885, 2670452.7214191313833 ] ] } },
{ "type": "Feature", "properties": { "transect_id": "W-85300", "bank": "W", "chainage_m": 85300.0, "x0": 771346.80335123022, "y0": 2670166.6950897742, "nx": -0.99997092193946935, "ny": -0.0076259606298421777, "lon": 89.669667, "lat": 24.12063, "near_bridge": false }, "geometry": { "type": "LineString", "coordinates": [ [ 772846.759734139428474, 2670178.134030718822032 ], [ 767346.919663472333923, 2670136.191247254610062 ] ] } },
{ "type": "Feature", "properties": { "transect_id": "W-85500", "bank": "W", "chainage_m": 85500.0, "x0": 771351.13199486386, "y0": 2669966.75088624, "nx": -0.9993802067382781, "ny": -0.035202306455065252, "lon": 89.669672, "lat": 24.118825, "near_bridge": false }, "geometry": { "type": "LineString", "coordinates": [ [ 772850.202304971287958, 2670019.554345922544599 ], [ 767353.611167910741642, 2669825.941660419572145 ] ] } },
{ "type": "Feature", "properties": { "transect_id": "W-85700", "bank": "W", "chainage_m": 85700.0, "x0": 771360.77877318836, "y0": 2669766.9913626406, "nx": -0.99815718983383939, "ny": -0.060681334716801975, "lon": 89.669729, "lat": 24.117021, "near_bridge": false }, "geometry": { "type": "LineString", "coordinates": [ [ 772858.014557939139195, 2669858.013364715967327 ], [ 767368.150013852980919, 2669524.266023773234338 ] ] } },
{ "type": "Feature", "properties": { "transect_id": "W-85900", "bank": "W", "chainage_m": 85900.0, "x0": 771375.27424899081, "y0": 2669567.5236282409, "nx": -0.99650120760945204, "ny": -0.083578365818576472, "lon": 89.669834, "lat": 24.115219, "near_bridge": false }, "geometry": { "type": "LineString", "coordinates": [ [ 772870.026060404954478, 2669692.891176968812943 ], [ 767389.269418552983552, 2669233.210164966527373 ] ] } },
{ "type": "Feature", "properties": { "transect_id": "W-86100", "bank": "W", "chainage_m": 86100.0, "x0": 771394.05995090306, "y0": 2669368.4126595603, "nx": -0.99462964955351807, "ny": -0.10349811703140167, "lon": 89.669982, "lat": 24.113419, "near_bridge": false }, "geometry": { "type": "LineString", "coordinates": [ [ 772886.00442523334641, 2669523.659835107624531 ], [ 767415.541352689033374, 2668954.42019143467769 ] ] } },
{ "type": "Feature", "properties": { "transect_id": "W-86300", "bank": "W", "chainage_m": 86300.0, "x0": 771416.50917787512, "y0": 2669169.6800039355, "nx": -0.99275568171594386, "ny": -0.1201505573050395, "lon": 89.670165, "lat": 24.111622, "near_bridge": false }, "geometry": { "type": "LineString", "coordinates": [ [ 772905.642700448981486, 2669349.905839893035591 ], [ 767445.486451011383906, 2668689.077774715144187 ] ] } },
{ "type": "Feature", "properties": { "transect_id": "W-86500", "bank": "W", "chainage_m": 86500.0, "x0": 771441.94567314931, "y0": 2668971.3063309286, "nx": -0.99107082104662869, "ny": -0.1333365203909315, "lon": 89.670378, "lat": 24.109828, "near_bridge": false }, "geometry": { "type": "LineString", "coordinates": [ [ 772928.551904719206505, 2669171.311111514922231 ], [ 767477.662388962809928, 2668437.960249364841729 ] ] } },
{ "type": "Feature", "properties": { "transect_id": "W-86700", "bank": "W", "chainage_m": 86700.0, "x0": 771469.66596427176, "y0": 2668773.2378827599, "nx": -0.98994000094316681, "ny": -0.14148778934114004, "lon": 89.670613, "lat": 24.108036, "near_bridge": false }, "geometry": { "type": "LineString", "coordinates": [ [ 772954.575965686468408, 2668985.469566771760583 ], [ 767509.905960499076173, 2668207.286725395359099 ] ] } },
{ "type": "Feature", "properties": { "transect_id": "E-00100", "bank": "E", "chainage_m": 100.0, "x0": 769197.37779532443, "y0": 2750535.4243501429, "nx": 0.99491835251682714, "ny": 0.10068501291256085, "lon": 89.66377, "lat": 24.846082, "near_bridge": false }, "geometry": { "type": "LineString", "coordinates": [ [ 767705.000266549177468, 2750384.39683077391237 ], [ 773177.051205391762778, 2750938.164401793386787 ] ] } },
{ "type": "Feature", "properties": { "transect_id": "E-00300", "bank": "E", "chainage_m": 300.0, "x0": 769221.14748593373, "y0": 2750336.8513709949, "nx": 0.99033152275546799, "ny": 0.13872085292714939, "lon": 89.663967, "lat": 24.844286, "near_bridge": false }, "geometry": { "type": "LineString", "coordinates": [ [ 767735.65020180051215, 2750128.770091604441404 ], [ 773182.47357695561368, 2750891.734782703686506 ] ] } },
{ "type": "Feature", "properties": { "transect_id": "E-00500", "bank": "E", "chainage_m": 500.0, "x0": 769253.188897699, "y0": 2750139.4487816487, "nx": 0.98306921302334305, "ny": 0.18323461028327853, "lon": 89.664246, "lat": 24.8425, "near_bridge": false }, "geometry": { "type": "LineString", "coordinates": [ [ 767778.585078164003789, 2749864.596866223961115 ], [ 773185.465749792405404, 2750872.387222781777382 ] ] } },
{ "type": "Feature", "properties": { "transect_id": "E-00700", "bank": "E", "chainage_m": 700.0, "x0": 769294.70788207173, "y0": 2749943.8259747499, "nx": 0.97243819743697346, "ny": 0.23316078608018445, "lon": 89.664618, "lat": 24.840728, "near_bridge": false }, "geometry": { "type": "LineString", "coordinates": [ [ 767836.050585916265845, 2749594.084795629605651 ], [ 773184.460671819630079, 2750876.469119070563465 ] ] } },
{ "type": "Feature", "properties": { "transect_id": "E-00900", "bank": "E", "chainage_m": 900.0, "x0": 769346.62738135003, "y0": 2749750.7105323798, "nx": 0.95800276964552078, "ny": 0.28675894641930783, "lon": 89.665094, "lat": 24.838976, "near_bridge": false }, "geometry": { "type": "LineString", "coordinates": [ [ 767909.623226881725714, 2749320.572112750727683 ], [ 773178.63845993205905, 2750897.746318057179451 ] ] } },
{ "type": "Feature", "properties": { "transect_id": "E-01100", "bank": "E", "chainage_m": 1100.0, "x0": 769409.46523531806, "y0": 2749560.875493479, "nx": 0.93977797113788297, "ny": 0.3417855540597996, "lon": 89.665679, "lat": 24.837253, "near_bridge": false }, "geometry": { "type": "LineString", "coordinates": [ [ 767999.79827861126978, 2749048.197162389289588 ], [ 773168.577119869645685, 2750928.017709718085825 ] ] } },
{ "type": "Feature", "properties": { "transect_id": "E-01300", "bank": "E", "chainage_m": 1300.0, "x0": 769483.26600632491, "y0": 2749375.0354155418, "nx": 0.91831449508169205, "ny": 0.39585159861096553, "lon": 89.666373, "lat": 24.835563, "near_bridge": false }, "geometry": { "type": "LineString", "coordinates": [ [ 768105.7942637023516, 2748781.258017625194043 ], [ 773156.52398665167857, 2750958.441809985786676 ] ] } },
{ "type": "Feature", "properties": { "transect_id": "E-01500", "bank": "E", "chainage_m": 1500.0, "x0": 769567.61620194791, "y0": 2749193.7418521829, "nx": 0.89461035618563955, "ny": 0.44684707742739388, "lon": 89.667171, "lat": 24.833913, "near_bridge": false }, "geometry": { "type": "LineString", "coordinates": [ [ 768225.700667669414543, 2748523.471236041747034 ], [ 773146.057626690482721, 2750981.130161892622709 ] ] } },
{ "type": "Feature", "properties": { "transect_id": "E-01700", "bank": "E", "chainage_m": 1700.0, "x0": 769661.73818405368, "y0": 2749017.3135368857, "nx": 0.86987761226124505, "ny": 0.49326761467450408, "lon": 89.668068, "lat": 24.832304, "near_bridge": false }, "geometry": { "type": "LineString", "coordinates": [ [ 768356.921765661798418, 2748277.412114873994142 ], [ 773141.248633098672144, 2750990.383995583746582 ] ] } },
{ "type": "Feature", "properties": { "transect_id": "E-01900", "bank": "E", "chainage_m": 1900.0, "x0": 769764.9362609149, "y0": 2748846.0190636185, "nx": 0.84292878216864853, "ny": 0.53802515572385556, "lon": 89.669055, "lat": 24.830741, "near_bridge": false }, "geometry": { "type": "LineString", "coordinates": [ [ 768500.543087661964819, 2748038.981330032926053 ], [ 773136.65138958953321, 2750998.119686514139175 ] ] } },
{ "type": "Feature", "properties": { "transect_id": "E-02100", "bank": "E", "chainage_m": 2100.0, "x0": 769876.33673333586, "y0": 2748679.9451146703, "nx": 0.81878833274466289, "ny": 0.57409552006718811, "lon": 89.670124, "lat": 24.829223, "near_bridge": false }, "geometry": { "type": "LineString", "coordinates": [ [ 768648.154234218876809, 2747818.801834569312632 ], [ 773151.490064314566553, 2750976.327194938901812 ] ] } },
{ "type": "Feature", "properties": { "transect_id": "E-02300", "bank": "E", "chainage_m": 2300.0, "x0": 769994.27673356445, "y0": 2748518.4464912782, "nx": 0.79650323872629492, "ny": 0.60463426192907976, "lon": 89.671258, "lat": 24.827745, "near_bridge": false }, "geometry": { "type": "LineString", "coordinates": [ [ 768799.52187547495123, 2747611.49509838456288 ], [ 773180.289688469609246, 2750936.983538994565606 ] ] } },
{ "type": "Feature", "properties": { "transect_id": "E-02500", "bank": "E", "chainage_m": 2500.0, "x0": 770118.28499343467, "y0": 2748361.5477133282, "nx": 0.77356768671080078, "ny": 0.63371368462177025, "lon": 89.672454, "lat": 24.826308, "near_bridge": false }, "geometry": { "type": "LineString", "coordinates": [ [ 768957.933463368448429, 2747410.977186395321041 ], [ 773212.55574027786497, 2750896.402451815083623 ] ] } },
{ "type": "Feature", "properties": { "transect_id": "E-02700", "bank": "E", "chainage_m": 2700.0, "x0": 770247.15391190979, "y0": 2748208.6174366926, "nx": 0.75637867184543306, "ny": 0.65413401132897719, "lon": 89.673698, "lat": 24.824905, "near_bridge": false }, "geometry": { "type": "LineString", "coordinates": [ [ 769112.585904141655192, 2747227.416419699322432 ], [ 773272.668599291471764, 2750825.153482008725405 ] ] } },
{ "type": "Feature", "properties": { "transect_id": "E-02900", "bank": "E", "chainage_m": 2900.0, "x0": 770380.1306772707, "y0": 2748059.2374221012, "nx": 0.73806414403058129, "ny": 0.6747305531072425, "lon": 89.674984, "lat": 24.823534, "near_bridge": false }, "geometry": { "type": "LineString", "coordinates": [ [ 769273.034461224800907, 2747047.141592440195382 ], [ 773332.387253393069841, 2750758.15963453007862 ] ] } },
{ "type": "Feature", "properties": { "transect_id": "E-03100", "bank": "E", "chainage_m": 3100.0, "x0": 770516.47679928399, "y0": 2747912.925516739, "nx": 0.72532200729432372, "ny": 0.68840975133602877, "lon": 89.676303, "lat": 24.82219, "near_bridge": false }, "geometry": { "type": "LineString", "coordinates": [ [ 769428.493788342457265, 2746880.310889734886587 ], [ 773417.764828461338766, 2750666.564522082917392 ] ] } },
{ "type": "Feature", "properties": { "transect_id": "E-03300", "bank": "E", "chainage_m": 3300.0, "x0": 770655.60633680131, "y0": 2747769.2536568716, "nx": 0.71242743061971603, "ny": 0.70174579165149942, "lon": 89.67765, "lat": 24.820869, "near_bridge": false }, "geometry": { "type": "LineString", "coordinates": [ [ 769586.965190871735103, 2746716.634969394188374 ], [ 773505.316059280186892, 2750576.236823477782309 ] ] } },
{ "type": "Feature", "properties": { "transect_id": "E-03500", "bank": "E", "chainage_m": 3500.0, "x0": 770796.80506693607, "y0": 2747627.6135108257, "nx": 0.70343561607134109, "ny": 0.7107589844963853, "lon": 89.679019, "lat": 24.819566, "near_bridge": false }, "geometry": { "type": "LineString", "coordinates": [ [ 769741.651642829063348, 2746561.475034080911428 ], [ 773610.547531221411191, 2750470.649448811076581 ] ] } },
{ "type": "Feature", "properties": { "transect_id": "E-03700", "bank": "E", "chainage_m": 3700.0, "x0": 770939.83462750888, "y0": 2747487.8204832701, "nx": 0.69592857135477226, "ny": 0.71811101061890548, "lon": 89.680405, "lat": 24.81828, "near_bridge": false }, "geometry": { "type": "LineString", "coordinates": [ [ 769895.941770476754755, 2746410.653967341873795 ], [ 773723.548912927974015, 2750360.264525745529681 ] ] } },
{ "type": "Feature", "properties": { "transect_id": "E-03900", "bank": "E", "chainage_m": 3900.0, "x0": 771084.00993454969, "y0": 2747349.2088794615, "nx": 0.69026805465143481, "ny": 0.72355373865921235, "lon": 89.681803, "lat": 24.817004, "near_bridge": false }, "geometry": { "type": "LineString", "coordinates": [ [ 770048.607852572575212, 2746263.878271472640336 ], [ 773845.082153155468404, 2750243.423834098502994 ] ] } },
{ "type": "Feature", "properties": { "transect_id": "E-04100", "bank": "E", "chainage_m": 4100.0, "x0": 771229.08726810978, "y0": 2747211.5410521971, "nx": 0.68693757883634332, "ny": 0.72671642528737623, "lon": 89.683211, "lat": 24.815736, "near_bridge": false }, "geometry": { "type": "LineString", "coordinates": [ [ 770198.680899855215102, 2746121.466414266265929 ], [ 773976.837583455140702, 2750118.406753346789628 ] ] } },
{ "type": "Feature", "properties": { "transect_id": "E-04300", "bank": "E", "chainage_m": 4300.0, "x0": 771374.66944966977, "y0": 2747074.4068140956, "nx": 0.68496478615020784, "ny": 0.72857617428392485, "lon": 89.684623, "lat": 24.814473, "near_bridge": false }, "geometry": { "type": "LineString", "coordinates": [ [ 770347.222270444501191, 2745981.542552669532597 ], [ 774114.52859427058138, 2749988.711511231493205 ] ] } },
{ "type": "Feature", "properties": { "transect_id": "E-04500", "bank": "E", "chainage_m": 4500.0, "x0": 771520.43403253925, "y0": 2746937.4663739582, "nx": 0.68480647165072339, "ny": 0.72872497993775887, "lon": 89.686037, "lat": 24.813212, "near_bridge": false }, "geometry": { "type": "LineString", "coordinates": [ [ 770493.224325063172728, 2745844.378904051613063 ], [ 774259.659919142141007, 2749852.36629370925948 ] ] } },
{ "type": "Feature", "properties": { "transect_id": "E-04700", "bank": "E", "chainage_m": 4700.0, "x0": 771666.07965151535, "y0": 2746800.3994850586, "nx": 0.68599558099312996, "ny": 0.7276057056248928, "lon": 89.68745, "lat": 24.81195, "near_bridge": false }, "geometry": { "type": "LineString", "coordinates": [ [ 770637.086280025658198, 2745708.990926621481776 ], [ 774410.061975487857126, 2749710.822307558264583 ] ] } },
{ "type": "Feature", "properties": { "transect_id": "E-04900", "bank": "E", "chainage_m": 4900.0, "x0": 771811.36120405456, "y0": 2746662.9469481786, "nx": 0.68895335199746544, "ny": 0.72480568345692253, "lon": 89.688859, "lat": 24.810684, "near_bridge": false }, "geometry": { "type": "LineString", "coordinates": [ [ 770777.931176058365963, 2745575.738422993104905 ], [ 774567.174612044473179, 2749562.16968200635165 ] ] } },
{ "type": "Feature", "properties": { "transect_id": "E-05100", "bank": "E", "chainage_m": 5100.0, "x0": 771956.03096539155, "y0": 2746524.8509456329, "nx": 0.69259898898944405, "ny": 0.72132284065513963, "lon": 89.690262, "lat": 24.809412, "near_bridge": false }, "geometry": { "type": "LineString", "coordinates": [ [ 770917.132481907377951, 2745442.866684650070965 ], [ 774726.426921349368058, 2749410.142308253329247 ] ] } },
{ "type": "Feature", "properties": { "transect_id": "E-05300", "bank": "E", "chainage_m": 5300.0, "x0": 772099.78100860002, "y0": 2746385.798144354, "nx": 0.69768767336555271, "ny": 0.716402059205417, "lon": 89.691656, "lat": 24.808132, "near_bridge": false }, "geometry": { "type": "LineString", "coordinates": [ [ 771053.24949855171144, 2745311.195055545773357 ], [ 774890.531702062231489, 2749251.406381175853312 ] ] } },
{ "type": "Feature", "properties": { "transect_id": "E-05500", "bank": "E", "chainage_m": 5500.0, "x0": 772242.5469901961, "y0": 2746245.7354447348, "nx": 0.70375876916510127, "ny": 0.71043901555532674, "lon": 89.693039, "lat": 24.806843, "near_bridge": false }, "geometry": { "type": "LineString", "coordinates": [ [ 771186.90883644844871, 2745180.076921402011067 ], [ 775057.582066856557503, 2749087.491506956052035 ] ] } },
{ "type": "Feature", "properties": { "transect_id": "E-05700", "bank": "E", "chainage_m": 5700.0, "x0": 772383.97274847911, "y0": 2746104.320239617, "nx": 0.70992000699201574, "ny": 0.7042823181597393, "lon": 89.69441, "lat": 24.805542, "near_bridge": false }, "geometry": { "type": "LineString", "coordinates": [ [ 771319.092737991129979, 2745047.89676237758249 ], [ 775223.652776447124779, 2748921.449512255843729 ] ] } },
{ "type": "Feature", "properties": { "transect_id": "E-05900", "bank": "E", "chainage_m": 5900.0, "x0": 772524.03233947628, "y0": 2745961.5519542741, "nx": 0.71797753473439596, "ny": 0.69606627530481535, "lon": 89.695766, "lat": 24.804229, "near_bridge": false }, "geometry": { "type": "LineString", "coordinates": [ [ 771447.066037374665029, 2744917.452541316859424 ], [ 775395.942478413810022, 2748745.817055493127555 ] ] } },
{ "type": "Feature", "properties": { "transect_id": "E-06100", "bank": "E", "chainage_m": 6100.0, "x0": 772662.56545704778, "y0": 2745817.3026223271, "nx": 0.7248908187376264, "ny": 0.68886377529225151, "lon": 89.697107, "lat": 24.802903, "near_bridge": false }, "geometry": { "type": "LineString", "coordinates": [ [ 771575.229228941374458, 2744784.006959388963878 ], [ 775562.128731998265721, 2748572.757723496295512 ] ] } },
{ "type": "Feature", "properties": { "transect_id": "E-06300", "bank": "E", "chainage_m": 6300.0, "x0": 772799.41857416148, "y0": 2745671.4581028679, "nx": 0.73323140982775181, "ny": 0.67997919059483547, "lon": 89.698431, "lat": 24.801563, "near_bridge": false }, "geometry": { "type": "LineString", "coordinates": [ [ 771699.571459419792518, 2744651.489316975697875 ], [ 775732.344213472446427, 2748391.37486524740234 ] ] } },
{ "type": "Feature", "properties": { "transect_id": "E-06500", "bank": "E", "chainage_m": 6500.0, "x0": 772934.68071142421, "y0": 2745524.1371943685, "nx": 0.74051686382920701, "ny": 0.67203777749807758, "lon": 89.699739, "lat": 24.80021, "near_bridge": false }, "geometry": { "type": "LineString", "coordinates": [ [ 771823.905415680375881, 2744516.080528121441603 ], [ 775896.748166740988381, 2748212.288304361049086 ] ] } },
{ "type": "Feature", "properties": { "transect_id": "E-06700", "bank": "E", "chainage_m": 6700.0, "x0": 773068.15345897363, "y0": 2745375.1926237307, "nx": 0.74833730309730861, "ny": 0.66331838568898938, "lon": 89.701029, "lat": 24.798843, "near_bridge": false }, "geometry": { "type": "LineString", "coordinates": [ [ 771945.647504327702336, 2744380.215045197401196 ], [ 776061.502671362832189, 2748028.466166486497968 ] ] } },
{ "type": "Feature", "properties": { "transect_id": "E-06900", "bank": "E", "chainage_m": 6900.0, "x0": 773200.09193916223, "y0": 2745224.8874806361, "nx": 0.75507593170028542, "ny": 0.65563735202240114, "lon": 89.702304, "lat": 24.797463, "near_bridge": false }, "geometry": { "type": "LineString", "coordinates": [ [ 772067.478041611844674, 2744241.431452602613717 ], [ 776220.395665963413194, 2747847.43688872596249 ] ] } },
{ "type": "Feature", "properties": { "transect_id": "E-07100", "bank": "E", "chainage_m": 7100.0, "x0": 773330.36748620623, "y0": 2745073.1380983139, "nx": 0.76184005503887109, "ny": 0.64776518163480334, "lon": 89.703561, "lat": 24.796071, "near_bridge": false }, "geometry": { "type": "LineString", "coordinates": [ [ 772187.607403647969477, 2744101.490325861610472 ], [ 776377.727706361678429, 2747664.198824853170663 ] ] } },
{ "type": "Feature", "properties": { "transect_id": "E-07300", "bank": "E", "chainage_m": 7300.0, "x0": 773459.28363564471, "y0": 2744920.2323134742, "nx": 0.76729785875775902, "ny": 0.64129088247515131, "lon": 89.704805, "lat": 24.794668, "near_bridge": false }, "geometry": { "type": "LineString", "coordinates": [ [ 772308.336847508093342, 2743958.295989761594683 ], [ 776528.475070675718598, 2747485.395843375008553 ] ] } },
{ "type": "Feature", "properties": { "transect_id": "E-07500", "bank": "E", "chainage_m": 7500.0, "x0": 773586.8483052837, "y0": 2744766.1965990863, "nx": 0.77265813321076671, "ny": 0.63482234458409958, "lon": 89.706036, "lat": 24.793256, "near_bridge": false }, "geometry": { "type": "LineString", "coordinates": [ [ 772427.861105467542075, 2743813.963082210160792 ], [ 776677.480838126735762, 2747305.485977422911674 ] ] } },
{ "type": "Feature", "properties": { "transect_id": "E-07700", "bank": "E", "chainage_m": 7700.0, "x0": 773713.32081464026, "y0": 2744611.2629391025, "nx": 0.77655663810102671, "ny": 0.63004744886494946, "lon": 89.707255, "lat": 24.791836, "near_bridge": false }, "geometry": { "type": "LineString", "coordinates": [ [ 772548.485857488703914, 2743666.191765805240721 ], [ 776819.547367044375278, 2747131.452734562102705 ] ] } },
{ "type": "Feature", "properties": { "transect_id": "E-07900", "bank": "E", "chainage_m": 7900.0, "x0": 773838.83166775096, "y0": 2744455.548787219, "nx": 0.78039986115242177, "ny": 0.62528078229966477, "lon": 89.708465, "lat": 24.790409, "near_bridge": false }, "geometry": { "type": "LineString", "coordinates": [ [ 772668.23187602229882, 2743517.627613769378513 ], [ 776960.431112360674888, 2746956.671916417777538 ] ] } },
{ "type": "Feature", "properties": { "transect_id": "E-08100", "bank": "E", "chainage_m": 8100.0, "x0": 773963.54379083752, "y0": 2744299.1941680135, "nx": 0.78302376576499744, "ny": 0.62199178631811725, "lon": 89.709667, "lat": 24.788976, "near_bridge": false }, "geometry": { "type": "LineString", "coordinates": [ [ 772789.008142190054059, 2743366.206488536205143 ], [ 777095.638853897457011, 2746787.161313286051154 ] ] } },
{ "type": "Feature", "properties": { "transect_id": "E-08300", "bank": "E", "chainage_m": 8300.0, "x0": 774087.63637085212, "y0": 2744142.3471869673, "nx": 0.78544467588568612, "ny": 0.61893187114805248, "lon": 89.710862, "lat": 24.787539, "near_bridge": false }, "geometry": { "type": "LineString", "coordinates": [ [ 772909.469357023597695, 2743213.949380245059729 ], [ 777229.41507439489942, 2746618.074671559501439 ] ] } },
{ "type": "Feature", "properties": { "transect_id": "E-08500", "bank": "E", "chainage_m": 8500.0, "x0": 774211.15997670835, "y0": 2743985.0516875647, "nx": 0.78732946779367152, "ny": 0.61653248831163299, "lon": 89.712052, "lat": 24.786097, "near_bridge": false }, "geometry": { "type": "LineString", "coordinates": [ [ 773030.165775017812848, 2743060.252955097239465 ], [ 777360.477847883012146, 2746451.181640811264515 ] ] } },
{ "type": "Feature", "properties": { "transect_id": "E-08700", "bank": "E", "chainage_m": 8700.0, "x0": 774334.25857954624, "y0": 2743827.4233346866, "nx": 0.78901440753503504, "ny": 0.61437469406066647, "lon": 89.713238, "lat": 24.784653, "near_bridge": false }, "geometry": { "type": "LineString", "coordinates": [ [ 773150.736968243727461, 2742905.861293595749885 ], [ 777490.31620968633797, 2746284.92211092915386 ] ] } },
{ "type": "Feature", "properties": { "transect_id": "E-08900", "bank": "E", "chainage_m": 8900.0, "x0": 774456.89853650308, "y0": 2743669.4378541759, "nx": 0.79077069176295012, "ny": 0.61211250032060716, "lon": 89.714418, "lat": 24.783206, "near_bridge": false }, "geometry": { "type": "LineString", "coordinates": [ [ 773270.742498858598992, 2742751.269103695172817 ], [ 777619.98130355484318, 2746117.887855458538979 ] ] } },
{ "type": "Feature", "properties": { "transect_id": "E-09100", "bank": "E", "chainage_m": 9100.0, "x0": 774579.10629122937, "y0": 2743511.1178859589, "nx": 0.79247742027898638, "ny": 0.60990125294834641, "lon": 89.715595, "lat": 24.781756, "near_bridge": false }, "geometry": { "type": "LineString", "coordinates": [ [ 773390.390160810900852, 2742596.266006536316127 ], [ 777749.015972345368937, 2745950.722897752188146 ] ] } },
{ "type": "Feature", "properties": { "transect_id": "E-09300", "bank": "E", "chainage_m": 9300.0, "x0": 774700.79883085086, "y0": 2743352.401548055, "nx": 0.79483968358918078, "ny": 0.606819476773654, "lon": 89.716766, "lat": 24.780302, "near_bridge": false }, "geometry": { "type": "LineString", "coordinates": [ [ 773508.539305467042141, 2742442.172332894522697 ], [ 777880.15756520756986, 2745779.679455149453133 ] ] } },
{ "type": "Feature", "properties": { "transect_id": "E-09500", "bank": "E", "chainage_m": 9500.0, "x0": 774821.83685863356, "y0": 2743193.1857001754, "nx": 0.79741565562953021, "ny": 0.60343042031117944, "lon": 89.717931, "lat": 24.778844, "near_bridge": false }, "geometry": { "type": "LineString", "coordinates": [ [ 773625.713375189225189, 2742288.04006970860064 ], [ 778011.499481151695363, 2745606.907381420023739 ] ] } },
{ "type": "Feature", "properties": { "transect_id": "E-09700", "bank": "E", "chainage_m": 9700.0, "x0": 774942.1338347994, "y0": 2743033.4092287789, "nx": 0.80079782976955094, "ny": 0.59893475090061132, "lon": 89.719088, "lat": 24.777381, "near_bridge": false }, "geometry": { "type": "LineString", "coordinates": [ [ 773740.937090145074762, 2742135.007102428004146 ], [ 778145.325153877609409, 2745429.148232381325215 ] ] } },
{ "type": "Feature", "properties": { "transect_id": "E-09900", "bank": "E", "chainage_m": 9900.0, "x0": 775061.33707702439, "y0": 2742872.8153377133, "nx": 0.80509653570140194, "ny": 0.59314380060960015, "lon": 89.720234, "lat": 24.775911, "near_bridge": false }, "geometry": { "type": "LineString", "coordinates": [ [ 773853.692273472319357, 2741983.099636798724532 ], [ 778281.723219829960726, 2745245.39054015185684 ] ] } },
{ "type": "Feature", "properties": { "transect_id": "E-10100", "bank": "E", "chainage_m": 10100.0, "x0": 775179.34122490801, "y0": 2742711.339037416, "nx": 0.80987381156440563, "ny": 0.58660413341719786, "lon": 89.721369, "lat": 24.774433, "near_bridge": false }, "geometry": { "type": "LineString", "coordinates": [ [ 773964.530507561401464, 2741831.432837290223688 ], [ 778418.836471165646799, 2745057.75557108502835 ] ] } },
{ "type": "Feature", "properties": { "transect_id": "E-10300", "bank": "E", "chainage_m": 10300.0, "x0": 775295.81486800697, "y0": 2742548.7552647959, "nx": 0.81638088352490579, "ny": 0.57751385525811783, "lon": 89.722487, "lat": 24.772946, "near_bridge": false }, "geometry": { "type": "LineString", "coordinates": [ [ 774071.243542719632387, 2741682.484481908846647 ], [ 778561.338402106543072, 2744858.810685828328133 ] ] } },
{ "type": "Feature", "properties": { "transect_id": "E-10500", "bank": "E", "chainage_m": 10500.0, "x0": 775410.34409771068, "y0": 2742384.7971486696, "nx": 0.82334223691715036, "ny": 0.56754520604817293, "lon": 89.723587, "lat": 24.771446, "near_bridge": false }, "geometry": { "type": "LineString", "coordinates": [ [ 774175.33074233494699, 2741533.479339597281069 ], [ 778703.713045379263349, 2744654.977972862310708 ] ] } },
{ "type": "Feature", "properties": { "transect_id": "E-10700", "bank": "E", "chainage_m": 10700.0, "x0": 775522.7454369592, "y0": 2742219.3739483017, "nx": 0.83119973905401967, "ny": 0.55597391467273871, "lon": 89.724665, "lat": 24.769934, "near_bridge": false }, "geometry": { "type": "LineString", "coordinates": [ [ 774275.945828378200531, 2741385.413076292723417 ], [ 778847.544393175281584, 2744443.269606992602348 ] ] } },
{ "type": "Feature", "properties": { "transect_id": "E-10900", "bank": "E", "chainage_m": 10900.0, "x0": 775632.47219088837, "y0": 2742052.1644416428, "nx": 0.84116511889523593, "ny": 0.54077836749814967, "lon": 89.725716, "lat": 24.768405, "near_bridge": false }, "geometry": { "type": "LineString", "coordinates": [ [ 774370.724512545508333, 2741240.996890395414084 ], [ 778997.132666469318792, 2744215.277911635581404 ] ] } },
{ "type": "Feature", "properties": { "transect_id": "E-11100", "bank": "E", "chainage_m": 11100.0, "x0": 775739.09705473809, "y0": 2741882.9626750038, "nx": 0.85112443716995145, "ny": 0.52496399157669216, "lon": 89.726736, "lat": 24.76686, "near_bridge": false }, "geometry": { "type": "LineString", "coordinates": [ [ 774462.410398983163759, 2741095.516687638591975 ], [ 779143.59480341791641, 2743982.818641310557723 ] ] } },
{ "type": "Feature", "properties": { "transect_id": "E-11300", "bank": "E", "chainage_m": 11300.0, "x0": 775842.34129461355, "y0": 2741711.6790269478, "nx": 0.86198445567280335, "ny": 0.50693470800336893, "lon": 89.727722, "lat": 24.765296, "near_bridge": false }, "geometry": { "type": "LineString", "coordinates": [ [ 774549.364611104363576, 2740951.276964942924678 ], [ 779290.279117304715328, 2743739.417858961503953 ] ] } },
{ "type": "Feature", "properties": { "transect_id": "E-11500", "bank": "E", "chainage_m": 11500.0, "x0": 775941.70078876207, "y0": 2741538.111170155, "nx": 0.87431210390649328, "ny": 0.48536413646107129, "lon": 89.72867, "lat": 24.763712, "near_bridge": false }, "geometry": { "type": "LineString", "coordinates": [ [ 774630.232632902334444, 2740810.064965463243425 ], [ 779438.949204388074577, 2743479.567715999204665 ] ] } },
{ "type": "Feature", "properties": { "transect_id": "E-11700", "bank": "E", "chainage_m": 11700.0, "x0": 776036.39723799308, "y0": 2741361.9576280103, "nx": 0.88703996293920007, "ny": 0.46169265117480762, "lon": 89.729571, "lat": 24.762106, "near_bridge": false }, "geometry": { "type": "LineString", "coordinates": [ [ 774705.837293584248982, 2740669.418651247862726 ], [ 779584.557089749840088, 2743208.728232709690928 ] ] } },
{ "type": "Feature", "properties": { "transect_id": "E-11900", "bank": "E", "chainage_m": 11900.0, "x0": 776126.24674046226, "y0": 2741183.2884800564, "nx": 0.89982723920987373, "ny": 0.4362464207027224, "lon": 89.730423, "lat": 24.760478, "near_bridge": false }, "geometry": { "type": "LineString", "coordinates": [ [ 774776.505881647462957, 2740528.918849002569914 ], [ 779725.555697301751934, 2742928.274162867106497 ] ] } },
{ "type": "Feature", "properties": { "transect_id": "E-12100", "bank": "E", "chainage_m": 12100.0, "x0": 776210.76369288692, "y0": 2741002.0381301106, "nx": 0.91281570417117586, "ny": 0.4083717549224975, "lon": 89.731222, "lat": 24.758828, "near_bridge": false }, "geometry": { "type": "LineString", "coordinates": [ [ 774841.540136630181223, 2740389.480497726704925 ], [ 779862.026509571587667, 2742635.525149800814688 ] ] } },
{ "type": "Feature", "properties": { "transect_id": "E-12300", "bank": "E", "chainage_m": 12300.0, "x0": 776289.46645927557, "y0": 2740818.1878728364, "nx": 0.92575111808562005, "ny": 0.37813339889941522, "lon": 89.731963, "lat": 24.757155, "near_bridge": false }, "geometry": { "type": "LineString", "coordinates": [ [ 774900.839782147086225, 2740250.987774487119168 ], [ 779992.470931618008763, 2742330.721468434203416 ] ] } },
{ "type": "Feature", "properties": { "transect_id": "E-12500", "bank": "E", "chainage_m": 12500.0, "x0": 776361.90057553316, "y0": 2740631.7759926361, "nx": 0.93842295911792672, "ny": 0.34548856681568207, "lon": 89.732642, "lat": 24.755461, "near_bridge": false }, "geometry": { "type": "LineString", "coordinates": [ [ 774954.266136856283993, 2740113.543142412789166 ], [ 780115.592412004829384, 2742013.730259899049997 ] ] } },
{ "type": "Feature", "properties": { "transect_id": "E-12700", "bank": "E", "chainage_m": 12700.0, "x0": 776427.5120995969, "y0": 2740442.8542028503, "nx": 0.95055572325693205, "ny": 0.31055404840943696, "lon": 89.733253, "lat": 24.753744, "near_bridge": false }, "geometry": { "type": "LineString", "coordinates": [ [ 775001.678514711558819, 2739977.023130236193538 ], [ 780229.734992624609731, 2741685.070396488066763 ] ] } },
{ "type": "Feature", "properties": { "transect_id": "E-12900", "bank": "E", "chainage_m": 12900.0, "x0": 776486.10818083491, "y0": 2740251.6432412332, "nx": 0.96139739036576299, "ny": 0.27516369273198205, "lon": 89.733794, "lat": 24.752009, "near_bridge": false }, "geometry": { "type": "LineString", "coordinates": [ [ 775044.012095286278054, 2739838.897702135145664 ], [ 780331.697742298012599, 2741352.298012161161751 ] ] } },
{ "type": "Feature", "properties": { "transect_id": "E-13100", "bank": "E", "chainage_m": 13100.0, "x0": 776537.5292505587, "y0": 2740058.3817312093, "nx": 0.97102918321156373, "ny": 0.23896092850397843, "lon": 89.734264, "lat": 24.750256, "near_bridge": false }, "geometry": { "type": "LineString", "coordinates": [ [ 775080.985475741326809, 2739699.940338453277946 ], [ 780421.645983404945582, 2741014.225445225369185 ] ] } },
{ "type": "Feature", "properties": { "transect_id": "E-13300", "bank": "E", "chainage_m": 13300.0, "x0": 776581.67881324585, "y0": 2739863.3316250611, "nx": 0.97925446509642289, "ny": 0.20263438155633545, "lon": 89.734662, "lat": 24.748489, "near_bridge": false }, "geometry": { "type": "LineString", "coordinates": [ [ 775112.79711560124997, 2739559.380052726715803 ], [ 780498.696673631551675, 2740673.869151286315173 ] ] } },
{ "type": "Feature", "properties": { "transect_id": "E-13500", "bank": "E", "chainage_m": 13500.0, "x0": 776618.61019913806, "y0": 2739666.786765662, "nx": 0.98595952472968851, "ny": 0.16698447710732475, "lon": 89.734988, "lat": 24.746709, "near_bridge": false }, "geometry": { "type": "LineString", "coordinates": [ [ 775139.670912043540739, 2739416.310050000902265 ], [ 780562.448298056842759, 2740334.724674091208726 ] ] } },
{ "type": "Feature", "properties": { "transect_id": "E-13700", "bank": "E", "chainage_m": 13700.0, "x0": 776648.54611373763, "y0": 2739469.0542768752, "nx": 0.99112798696078019, "ny": 0.13291092303897151, "lon": 89.735244, "lat": 24.74492, "near_bridge": false }, "geometry": { "type": "LineString", "coordinates": [ [ 775161.854133296408691, 2739269.687892316840589 ], [ 780613.058061580755748, 2740000.697969031054527 ] ] } },
{ "type": "Feature", "properties": { "transect_id": "E-13900", "bank": "E", "chainage_m": 13900.0, "x0": 776671.89811568928, "y0": 2739270.4345636754, "nx": 0.99484808502842048, "ny": 0.10137695850283075, "lon": 89.735436, "lat": 24.743124, "near_bridge": false }, "geometry": { "type": "LineString", "coordinates": [ [ 775179.625988146639429, 2739118.369125921279192 ], [ 780651.290455802925862, 2739675.942397686652839 ] ] } },
{ "type": "Feature", "properties": { "transect_id": "E-14100", "bank": "E", "chainage_m": 14100.0, "x0": 776689.27095047128, "y0": 2739071.2002291447, "nx": 0.99730492754550104, "ny": 0.073368123142568187, "lon": 89.735568, "lat": 24.741323, "near_bridge": false }, "geometry": { "type": "LineString", "coordinates": [ [ 775193.313559153000824, 2738961.148044430650771 ], [ 780678.49066065333318, 2739364.672721714712679 ] ] } },
{ "type": "Feature", "properties": { "transect_id": "E-14300", "bank": "E", "chainage_m": 14300.0, "x0": 776701.46694357379, "y0": 2738871.5792915309, "nx": 0.99875890388256705, "ny": 0.049806143348919696, "lon": 89.735649, "lat": 24.73952, "near_bridge": false }, "geometry": { "type": "LineString", "coordinates": [ [ 775203.328587749972939, 2738796.870076507329941 ], [ 780696.502559104003012, 2739070.803864926565439 ] ] } },
{ "type": "Feature", "properties": { "transect_id": "E-14500", "bank": "E", "chainage_m": 14500.0, "x0": 776709.45704895235, "y0": 2738671.7431164077, "nx": 0.99950328797417409, "ny": 0.031514716067498651, "lon": 89.735688, "lat": 24.737716, "near_bridge": false }, "geometry": { "type": "LineString", "coordinates": [ [ 775210.202116991044022, 2738624.471042306628078 ], [ 780707.470200848998502, 2738797.801980677526444 ] ] } },
{ "type": "Feature", "properties": { "transect_id": "E-14700", "bank": "E", "chainage_m": 14700.0, "x0": 776714.37042415177, "y0": 2738471.8054013895, "nx": 0.99981598366664237, "ny": 0.019183294938679093, "lon": 89.735697, "lat": 24.735912, "near_bridge": false }, "geometry": { "type": "LineString", "coordinates": [ [ 775214.646448651794344, 2738443.030458981636912 ], [ 780713.634358818293549, 2738548.538581144064665 ] ] } },
{ "type": "Feature", "properties": { "transect_id": "E-14900", "bank": "E", "chainage_m": 14900.0, "x0": 776717.45896169276, "y0": 2738271.8297050581, "nx": 0.99991028512908853, "ny": 0.01339483829931579, "lon": 89.735688, "lat": 24.734107, "near_bridge": false }, "geometry": { "type": "LineString", "coordinates": [ [ 775217.593533999170177, 2738251.737447609193623 ], [ 780717.100102209136821, 2738325.409058255609125 ] ] } },
{ "type": "Feature", "properties": { "transect_id": "E-15100", "bank": "E", "chainage_m": 15100.0, "x0": 776720.07154925528, "y0": 2738071.8467970006, "nx": 0.99989516540483858, "ny": 0.014479578724210013, "lon": 89.735675, "lat": 24.732303, "near_bridge": false }, "geometry": { "type": "LineString", "coordinates": [ [ 775220.22880114801228, 2738050.127428914420307 ], [ 780719.652210874599405, 2738129.765111897606403 ] ] } },
{ "type": "Feature", "properties": { "transect_id": "E-15300", "bank": "E", "chainage_m": 15300.0, "x0": 776723.60576162476, "y0": 2737871.8788066953, "nx": 0.99974354818979749, "ny": 0.02264592353766957, "lon": 89.73567, "lat": 24.730498, "near_bridge": false }, "geometry": { "type": "LineString", "coordinates": [ [ 775223.99043934000656, 2737837.909921388607472 ], [ 780722.579954383894801, 2737962.462500846013427 ] ] } },
{ "type": "Feature", "properties": { "transect_id": "E-15500", "bank": "E", "chainage_m": 15500.0, "x0": 776729.48651955707, "y0": 2737671.9680507341, "nx": 0.99928004432262241, "ny": 0.037939333396592778, "lon": 89.735689, "lat": 24.728694, "near_bridge": false }, "geometry": { "type": "LineString", "coordinates": [ [ 775230.566453073173761, 2737615.059050639159977 ], [ 780726.606696847593412, 2737823.725384320598096 ] ] } },
{ "type": "Feature", "properties": { "transect_id": "E-15700", "bank": "E", "chainage_m": 15700.0, "x0": 776739.13183599862, "y0": 2737472.2067102212, "nx": 0.99818452067309271, "ny": 0.060230081260347484, "lon": 89.735745, "lat": 24.72689, "near_bridge": false }, "geometry": { "type": "LineString", "coordinates": [ [ 775241.855054988991469, 2737381.861588330939412 ], [ 780731.869918690994382, 2737713.127035262528807 ] ] } },
{ "type": "Feature", "properties": { "transect_id": "E-15900", "bank": "E", "chainage_m": 15900.0, "x0": 776753.90857719758, "y0": 2737272.7634557243, "nx": 0.99602005254070025, "ny": 0.08912942800680787, "lon": 89.735851, "lat": 24.725088, "near_bridge": false }, "geometry": { "type": "LineString", "coordinates": [ [ 775259.878498386475258, 2737139.069313714280725 ], [ 780737.988787360372953, 2737629.281167751643807 ] ] } },
{ "type": "Feature", "properties": { "transect_id": "E-16100", "bank": "E", "chainage_m": 16100.0, "x0": 776775.08299553068, "y0": 2737073.9025586597, "nx": 0.9922761869490756, "ny": 0.12404825195786891, "lon": 89.736021, "lat": 24.72329, "near_bridge": false }, "geometry": { "type": "LineString", "coordinates": [ [ 775286.668715107021853, 2736887.830180722754449 ], [ 780744.187743326998316, 2737570.095566491130739 ] ] } },
{ "type": "Feature", "properties": { "transect_id": "E-16300", "bank": "E", "chainage_m": 16300.0, "x0": 776803.78587326023, "y0": 2736875.9934048676, "nx": 0.98642554101235025, "ny": 0.1642091716028431, "lon": 89.736265, "lat": 24.7215, "near_bridge": false }, "geometry": { "type": "LineString", "coordinates": [ [ 775324.147561741760001, 2736629.67964746337384 ], [ 780749.488037309609354, 2737532.830091279000044 ] ] } },
{ "type": "Feature", "properties": { "transect_id": "E-16500", "bank": "E", "chainage_m": 16500.0, "x0": 776840.9737573606, "y0": 2736679.507326927, "nx": 0.97798952803261963, "ny": 0.20865397925401233, "lon": 89.736594, "lat": 24.71972, "near_bridge": false }, "geometry": { "type": "LineString", "coordinates": [ [ 775373.989465311635286, 2736366.526358046103269 ], [ 780752.931869491119869, 2737514.123243942856789 ] ] } },
{ "type": "Feature", "properties": { "transect_id": "E-16700", "bank": "E", "chainage_m": 16700.0, "x0": 776887.39406630979, "y0": 2736485.0006823782, "nx": 0.9666065294648285, "ny": 0.25626513066736123, "lon": 89.737014, "lat": 24.717957, "near_bridge": false }, "geometry": { "type": "LineString", "coordinates": [ [ 775437.484272112604231, 2736100.602986377198249 ], [ 780753.820184169104323, 2737510.0612050476484 ] ] } },
{ "type": "Feature", "properties": { "transect_id": "E-16900", "bank": "E", "chainage_m": 16900.0, "x0": 776943.56131364463, "y0": 2736293.085869649, "nx": 0.95208211734313541, "ny": 0.30584251149147346, "lon": 89.737531, "lat": 24.716216, "near_bridge": false }, "geometry": { "type": "LineString", "coordinates": [ [ 775515.438137629884295, 2735834.322102411650121 ], [ 780751.889783017220907, 2737516.455915614962578 ] ] } },
{ "type": "Feature", "properties": { "transect_id": "E-17100", "bank": "E", "chainage_m": 17100.0, "x0": 777009.74476942339, "y0": 2736104.3925182517, "nx": 0.93443474836589024, "ny": 0.35613438621730309, "lon": 89.738147, "lat": 24.714502, "near_bridge": false }, "geometry": { "type": "LineString", "coordinates": [ [ 775608.092646874603815, 2735570.190938925836235 ], [ 780747.483762886957265, 2737528.930063121020794 ] ] } },
{ "type": "Feature", "properties": { "transect_id": "E-17300", "bank": "E", "chainage_m": 17300.0, "x0": 777085.96530630323, "y0": 2735919.5213314136, "nx": 0.91391219675604407, "ny": 0.40591193209924464, "lon": 89.738863, "lat": 24.71282, "near_bridge": false }, "geometry": { "type": "LineString", "coordinates": [ [ 775715.097011169185862, 2735310.653433264698833 ], [ 780741.614093327429146, 2737543.169059810694307 ] ] } },
{ "type": "Feature", "properties": { "transect_id": "E-17500", "bank": "E", "chainage_m": 17500.0, "x0": 777172.12574567203, "y0": 2735739.057141521, "nx": 0.88976603272463828, "ny": 0.45641692235220416, "lon": 89.739679, "lat": 24.711177, "near_bridge": false }, "geometry": { "type": "LineString", "coordinates": [ [ 775837.476696585072204, 2735054.431757992599159 ], [ 780731.189876570599154, 2737564.724830929655582 ] ] } },
{ "type": "Feature", "properties": { "transect_id": "E-17700", "bank": "E", "chainage_m": 17700.0, "x0": 777268.2940609206, "y0": 2735563.7256146981, "nx": 0.86390703959905191, "ny": 0.50365129497619909, "lon": 89.740594, "lat": 24.709578, "near_bridge": false }, "geometry": { "type": "LineString", "coordinates": [ [ 775972.433501522056758, 2734808.248672233894467 ], [ 780723.922219316824339, 2737578.330794603098184 ] ] } },
{ "type": "Feature", "properties": { "transect_id": "E-17900", "bank": "E", "chainage_m": 17900.0, "x0": 777373.37433226139, "y0": 2735393.5988907008, "nx": 0.83754375138469062, "ny": 0.5463702632066092, "lon": 89.741598, "lat": 24.708024, "near_bridge": false }, "geometry": { "type": "LineString", "coordinates": [ [ 776117.058705184375867, 2734574.043495891150087 ], [ 780723.549337800126523, 2737579.079943527467549 ] ] } },
{ "type": "Feature", "properties": { "transect_id": "E-18100", "bank": "E", "chainage_m": 18100.0, "x0": 777486.59954862145, "y0": 2735228.7671444481, "nx": 0.80961324808303159, "ny": 0.5869637029054211, "lon": 89.742683, "lat": 24.706517, "near_bridge": false }, "geometry": { "type": "LineString", "coordinates": [ [ 776272.179676496889442, 2734348.321590090170503 ], [ 780725.052540953620337, 2737576.62195606995374 ] ] } },
{ "type": "Feature", "properties": { "transect_id": "E-18300", "bank": "E", "chainage_m": 18300.0, "x0": 777608.12304458441, "y0": 2735069.9472770677, "nx": 0.78029112016527358, "ny": 0.62541647547152335, "lon": 89.743852, "lat": 24.705062, "near_bridge": false }, "geometry": { "type": "LineString", "coordinates": [ [ 776437.686364336521365, 2734131.822563860565424 ], [ 780729.287525245454162, 2737571.613178953994066 ] ] } },
{ "type": "Feature", "properties": { "transect_id": "E-18500", "bank": "E", "chainage_m": 18500.0, "x0": 777736.31973145658, "y0": 2734916.471475177, "nx": 0.75431593365314387, "ny": 0.65651159337591747, "lon": 89.745088, "lat": 24.703654, "near_bridge": false }, "geometry": { "type": "LineString", "coordinates": [ [ 776604.845830976846628, 2733931.704085113015026 ], [ 780753.583466069190763, 2737542.517848680727184 ] ] } },
{ "type": "Feature", "properties": { "transect_id": "E-18700", "bank": "E", "chainage_m": 18700.0, "x0": 777871.00668837549, "y0": 2734768.6465635393, "nx": 0.72523277198096625, "ny": 0.68850375920891227, "lon": 89.746388, "lat": 24.702296, "near_bridge": false }, "geometry": { "type": "LineString", "coordinates": [ [ 776783.157530404045247, 2733735.890924725681543 ], [ 780771.937776299309917, 2737522.661600375082344 ] ] } },
{ "type": "Feature", "properties": { "transect_id": "E-18900", "bank": "E", "chainage_m": 18900.0, "x0": 778010.98053829581, "y0": 2734625.8173640692, "nx": 0.70114963239126349, "ny": 0.71301416044675858, "lon": 89.747742, "lat": 24.700983, "near_bridge": false }, "geometry": { "type": "LineString", "coordinates": [ [ 776959.256089708884247, 2733556.29612339893356 ], [ 780815.579067860846408, 2737477.874005855992436 ] ] } },
{ "type": "Feature", "properties": { "transect_id": "E-19100", "bank": "E", "chainage_m": 19100.0, "x0": 778156.21995623317, "y0": 2734488.3387202574, "nx": 0.67698024989628636, "ny": 0.73600118291369743, "lon": 89.749149, "lat": 24.699716, "near_bridge": false }, "geometry": { "type": "LineString", "coordinates": [ [ 777140.749581388779916, 2733384.336945886723697 ], [ 780864.140955818351358, 2737432.343451912049204 ] ] } },
{ "type": "Feature", "properties": { "transect_id": "E-19300", "bank": "E", "chainage_m": 19300.0, "x0": 778305.42586495669, "y0": 2734355.1745138862, "nx": 0.65358476034809376, "ny": 0.75685332861838228, "lon": 89.750596, "lat": 24.698488, "near_bridge": false }, "geometry": { "type": "LineString", "coordinates": [ [ 777325.048724434571341, 2733219.894520958419889 ], [ 780919.764906349009834, 2737382.587828359566629 ] ] } },
{ "type": "Feature", "properties": { "transect_id": "E-19500", "bank": "E", "chainage_m": 19500.0, "x0": 778458.3560522804, "y0": 2734226.3001885051, "nx": 0.63418017384207281, "ny": 0.773185299333632, "lon": 89.752081, "lat": 24.697298, "near_bridge": false }, "geometry": { "type": "LineString", "coordinates": [ [ 777507.085791517281905, 2733066.522239504847676 ], [ 780995.07674764865078, 2737319.041385839693248 ] ] } },
{ "type": "Feature", "properties": { "transect_id": "E-19700", "bank": "E", "chainage_m": 19700.0, "x0": 778614.71458297735, "y0": 2734101.6036106972, "nx": 0.61616641497355085, "ny": 0.78761599086016654, "lon": 89.7536, "lat": 24.696144, "near_bridge": false }, "geometry": { "type": "LineString", "coordinates": [ [ 777690.464960517012514, 2732920.179624407086521 ], [ 781079.380242871586233, 2737252.067574137821794 ] ] } },
{ "type": "Feature", "properties": { "transect_id": "E-19900", "bank": "E", "chainage_m": 19900.0, "x0": 778773.71944540588, "y0": 2733980.3003793675, "nx": 0.59807223750396066, "ny": 0.80144219924271887, "lon": 89.755146, "lat": 24.695021, "near_bridge": false }, "geometry": { "type": "LineString", "coordinates": [ [ 777876.61108914995566, 2732778.137080503627658 ], [ 781166.008395421667956, 2737186.069176338613033 ] ] } },
{ "type": "Feature", "properties": { "transect_id": "E-20100", "bank": "E", "chainage_m": 20100.0, "x0": 778935.04009395861, "y0": 2733862.0918365065, "nx": 0.58301831468350407, "ny": 0.81245901111601115, "lon": 89.756715, "lat": 24.693926, "near_bridge": false }, "geometry": { "type": "LineString", "coordinates": [ [ 778060.512621933361515, 2732643.403319832403213 ], [ 781267.113352692569606, 2737111.92788097076118 ] ] } },
{ "type": "Feature", "properties": { "transect_id": "E-20300", "bank": "E", "chainage_m": 20300.0, "x0": 779098.37185780553, "y0": 2733746.6741872272, "nx": 0.57006469010824956, "ny": 0.82159981079098687, "lon": 89.758305, "lat": 24.692855, "near_bridge": false }, "geometry": { "type": "LineString", "coordinates": [ [ 778243.274822643143125, 2732514.274471040815115 ], [ 781378.63061823847238, 2737033.073430391028523 ] ] } },
{ "type": "Feature", "properties": { "transect_id": "E-20500", "bank": "E", "chainage_m": 20500.0, "x0": 779263.44987594476, "y0": 2733633.7647361234, "nx": 0.55859969294692313, "ny": 0.8294373894632453, "lon": 89.759912, "lat": 24.691806, "near_bridge": false }, "geometry": { "type": "LineString", "coordinates": [ [ 778425.550336524378508, 2732389.608651928603649 ], [ 781497.848647732404061, 2736951.514293976593763 ] ] } },
{ "type": "Feature", "properties": { "transect_id": "E-20700", "bank": "E", "chainage_m": 20700.0, "x0": 779430.0975608147, "y0": 2733523.1838249066, "nx": 0.54860260922641213, "ny": 0.83608323577857513, "lon": 89.761536, "lat": 24.690779, "near_bridge": false }, "geometry": { "type": "LineString", "coordinates": [ [ 778607.193646975094453, 2732269.058971238788217 ], [ 781624.507997720385902, 2736867.51676802104339 ] ] } },
{ "type": "Feature", "properties": { "transect_id": "E-20900", "bank": "E", "chainage_m": 20900.0, "x0": 779597.94076978706, "y0": 2733414.4264554232, "nx": 0.54004408158699546, "ny": 0.84163673276708795, "lon": 89.763172, "lat": 24.689767, "near_bridge": false }, "geometry": { "type": "LineString", "coordinates": [ [ 778787.87464740651194, 2732151.971356272697449 ], [ 781758.117096135043539, 2736780.973386491648853 ] ] } },
{ "type": "Feature", "properties": { "transect_id": "E-21100", "bank": "E", "chainage_m": 21100.0, "x0": 779766.77497957367, "y0": 2733307.2137110564, "nx": 0.53288780558508952, "ny": 0.84618590549518591, "lon": 89.764817, "lat": 24.688769, "near_bridge": false }, "geometry": { "type": "LineString", "coordinates": [ [ 778967.443271196098067, 2732037.934852813836187 ], [ 781898.326201913994737, 2736691.957333037164062 ] ] } },
{ "type": "Feature", "properties": { "transect_id": "E-21300", "bank": "E", "chainage_m": 21300.0, "x0": 779936.4109515507, "y0": 2733201.2735888711, "nx": 0.52709986042828416, "ny": 0.84980335203886037, "lon": 89.766471, "lat": 24.687782, "near_bridge": false }, "geometry": { "type": "LineString", "coordinates": [ [ 779145.761160908266902, 2731926.568560812622309 ], [ 782044.810393263818696, 2736600.48699702648446 ] ] } },
{ "type": "Feature", "properties": { "transect_id": "E-21500", "bank": "E", "chainage_m": 21500.0, "x0": 780106.67171730706, "y0": 2733096.3399830228, "nx": 0.52264807738455765, "ny": 0.85254852483962784, "lon": 89.768131, "lat": 24.686805, "near_bridge": false }, "geometry": { "type": "LineString", "coordinates": [ [ 779322.699601230211556, 2731817.517195763532072 ], [ 782197.264026845339686, 2736506.534082381054759 ] ] } },
{ "type": "Feature", "properties": { "transect_id": "E-21700", "bank": "E", "chainage_m": 21700.0, "x0": 780277.3900863661, "y0": 2732992.1520322422, "nx": 0.51950613827215664, "ny": 0.85446671807481811, "lon": 89.769796, "lat": 24.685834, "near_bridge": false }, "geometry": { "type": "LineString", "coordinates": [ [ 779498.130878957919776, 2731710.451955129858106 ], [ 782355.41463945468422, 2736410.018904541619122 ] ] } },
{ "type": "Feature", "properties": { "transect_id": "E-21900", "bank": "E", "chainage_m": 21900.0, "x0": 780448.40573005087, "y0": 2732888.4524120018, "nx": 0.51765627135225489, "ny": 0.85558867730334109, "lon": 89.771464, "lat": 24.684867, "near_bridge": false }, "geometry": { "type": "LineString", "coordinates": [ [ 779671.921323022455908, 2731605.069396046921611 ], [ 782519.030815459904261, 2736310.807121214922518 ] ] } },
{ "type": "Feature", "properties": { "transect_id": "E-22100", "bank": "E", "chainage_m": 22100.0, "x0": 780619.56226977403, "y0": 2732784.9853367601, "nx": 0.51710319820897166, "ny": 0.8559230586928086, "lon": 89.773133, "lat": 24.683903, "near_bridge": false }, "geometry": { "type": "LineString", "coordinates": [ [ 779843.907472460530698, 2731501.100748721044511 ], [ 782687.975062609883025, 2736208.677571531385183 ] ] } },
{ "type": "Feature", "properties": { "transect_id": "E-22300", "bank": "E", "chainage_m": 22300.0, "x0": 780790.70457657694, "y0": 2732681.4947389406, "nx": 0.51789750465603246, "ny": 0.85544267760677861, "lon": 89.774802, "lat": 24.682938, "near_bridge": false }, "geometry": { "type": "LineString", "coordinates": [ [ 780013.858319592894986, 2731398.330722530372441 ], [ 782862.294595201034099, 2736103.26544936792925 ] ] } },
{ "type": "Feature", "properties": { "transect_id": "E-22500", "bank": "E", "chainage_m": 22500.0, "x0": 780961.67587601743, "y0": 2732577.722082397, "nx": 0.52001199020233313, "ny": 0.85415896064246077, "lon": 89.776469, "lat": 24.681971, "near_bridge": false }, "geometry": { "type": "LineString", "coordinates": [ [ 780181.657890713890083, 2731296.483641433063895 ], [ 783041.723836826742627, 2735994.357924966607243 ] ] } },
{ "type": "Feature", "properties": { "transect_id": "E-22700", "bank": "E", "chainage_m": 22700.0, "x0": 781132.31458322308, "y0": 2732473.4038246651, "nx": 0.52347470080070757, "ny": 0.85204121826447432, "lon": 89.778133, "lat": 24.680998, "near_bridge": false }, "geometry": { "type": "LineString", "coordinates": [ [ 780347.102532022050582, 2731195.341997268609703 ], [ 783226.213386425864883, 2735881.568697723094374 ] ] } },
{ "type": "Feature", "properties": { "transect_id": "E-22900", "bank": "E", "chainage_m": 22900.0, "x0": 781302.45109748538, "y0": 2732368.269063131, "nx": 0.52833434997079798, "ny": 0.84903640360171506, "lon": 89.779792, "lat": 24.680019, "near_bridge": false }, "geometry": { "type": "LineString", "coordinates": [ [ 780509.949572529178113, 2731094.714457728434354 ], [ 783415.78849736857228, 2735764.414677537977695 ] ] } },
{ "type": "Feature", "properties": { "transect_id": "E-23100", "bank": "E", "chainage_m": 23100.0, "x0": 781471.90441810014, "y0": 2732262.0372963846, "nx": 0.53464936424538378, "ny": 0.84507399516965787, "lon": 89.781443, "lat": 24.67903, "near_bridge": false }, "geometry": { "type": "LineString", "coordinates": [ [ 780669.930371732101776, 2730994.426303630229086 ], [ 783610.501875081681646, 2735642.333277062978595 ] ] } },
{ "type": "Feature", "properties": { "transect_id": "E-23300", "bank": "E", "chainage_m": 23300.0, "x0": 781640.47851648415, "y0": 2732154.4163660649, "nx": 0.5424879266756063, "ny": 0.84006359843240552, "lon": 89.783086, "lat": 24.678028, "near_bridge": false }, "geometry": { "type": "LineString", "coordinates": [ [ 780826.746626470703632, 2730894.320968416519463 ], [ 783810.430223186616786, 2735514.670759794767946 ] ] } },
{ "type": "Feature", "properties": { "transect_id": "E-23500", "bank": "E", "chainage_m": 23500.0, "x0": 781807.95840443939, "y0": 2732045.1006546407, "nx": 0.55192486314444855, "ny": 0.83389384542817058, "lon": 89.784718, "lat": 24.677011, "near_bridge": false }, "geometry": { "type": "LineString", "coordinates": [ [ 780980.071109722717665, 2730794.259886498562992 ], [ 784015.657857017125934, 2735380.676036353223026 ] ] } },
{ "type": "Feature", "properties": { "transect_id": "E-23700", "bank": "E", "chainage_m": 23700.0, "x0": 781974.08984193008, "y0": 2731933.746144989, "nx": 0.56303812051500646, "ny": 0.82643092563560883, "lon": 89.786335, "lat": 24.675976, "near_bridge": false }, "geometry": { "type": "LineString", "coordinates": [ [ 781129.532661157543771, 2730694.099756535608321 ], [ 784226.242323990096338, 2735239.469847531523556 ] ] } },
{ "type": "Feature", "properties": { "transect_id": "E-23900", "bank": "E", "chainage_m": 23900.0, "x0": 782138.4341165378, "y0": 2731819.7725827647, "nx": 0.57590315882848031, "ny": 0.81751792130287781, "lon": 89.787935, "lat": 24.674918, "near_bridge": false }, "geometry": { "type": "LineString", "coordinates": [ [ 781274.579378295107745, 2730593.49570081057027 ], [ 784442.04675185168162, 2735089.844267976470292 ] ] } },
{ "type": "Feature", "properties": { "transect_id": "E-24100", "bank": "E", "chainage_m": 24100.0, "x0": 782300.79016694217, "y0": 2731702.9890874452, "nx": 0.59058513820488823, "ny": 0.80697533700325264, "lon": 89.789514, "lat": 24.673835, "near_bridge": false }, "geometry": { "type": "LineString", "coordinates": [ [ 781414.912459634826519, 2730492.526081940159202 ], [ 784663.130719761713408, 2734930.890435458160937 ] ] } },
{ "type": "Feature", "properties": { "transect_id": "E-24300", "bank": "E", "chainage_m": 24300.0, "x0": 782460.80202581908, "y0": 2731583.0184132853, "nx": 0.60880367141239522, "ny": 0.79332092476802119, "lon": 89.79107, "lat": 24.672723, "near_bridge": false }, "geometry": { "type": "LineString", "coordinates": [ [ 781547.596518700476736, 2730393.037026133388281 ], [ 784896.016711468691938, 2734756.302112357225269 ] ] } },
{ "type": "Feature", "properties": { "transect_id": "E-24500", "bank": "E", "chainage_m": 24500.0, "x0": 782618.07059041562, "y0": 2731459.4757896285, "nx": 0.62909106948480731, "ny": 0.77733160639103138, "lon": 89.792598, "lat": 24.67158, "near_bridge": false }, "geometry": { "type": "LineString", "coordinates": [ [ 781674.433986188378185, 2730293.478380042128265 ], [ 785134.43486835481599, 2734568.802215192466974 ] ] } },
{ "type": "Feature", "properties": { "transect_id": "E-24700", "bank": "E", "chainage_m": 24700.0, "x0": 782772.07820367091, "y0": 2731331.8907029121, "nx": 0.65025404054423885, "ny": 0.75971684380161764, "lon": 89.794092, "lat": 24.6704, "near_bridge": false }, "geometry": { "type": "LineString", "coordinates": [ [ 781796.697142854565755, 2730192.315437209792435 ], [ 785373.094365847879089, 2734370.758078118786216 ] ] } },
{ "type": "Feature", "properties": { "transect_id": "E-24900", "bank": "E", "chainage_m": 24900.0, "x0": 782921.65105313295, "y0": 2731199.1392801814, "nx": 0.67378215382582363, "ny": 0.73893004349927061, "lon": 89.795542, "lat": 24.669175, "near_bridge": false }, "geometry": { "type": "LineString", "coordinates": [ [ 781910.977822394226678, 2730090.744214932434261 ], [ 785616.779668436269276, 2734154.859454178251326 ] ] } },
{ "type": "Feature", "properties": { "transect_id": "E-25100", "bank": "E", "chainage_m": 25100.0, "x0": 783066.75942493801, "y0": 2731061.5304051, "nx": 0.70375906174116598, "ny": 0.71043872573023048, "lon": 89.796947, "lat": 24.667907, "near_bridge": false }, "geometry": { "type": "LineString", "coordinates": [ [ 782011.120832326239906, 2729995.872316504828632 ], [ 785881.795671902713366, 2733903.285308021120727 ] ] } },
{ "type": "Feature", "properties": { "transect_id": "E-25300", "bank": "E", "chainage_m": 25300.0, "x0": 783206.28968939628, "y0": 2730918.2791197994, "nx": 0.73065614909627219, "ny": 0.68274562743953626, "lon": 89.798295, "lat": 24.66659, "near_bridge": false }, "geometry": { "type": "LineString", "coordinates": [ [ 782110.305465751909651, 2729894.160678640007973 ], [ 786128.914285781327635, 2733649.26162955770269 ] ] } },
{ "type": "Feature", "properties": { "transect_id": "E-25500", "bank": "E", "chainage_m": 25500.0, "x0": 783339.01760268817, "y0": 2730768.7021994488, "nx": 0.76449057318197156, "ny": 0.64463490714969851, "lon": 89.799576, "lat": 24.665216, "near_bridge": false }, "geometry": { "type": "LineString", "coordinates": [ [ 782192.281742915161885, 2729801.749838724266738 ], [ 786396.979895416065119, 2733347.241828047670424 ] ] } },
{ "type": "Feature", "properties": { "transect_id": "E-25700", "bank": "E", "chainage_m": 25700.0, "x0": 783464.30173458392, "y0": 2730612.8567802287, "nx": 0.79486991701064824, "ny": 0.60677987362097385, "lon": 89.800781, "lat": 24.663787, "near_bridge": false }, "geometry": { "type": "LineString", "coordinates": [ [ 782271.996859067934565, 2729702.686969797126949 ], [ 786643.781402626540512, 2733039.976274712476879 ] ] } },
{ "type": "Feature", "properties": { "transect_id": "E-25900", "bank": "E", "chainage_m": 25900.0, "x0": 783580.79554222676, "y0": 2730450.3245774629, "nx": 0.83090049423950252, "ny": 0.55642103543319632, "lon": 89.801898, "lat": 24.662299, "near_bridge": false }, "geometry": { "type": "LineString", "coordinates": [ [ 782334.444800867466256, 2729615.693024313077331 ], [ 786904.397519184742123, 2732676.008719195611775 ] ] } },
{ "type": "Feature", "properties": { "transect_id": "E-26100", "bank": "E", "chainage_m": 26100.0, "x0": 783687.11828965449, "y0": 2730280.9828506419, "nx": 0.86251636218477268, "ny": 0.50602917402413283, "lon": 89.802913, "lat": 24.660752, "near_bridge": false }, "geometry": { "type": "LineString", "coordinates": [ [ 782393.343746377388015, 2729521.939089605584741 ], [ 787137.183738393592648, 2732305.099546738434583 ] ] } },
{ "type": "Feature", "properties": { "transect_id": "E-26300", "bank": "E", "chainage_m": 26300.0, "x0": 783782.89358032052, "y0": 2730105.4701508973, "nx": 0.89258076161682698, "ny": 0.45088755138229863, "lon": 89.803823, "lat": 24.659151, "near_bridge": false }, "geometry": { "type": "LineString", "coordinates": [ [ 782444.022437895298935, 2729429.138823824003339 ], [ 787353.216626787791029, 2731909.020356426481158 ] ] } },
{ "type": "Feature", "properties": { "transect_id": "E-26500", "bank": "E", "chainage_m": 26500.0, "x0": 783867.25823768438, "y0": 2729924.1823842516, "nx": 0.9198017379328447, "ny": 0.39238343861039598, "lon": 89.80462, "lat": 24.6575, "near_bridge": false }, "geometry": { "type": "LineString", "coordinates": [ [ 782487.55563078506384, 2729335.607226335909218 ], [ 787546.465189415728673, 2731493.716138693038374 ] ] } },
{ "type": "Feature", "properties": { "transect_id": "E-26700", "bank": "E", "chainage_m": 26700.0, "x0": 783939.67731017387, "y0": 2729737.7855431195, "nx": 0.94340022394664813, "ny": 0.33165647507234686, "lon": 89.805297, "lat": 24.655806, "near_bridge": false }, "geometry": { "type": "LineString", "coordinates": [ [ 782524.576974253868684, 2729240.3008305109106 ], [ 787713.278205960406922, 2731064.411443409044296 ] ] } },
{ "type": "Feature", "properties": { "transect_id": "E-26900", "bank": "E", "chainage_m": 26900.0, "x0": 784000.11650003085, "y0": 2729547.1656346121, "nx": 0.961723264419862, "ny": 0.27402255869472503, "lon": 89.805855, "lat": 24.654075, "near_bridge": false }, "geometry": { "type": "LineString", "coordinates": [ [ 782557.531603401061147, 2729136.13179657002911 ], [ 787847.009557710262015, 2730643.255869390908629 ] ] } },
{ "type": "Feature", "properties": { "transect_id": "E-27100", "bank": "E", "chainage_m": 27100.0, "x0": 784049.44484315254, "y0": 2729353.3749335101, "nx": 0.97540063095452367, "ny": 0.22043958159440658, "lon": 89.806303, "lat": 24.652318, "near_bridge": false }, "geometry": { "type": "LineString", "coordinates": [ [ 782586.343896720791236, 2729022.715561118442565 ], [ 787951.047366970684379, 2730235.133259887807071 ] ] } },
{ "type": "Feature", "properties": { "transect_id": "E-27300", "bank": "E", "chainage_m": 27300.0, "x0": 784088.53923608328, "y0": 2729157.259485892, "nx": 0.98509902306072494, "ny": 0.17198812390628967, "lon": 89.806649, "lat": 24.650541, "near_bridge": false }, "geometry": { "type": "LineString", "coordinates": [ [ 782610.890701492200606, 2728899.277300032787025 ], [ 788028.935328326188028, 2729845.211981517262757 ] ] } },
{ "type": "Feature", "properties": { "transect_id": "E-27500", "bank": "E", "chainage_m": 27500.0, "x0": 784118.53946776537, "y0": 2728959.5428011878, "nx": 0.99155978625921559, "ny": 0.12965026137103922, "lon": 89.806905, "lat": 24.648752, "near_bridge": false }, "geometry": { "type": "LineString", "coordinates": [ [ 782631.199788376572542, 2728765.067409131210297 ], [ 788084.7786128022708, 2729478.143846672028303 ] ] } },
{ "type": "Feature", "properties": { "transect_id": "E-27700", "bank": "E", "chainage_m": 27700.0, "x0": 784140.72312846035, "y0": 2728760.7915859073, "nx": 0.99558559082019782, "ny": 0.093858038287605597, "lon": 89.807084, "lat": 24.646955, "near_bridge": false }, "geometry": { "type": "LineString", "coordinates": [ [ 782647.344742230023257, 2728620.004528475925326 ], [ 788123.065491741173901, 2729136.223739057779312 ] ] } },
{ "type": "Feature", "properties": { "transect_id": "E-27900", "bank": "E", "chainage_m": 27900.0, "x0": 784156.40903781157, "y0": 2728561.417462613, "nx": 0.99790963602578875, "ny": 0.064624750110757051, "lon": 89.807199, "lat": 24.645154, "near_bridge": false }, "geometry": { "type": "LineString", "coordinates": [ [ 782659.544583772891201, 2728464.480337447021157 ], [ 788148.047581914695911, 2728819.916463056113571 ] ] } },
{ "type": "Feature", "properties": { "transect_id": "E-28100", "bank": "E", "chainage_m": 28100.0, "x0": 784166.88717922056, "y0": 2728361.6981804278, "nx": 0.99913075671380158, "ny": 0.041686100663245851, "lon": 89.807262, "lat": 24.643351, "near_bridge": false }, "geometry": { "type": "LineString", "coordinates": [ [ 782668.191044149803929, 2728299.169029432814568 ], [ 788163.410206075757742, 2728528.442583080846816 ] ] } },
{ "type": "Feature", "properties": { "transect_id": "E-28300", "bank": "E", "chainage_m": 28300.0, "x0": 784173.37746352213, "y0": 2728161.8068792988, "nx": 0.9996965519401706, "ny": 0.024633392761322356, "lon": 89.807285, "lat": 24.641546, "near_bridge": false }, "geometry": { "type": "LineString", "coordinates": [ [ 782673.832635611877777, 2728124.856790156569332 ], [ 788172.163671282818541, 2728260.340450344141573 ] ] } },
{ "type": "Feature", "properties": { "transect_id": "E-28500", "bank": "E", "chainage_m": 28500.0, "x0": 784177.01188499271, "y0": 2727961.8414850184, "nx": 0.99991537513714601, "ny": 0.013009326052502334, "lon": 89.807281, "lat": 24.639742, "near_bridge": false }, "geometry": { "type": "LineString", "coordinates": [ [ 782677.138822286971845, 2727942.32749593956396 ], [ 788176.673385541304015, 2728013.878789228387177 ] ] } },
{ "type": "Feature", "properties": { "transect_id": "E-28700", "bank": "E", "chainage_m": 28700.0, "x0": 784178.82978434977, "y0": 2727761.8502814621, "nx": 0.99997976295923197, "ny": 0.0063618921712228623, "lon": 89.807259, "lat": 24.637937, "near_bridge": false }, "geometry": { "type": "LineString", "coordinates": [ [ 782678.8601399109466, 2727752.307443205267191 ], [ 788178.74883618671447, 2727787.297850146889687 ] ] } },
{ "type": "Feature", "properties": { "transect_id": "E-28900", "bank": "E", "chainage_m": 28900.0, "x0": 784179.78470947943, "y0": 2727561.8526260825, "nx": 0.99999084509662095, "ny": 0.0042789862053895867, "lon": 89.807228, "lat": 24.636133, "near_bridge": false }, "geometry": { "type": "LineString", "coordinates": [ [ 782679.798441834514961, 2727555.434146774467081 ], [ 788179.748089865897782, 2727578.968570903874934 ] ] } },
{ "type": "Feature", "properties": { "transect_id": "E-29100", "bank": "E", "chainage_m": 29100.0, "x0": 784180.75073187333, "y0": 2727361.8550059004, "nx": 0.99997961410158576, "ny": 0.0063852471560539971, "lon": 89.807197, "lat": 24.634329, "near_bridge": false }, "geometry": { "type": "LineString", "coordinates": [ [ 782680.781310720951296, 2727352.277135166339576 ], [ 788180.669188279658556, 2727387.395994524471462 ] ] } },
{ "type": "Feature", "properties": { "transect_id": "E-29300", "bank": "E", "chainage_m": 29300.0, "x0": 784182.5317417183, "y0": 2727161.8633157145, "nx": 0.99992377570640545, "ny": 0.012346771928166109, "lon": 89.807174, "lat": 24.632524, "near_bridge": false }, "geometry": { "type": "LineString", "coordinates": [ [ 782682.646078158635646, 2727143.343157822266221 ], [ 788182.226844543940388, 2727211.250403427053243 ] ] } },
{ "type": "Feature", "properties": { "transect_id": "E-29500", "bank": "E", "chainage_m": 29500.0, "x0": 784185.86564553611, "y0": 2726961.8920822935, "nx": 0.99976139911896089, "ny": 0.021843645110140118, "lon": 89.807167, "lat": 24.63072, "near_bridge": false }, "geometry": { "type": "LineString", "coordinates": [ [ 782686.22354685771279, 2726929.126614628359675 ], [ 788184.911242011934519, 2727049.266662734095007 ] ] } },
{ "type": "Feature", "properties": { "transect_id": "E-29700", "bank": "E", "chainage_m": 29700.0, "x0": 784191.43370437808, "y0": 2726761.9713954907, "nx": 0.99940084758399128, "ny": 0.034611354327733428, "lon": 89.807181, "lat": 24.628915, "near_bridge": false }, "geometry": { "type": "LineString", "coordinates": [ [ 782692.332433002069592, 2726710.054363999050111 ], [ 788189.037094714003615, 2726900.416812801733613 ] ] } },
{ "type": "Feature", "properties": { "transect_id": "E-29900", "bank": "E", "chainage_m": 29900.0, "x0": 784199.85691107705, "y0": 2726562.1515797032, "nx": 0.99873279859374331, "ny": 0.050326901485281066, "lon": 89.807224, "lat": 24.627111, "near_bridge": false }, "geometry": { "type": "LineString", "coordinates": [ [ 782701.757713186438195, 2726486.661227475386113 ], [ 788194.788105451967567, 2726763.459185644518584 ] ] } },
{ "type": "Feature", "properties": { "transect_id": "E-30100", "bank": "E", "chainage_m": 30100.0, "x0": 784211.69539373601, "y0": 2726362.5060164351, "nx": 0.99764041233711687, "ny": 0.068655718420444808, "lon": 89.807301, "lat": 24.625308, "near_bridge": false }, "geometry": { "type": "LineString", "coordinates": [ [ 782715.234775230288506, 2726259.522438804619014 ], [ 788202.257043084478937, 2726637.12889011669904 ] ] } },
{ "type": "Feature", "properties": { "transect_id": "E-30300", "bank": "E", "chainage_m": 30300.0, "x0": 784227.42995325872, "y0": 2726163.1306970669, "nx": 0.99601272753061676, "ny": 0.089211247032093419, "lon": 89.807416, "lat": 24.623507, "near_bridge": false }, "geometry": { "type": "LineString", "coordinates": [ [ 782733.410861962824129, 2726029.313826518598944 ], [ 788211.480863381177187, 2726519.975685195066035 ] ] } },
{ "type": "Feature", "properties": { "transect_id": "E-30500", "bank": "E", "chainage_m": 30500.0, "x0": 784247.46803239943, "y0": 2725964.142788358, "nx": 0.99375887267176166, "ny": 0.1115495539486796, "lon": 89.807573, "lat": 24.621708, "near_bridge": false }, "geometry": { "type": "LineString", "coordinates": [ [ 782756.829723391798325, 2725796.818457434885204 ], [ 788222.503523086430505, 2726410.341004152782261 ] ] } },
{ "type": "Feature", "properties": { "transect_id": "E-30700", "bank": "E", "chainage_m": 30700.0, "x0": 784272.1094573884, "y0": 2725765.673140157, "nx": 0.99083194946457642, "ny": 0.1351001403412557, "lon": 89.807776, "lat": 24.619913, "near_bridge": false }, "geometry": { "type": "LineString", "coordinates": [ [ 782785.861533191520721, 2725563.022929645143449 ], [ 788235.437255246681161, 2726306.073701521847397 ] ] } },
{ "type": "Feature", "properties": { "transect_id": "E-30900", "bank": "E", "chainage_m": 30900.0, "x0": 784301.53609390289, "y0": 2725567.8568986007, "nx": 0.98723735493709175, "ny": 0.15925578487707964, "lon": 89.808027, "lat": 24.618123, "near_bridge": false }, "geometry": { "type": "LineString", "coordinates": [ [ 782820.680061497259885, 2725328.973221285268664 ], [ 788250.48551365127787, 2726204.880038109142333 ] ] } },
{ "type": "Feature", "properties": { "transect_id": "E-31100", "bank": "E", "chainage_m": 31100.0, "x0": 784335.81099771278, "y0": 2725370.8230859214, "nx": 0.98303060889334615, "ny": 0.18344160372929885, "lon": 89.808325, "lat": 24.61634, "near_bridge": false }, "geometry": { "type": "LineString", "coordinates": [ [ 782861.265084372716956, 2725095.660680327564478 ], [ 788267.933433286147192, 2726104.58950083842501 ] ] } },
{ "type": "Feature", "properties": { "transect_id": "E-31300", "bank": "E", "chainage_m": 31300.0, "x0": 784374.88273882284, "y0": 2725174.6840536436, "nx": 0.97832420394961483, "ny": 0.20707909591832879, "lon": 89.808671, "lat": 24.614563, "near_bridge": false }, "geometry": { "type": "LineString", "coordinates": [ [ 782907.396432898472995, 2724864.065409766044468 ], [ 788288.179554621339776, 2726003.000437316950411 ] ] } },
{ "type": "Feature", "properties": { "transect_id": "E-31500", "bank": "E", "chainage_m": 31500.0, "x0": 784418.58340346348, "y0": 2724979.5237414888, "nx": 0.97328624552162302, "ny": 0.22959504410684264, "lon": 89.809063, "lat": 24.612795, "near_bridge": false }, "geometry": { "type": "LineString", "coordinates": [ [ 782958.654035181039944, 2724635.131175328511745 ], [ 788311.728385549969971, 2725897.903917916119099 ] ] } },
{ "type": "Feature", "properties": { "transect_id": "E-31700", "bank": "E", "chainage_m": 31700.0, "x0": 784466.63635316305, "y0": 2724785.3884259262, "nx": 0.96811981243287459, "ny": 0.25048758207730748, "lon": 89.809498, "lat": 24.611035, "near_bridge": false }, "geometry": { "type": "LineString", "coordinates": [ [ 783014.456634513684548, 2724409.657052810303867 ], [ 788339.115602894569747, 2725787.338754235301167 ] ] } },
{ "type": "Feature", "properties": { "transect_id": "E-31900", "bank": "E", "chainage_m": 31900.0, "x0": 784518.67418814811, "y0": 2724592.2820073427, "nx": 0.96304098140350436, "ny": 0.26935491110684312, "lon": 89.809973, "lat": 24.609283, "near_bridge": false }, "geometry": { "type": "LineString", "coordinates": [ [ 783074.112716042902321, 2724188.249640682246536 ], [ 788370.838113762089051, 2725669.701651770155877 ] ] } },
{ "type": "Feature", "properties": { "transect_id": "E-32100", "bank": "E", "chainage_m": 32100.0, "x0": 784574.25893192634, "y0": 2724400.1652639294, "nx": 0.95826311236576156, "ny": 0.28588775328629207, "lon": 89.810482, "lat": 24.60754, "near_bridge": false }, "geometry": { "type": "LineString", "coordinates": [ [ 783136.86426337773446, 2723971.333633999805897 ], [ 788407.311381389386952, 2725543.716277074534446 ] ] } },
{ "type": "Feature", "properties": { "transect_id": "E-32300", "bank": "E", "chainage_m": 32300.0, "x0": 784632.89983431285, "y0": 2724208.9579546223, "nx": 0.95397788792883342, "ny": 0.29987695700543926, "lon": 89.811023, "lat": 24.605804, "near_bridge": false }, "geometry": { "type": "LineString", "coordinates": [ [ 783201.933002419653349, 2723759.142519114073366 ], [ 788448.811386028188281, 2725408.465782644227147 ] ] } },
{ "type": "Feature", "properties": { "transect_id": "E-32500", "bank": "E", "chainage_m": 32500.0, "x0": 784694.07634325861, "y0": 2724018.5456528817, "nx": 0.95033788439359101, "ny": 0.31122002745053795, "lon": 89.811588, "lat": 24.604075, "near_bridge": false }, "geometry": { "type": "LineString", "coordinates": [ [ 783268.5695166682126, 2723551.715611706022173 ], [ 788495.427880832925439, 2725263.425762684084475 ] ] } },
{ "type": "Feature", "properties": { "transect_id": "E-32700", "bank": "E", "chainage_m": 32700.0, "x0": 784757.25474635104, "y0": 2723828.7873664354, "nx": 0.94744641399851015, "ny": 0.31991450826957485, "lon": 89.812173, "lat": 24.602352, "near_bridge": false }, "geometry": { "type": "LineString", "coordinates": [ [ 783336.085125353303738, 2723348.9156040311791 ], [ 788547.040402345126495, 2725108.445399513468146 ] ] } },
{ "type": "Feature", "properties": { "transect_id": "E-32900", "bank": "E", "chainage_m": 32900.0, "x0": 784821.92340910668, "y0": 2723639.5313229808, "nx": 0.94533098731302301, "ny": 0.32611244138454026, "lon": 89.812773, "lat": 24.600633, "near_bridge": false }, "geometry": { "type": "LineString", "coordinates": [ [ 783403.926928137196228, 2723150.362660903949291 ], [ 788603.247358358814381, 2724943.981088519096375 ] ] } },
{ "type": "Feature", "properties": { "transect_id": "E-33100", "bank": "E", "chainage_m": 33100.0, "x0": 784887.5570975095, "y0": 2723450.6076038731, "nx": 0.94411348083054591, "ny": 0.32962059297627394, "lon": 89.813382, "lat": 24.598916, "near_bridge": false }, "geometry": { "type": "LineString", "coordinates": [ [ 783471.386876263655722, 2722956.176714408677071 ], [ 788664.011020831647329, 2724769.089975778013468 ] ] } },
{ "type": "Feature", "properties": { "transect_id": "E-33300", "bank": "E", "chainage_m": 33300.0, "x0": 784953.65875976405, "y0": 2723261.8470129068, "nx": 0.9436787191031476, "ny": 0.33086322719795053, "lon": 89.813996, "lat": 24.597201, "near_bridge": false }, "geometry": { "type": "LineString", "coordinates": [ [ 783538.140681109274738, 2722765.552172109950334 ], [ 788728.373636176693253, 2724585.299921698402613 ] ] } },
{ "type": "Feature", "properties": { "transect_id": "E-33500", "bank": "E", "chainage_m": 33500.0, "x0": 785019.80365625396, "y0": 2723073.1015506741, "nx": 0.94393402765068235, "ny": 0.33013414158968923, "lon": 89.814611, "lat": 24.595487, "near_bridge": false }, "geometry": { "type": "LineString", "coordinates": [ [ 783603.902614777907729, 2722577.900338289327919 ], [ 788795.539766856702045, 2724393.638117032591254 ] ] } },
{ "type": "Feature", "properties": { "transect_id": "E-33700", "bank": "E", "chainage_m": 33700.0, "x0": 785085.63061432354, "y0": 2722884.2450489248, "nx": 0.94475714359380092, "ny": 0.32777116961148717, "lon": 89.815222, "lat": 24.593771, "near_bridge": false }, "geometry": { "type": "LineString", "coordinates": [ [ 783668.494898932869546, 2722392.588294507469982 ], [ 788864.659188698744401, 2724195.32972737075761 ] ] } },
{ "type": "Feature", "properties": { "transect_id": "E-33900", "bank": "E", "chainage_m": 33900.0, "x0": 785150.84818340698, "y0": 2722695.1773663228, "nx": 0.94601095489422737, "ny": 0.32413465291466759, "lon": 89.815827, "lat": 24.592053, "near_bridge": false }, "geometry": { "type": "LineString", "coordinates": [ [ 783731.831751065677963, 2722208.975386950653046 ], [ 788934.892002983950078, 2723991.715977981686592 ] ] } },
{ "type": "Feature", "properties": { "transect_id": "E-34100", "bank": "E", "chainage_m": 34100.0, "x0": 785215.2405836971, "y0": 2722505.8271544157, "nx": 0.94754470801544377, "ny": 0.31962325683830867, "lon": 89.816424, "lat": 24.590333, "near_bridge": false }, "geometry": { "type": "LineString", "coordinates": [ [ 783793.923521673888899, 2722026.39226915827021 ], [ 789005.419415758922696, 2723784.320181768853217 ] ] } },
{ "type": "Feature", "properties": { "transect_id": "E-34300", "bank": "E", "chainage_m": 34300.0, "x0": 785278.67413270008, "y0": 2722316.1535905018, "nx": 0.94920796331496848, "ny": 0.31464939596231439, "lon": 89.817012, "lat": 24.588611, "near_bridge": false }, "geometry": { "type": "LineString", "coordinates": [ [ 783854.862187727587298, 2721844.179496558383107 ], [ 789075.50598595989868, 2723574.751174351200461 ] ] } },
{ "type": "Feature", "properties": { "transect_id": "E-34500", "bank": "E", "chainage_m": 34500.0, "x0": 785341.09731588664, "y0": 2722126.1450566906, "nx": 0.95086242879270011, "ny": 0.30961369722679793, "lon": 89.817589, "lat": 24.586885, "near_bridge": false }, "geometry": { "type": "LineString", "coordinates": [ [ 783914.803672697627917, 2721661.724510850384831 ], [ 789144.547031057416461, 2723364.599845597520471 ] ] } },
{ "type": "Feature", "properties": { "transect_id": "E-34700", "bank": "E", "chainage_m": 34700.0, "x0": 785402.53234504373, "y0": 2721935.8146385979, "nx": 0.95241332927242384, "ny": 0.30480953105868824, "lon": 89.818157, "lat": 24.585157, "near_bridge": false }, "geometry": { "type": "LineString", "coordinates": [ [ 783973.912351135048084, 2721478.600342009682208 ], [ 789212.185662133386359, 2723155.05276283249259 ] ] } },
{ "type": "Feature", "properties": { "transect_id": "E-34900", "bank": "E", "chainage_m": 34900.0, "x0": 785463.05490473844, "y0": 2721745.1920630299, "nx": 0.95373525604403075, "ny": 0.3006477363603911, "lon": 89.818715, "lat": 24.583426, "near_bridge": false }, "geometry": { "type": "LineString", "coordinates": [ [ 784032.452020672382787, 2721294.220458489377052 ], [ 789277.995928914519027, 2722947.783008471596986 ] ] } },
{ "type": "Feature", "properties": { "transect_id": "E-35100", "bank": "E", "chainage_m": 35100.0, "x0": 785522.8313783526, "y0": 2721554.3341933549, "nx": 0.95477471140132852, "ny": 0.29733020443357255, "lon": 89.819266, "lat": 24.581694, "near_bridge": false }, "geometry": { "type": "LineString", "coordinates": [ [ 784090.669311250559986, 2721108.338886704761535 ], [ 789341.930223957868293, 2722743.655011089053005 ] ] } },
{ "type": "Feature", "properties": { "transect_id": "E-35300", "bank": "E", "chainage_m": 35300.0, "x0": 785582.03088866384, "y0": 2721363.2965329057, "nx": 0.95553259062195928, "ny": 0.29488551720843653, "lon": 89.819812, "lat": 24.579959, "near_bridge": false }, "geometry": { "type": "LineString", "coordinates": [ [ 784148.732002730946988, 2720920.968257092870772 ], [ 789404.161251151701435, 2722542.838601739611477 ] ] } },
{ "type": "Feature", "properties": { "transect_id": "E-35500", "bank": "E", "chainage_m": 35500.0, "x0": 785640.82780725101, "y0": 2721172.13453878, "nx": 0.95602656301107058, "ny": 0.29328008936380129, "lon": 89.820353, "lat": 24.578224, "near_bridge": false }, "geometry": { "type": "LineString", "coordinates": [ [ 784206.787962734466419, 2720732.214404734317213 ], [ 789464.934059295337647, 2722345.254896235186607 ] ] } },
{ "type": "Feature", "properties": { "transect_id": "E-35700", "bank": "E", "chainage_m": 35700.0, "x0": 785699.3784940528, "y0": 2720980.8969576797, "nx": 0.95630213377724049, "ny": 0.29238028136845468, "lon": 89.820892, "lat": 24.576488, "near_bridge": false }, "geometry": { "type": "LineString", "coordinates": [ [ 784264.925293386913836, 2720542.326535626780242 ], [ 789524.587029161746614, 2722150.418083153665066 ] ] } },
{ "type": "Feature", "properties": { "transect_id": "E-35900", "bank": "E", "chainage_m": 35900.0, "x0": 785757.80477815878, "y0": 2720789.6213229727, "nx": 0.95642594272023129, "ny": 0.29197502648637069, "lon": 89.82143, "lat": 24.574752, "near_bridge": false }, "geometry": { "type": "LineString", "coordinates": [ [ 784323.165864078444429, 2720351.65878324303776 ], [ 789583.508549039717764, 2721957.521428918000311 ] ] } },
{ "type": "Feature", "properties": { "transect_id": "E-36100", "bank": "E", "chainage_m": 36100.0, "x0": 785816.18007431272, "y0": 2720598.3301191442, "nx": 0.95647918409316557, "ny": 0.29180056613459865, "lon": 89.821967, "lat": 24.573016, "near_bridge": false }, "geometry": { "type": "LineString", "coordinates": [ [ 784381.461298172944225, 2720160.629269942175597 ], [ 789642.096810685354285, 2721765.532383682671934 ] ] } },
{ "type": "Feature", "properties": { "transect_id": "E-36300", "bank": "E", "chainage_m": 36300.0, "x0": 785874.52264700551, "y0": 2720407.0289326389, "nx": 0.95654697117195853, "ny": 0.29157827755467708, "lon": 89.822504, "lat": 24.571279, "near_bridge": false }, "geometry": { "type": "LineString", "coordinates": [ [ 784439.702190247597173, 2719969.66151630692184 ], [ 789700.710531693301164, 2721573.342042857781053 ] ] } },
{ "type": "Feature", "properties": { "transect_id": "E-36500", "bank": "E", "chainage_m": 36500.0, "x0": 785932.79540681245, "y0": 2720215.7064719223, "nx": 0.9567100975736772, "ny": 0.29104259001143679, "lon": 89.82304, "lat": 24.569543, "near_bridge": false }, "geometry": { "type": "LineString", "coordinates": [ [ 784497.730260451906361, 2719779.142586905043572 ], [ 789759.635797107126564, 2721379.876831968314946 ] ] } },
{ "type": "Feature", "properties": { "transect_id": "E-36700", "bank": "E", "chainage_m": 36700.0, "x0": 785990.91365480807, "y0": 2720024.3370270547, "nx": 0.95702888395245134, "ny": 0.28999261245887853, "lon": 89.823574, "lat": 24.567806, "near_bridge": false }, "geometry": { "type": "LineString", "coordinates": [ [ 784555.370328879449517, 2719589.348108366597444 ], [ 789819.029190617846325, 2721184.307476890273392 ] ] } },
{ "type": "Feature", "properties": { "transect_id": "E-36900", "bank": "E", "chainage_m": 36900.0, "x0": 786048.76020962198, "y0": 2719832.8852923596, "nx": 0.95754492688593307, "ny": 0.28828408383921056, "lon": 89.824106, "lat": 24.566068, "near_bridge": false }, "geometry": { "type": "LineString", "coordinates": [ [ 784612.442819293122739, 2719400.459166600834578 ], [ 789878.939917165669613, 2720986.021627716254443 ] ] } },
{ "type": "Feature", "properties": { "transect_id": "E-37100", "bank": "E", "chainage_m": 37100.0, "x0": 786106.1882625143, "y0": 2719641.307628267, "nx": 0.95827833993132794, "ny": 0.28583670726213323, "lon": 89.824634, "lat": 24.564329, "near_bridge": false }, "geometry": { "type": "LineString", "coordinates": [ [ 784668.770752617274411, 2719212.55256737396121 ], [ 789939.301622239639983, 2720784.654457315336913 ] ] } },
{ "type": "Feature", "properties": { "transect_id": "E-37300", "bank": "E", "chainage_m": 37300.0, "x0": 786163.06563409546, "y0": 2719449.5657940265, "nx": 0.95917945504356139, "ny": 0.28279811354097911, "lon": 89.825156, "lat": 24.562589, "near_bridge": false }, "geometry": { "type": "LineString", "coordinates": [ [ 784724.296451530070044, 2719025.368623714894056 ], [ 789999.783454269752838, 2720580.758248190395534 ] ] } },
{ "type": "Feature", "properties": { "transect_id": "E-37500", "bank": "E", "chainage_m": 37500.0, "x0": 786219.28460007557, "y0": 2719257.6299341395, "nx": 0.96020190301023967, "ny": 0.27930683030587417, "lon": 89.825672, "lat": 24.560847, "near_bridge": false }, "geometry": { "type": "LineString", "coordinates": [ [ 784778.981745560187846, 2718838.669688680674881 ], [ 790060.092212116578594, 2720374.857255362905562 ] ] } },
{ "type": "Feature", "properties": { "transect_id": "E-37700", "bank": "E", "chainage_m": 37700.0, "x0": 786274.77805440105, "y0": 2719065.4830932906, "nx": 0.96126997385703949, "ny": 0.27560848564746071, "lon": 89.82618, "lat": 24.559104, "near_bridge": false }, "geometry": { "type": "LineString", "coordinates": [ [ 784832.873093615518883, 2718652.070364819373935 ], [ 790119.857949829194695, 2720167.917035880498588 ] ] } },
{ "type": "Feature", "properties": { "transect_id": "E-37900", "bank": "E", "chainage_m": 37900.0, "x0": 786329.53135880898, "y0": 2718873.1240419489, "nx": 0.96230193742375592, "ny": 0.27198342087429878, "lon": 89.826681, "lat": 24.557358, "near_bridge": false }, "geometry": { "type": "LineString", "coordinates": [ [ 784886.078452673391439, 2718465.148910637479275 ], [ 790178.739108504028991, 2719961.057725446298718 ] ] } },
{ "type": "Feature", "properties": { "transect_id": "E-38100", "bank": "E", "chainage_m": 38100.0, "x0": 786383.59094451659, "y0": 2718680.5688493326, "nx": 0.96321072560713206, "ny": 0.26874727547527305, "lon": 89.827175, "lat": 24.555611, "near_bridge": false }, "geometry": { "type": "LineString", "coordinates": [ [ 784938.774856105912477, 2718277.447936119511724 ], [ 790236.433846945059486, 2719755.557951233815402 ] ] } },
{ "type": "Feature", "properties": { "transect_id": "E-38300", "bank": "E", "chainage_m": 38300.0, "x0": 786437.06385009713, "y0": 2718487.849854609, "nx": 0.96392283991278804, "ny": 0.26618181510851852, "lon": 89.827664, "lat": 24.553863, "near_bridge": false }, "geometry": { "type": "LineString", "coordinates": [ [ 784991.179590227897279, 2718088.57713194610551 ], [ 790292.75520974828396, 2719552.577115043066442 ] ] } },
{ "type": "Feature", "properties": { "transect_id": "E-38500", "bank": "E", "chainage_m": 38500.0, "x0": 786490.10890843696, "y0": 2718295.0126009984, "nx": 0.96438175373076485, "ny": 0.26451433433969973, "lon": 89.828148, "lat": 24.552114, "near_bridge": false }, "geometry": { "type": "LineString", "coordinates": [ [ 785043.536277840845287, 2717898.241099488921463 ], [ 790347.635923360008746, 2719353.069938356988132 ] ] } },
{ "type": "Feature", "properties": { "transect_id": "E-38700", "bank": "E", "chainage_m": 38700.0, "x0": 786542.9213647336, "y0": 2718102.1114804521, "nx": 0.96455700101899122, "ny": 0.2638745758599147, "lon": 89.82863, "lat": 24.550364, "near_bridge": false }, "geometry": { "type": "LineString", "coordinates": [ [ 785096.085863205138594, 2717706.29961666231975 ], [ 790401.149368809536099, 2719157.609783891588449 ] ] } },
{ "type": "Feature", "properties": { "transect_id": "E-38900", "bank": "E", "chainage_m": 38900.0, "x0": 786595.71084918454, "y0": 2717909.2040696861, "nx": 0.96444864252828832, "ny": 0.26427034628452306, "lon": 89.829111, "lat": 24.548614, "near_bridge": false }, "geometry": { "type": "LineString", "coordinates": [ [ 785149.037885392084718, 2717512.798550259321928 ], [ 790453.505419297725894, 2718966.28545482410118 ] ] } },
{ "type": "Feature", "properties": { "transect_id": "E-39100", "bank": "E", "chainage_m": 39100.0, "x0": 786648.67569389439, "y0": 2717716.3447519708, "nx": 0.96408837682250537, "ny": 0.26558162902532789, "lon": 89.829594, "lat": 24.546864, "near_bridge": false }, "geometry": { "type": "LineString", "coordinates": [ [ 785202.543128660647199, 2717317.972308432683349 ], [ 790505.029201184399426, 2718778.671268071979284 ] ] } },
{ "type": "Feature", "properties": { "transect_id": "E-39300", "bank": "E", "chainage_m": 39300.0, "x0": 786701.9771287078, "y0": 2717523.5782082425, "nx": 0.96354175353505023, "ny": 0.26755801089595588, "lon": 89.830081, "lat": 24.545116, "near_bridge": false }, "geometry": { "type": "LineString", "coordinates": [ [ 785256.664498405181803, 2717122.241191898472607 ], [ 790556.144142847973853, 2718593.810251826420426 ] ] } },
{ "type": "Feature", "properties": { "transect_id": "E-39500", "bank": "E", "chainage_m": 39500.0, "x0": 786755.71439742518, "y0": 2717330.9327099668, "nx": 0.96290471506378106, "ny": 0.26984163820274049, "lon": 89.830572, "lat": 24.543368, "near_bridge": false }, "geometry": { "type": "LineString", "coordinates": [ [ 785311.357324829557911, 2716926.170252662617713 ], [ 790607.333257680293173, 2718410.299262777902186 ] ] } },
{ "type": "Feature", "properties": { "transect_id": "E-39700", "bank": "E", "chainage_m": 39700.0, "x0": 786809.91145450622, "y0": 2717138.4160481528, "nx": 0.96228757984464453, "ny": 0.27203421416567608, "lon": 89.831067, "lat": 24.541621, "near_bridge": false }, "geometry": { "type": "LineString", "coordinates": [ [ 785366.480084739276208, 2716730.364726904314011 ], [ 790659.061773884808645, 2718226.552904815413058 ] ] } },
{ "type": "Feature", "properties": { "transect_id": "E-39900", "bank": "E", "chainage_m": 39900.0, "x0": 786864.49208485719, "y0": 2716946.0077669937, "nx": 0.96185800071671623, "ny": 0.27354923954791321, "lon": 89.831567, "lat": 24.539875, "near_bridge": false }, "geometry": { "type": "LineString", "coordinates": [ [ 785421.705083782086149, 2716535.683907671831548 ], [ 790711.924087724066339, 2718040.204725185409188 ] ] } },
{ "type": "Feature", "properties": { "transect_id": "E-40100", "bank": "E", "chainage_m": 40100.0, "x0": 786919.27497112181, "y0": 2716753.656956723, "nx": 0.96174711354335118, "ny": 0.27393884279348241, "lon": 89.832068, "lat": 24.53813, "near_bridge": false }, "geometry": { "type": "LineString", "coordinates": [ [ 785476.654300806811079, 2716342.748692532535642 ], [ 790766.263425295241177, 2717849.412327896803617 ] ] } },
{ "type": "Feature", "properties": { "transect_id": "E-40300", "bank": "E", "chainage_m": 40300.0, "x0": 786973.98753114336, "y0": 2716561.2861432843, "nx": 0.9620903441019204, "ny": 0.27273094761293309, "lon": 89.832568, "lat": 24.536385, "near_bridge": false }, "geometry": { "type": "LineString", "coordinates": [ [ 785530.852014990523458, 2716152.189721865113825 ], [ 790822.348907551029697, 2717652.209933735895902 ] ] } },
{ "type": "Feature", "properties": { "transect_id": "E-40500", "bank": "E", "chainage_m": 40500.0, "x0": 787028.26578384638, "y0": 2716368.792452279, "nx": 0.9630012489140829, "ny": 0.2694969287207491, "lon": 89.833065, "lat": 24.534638, "near_bridge": false }, "geometry": { "type": "LineString", "coordinates": [ [ 785583.763910475303419, 2715964.54705919791013 ], [ 790880.270779502694495, 2717446.780167161952704 ] ] } },
{ "type": "Feature", "properties": { "transect_id": "E-40700", "bank": "E", "chainage_m": 40700.0, "x0": 787081.66669427173, "y0": 2716176.0538284527, "nx": 0.96455614218832608, "ny": 0.26387771517650682, "lon": 89.833552, "lat": 24.53289, "near_bridge": false }, "geometry": { "type": "LineString", "coordinates": [ [ 785634.832480989280157, 2715780.237255687825382 ], [ 790939.891263024997897, 2717231.564689158927649 ] ] } },
{ "type": "Feature", "properties": { "transect_id": "E-40900", "bank": "E", "chainage_m": 40900.0, "x0": 787133.68264034123, "y0": 2715982.9373742151, "nx": 0.9667858137409735, "ny": 0.25558793075809266, "lon": 89.834026, "lat": 24.531138, "near_bridge": false }, "geometry": { "type": "LineString", "coordinates": [ [ 785683.503919729730114, 2715599.555478077847511 ], [ 791000.825895305140875, 2717005.289097247645259 ] ] } },
{ "type": "Feature", "properties": { "transect_id": "E-41100", "bank": "E", "chainage_m": 41100.0, "x0": 787183.75798902824, "y0": 2715789.3094523712, "nx": 0.96966452556845073, "ny": 0.24443957914812287, "lon": 89.834481, "lat": 24.529382, "near_bridge": false }, "geometry": { "type": "LineString", "coordinates": [ [ 785729.261200675508007, 2715422.650083648972213 ], [ 791062.416091302060522, 2716767.067768963519484 ] ] } },
{ "type": "Feature", "properties": { "transect_id": "E-41300", "bank": "E", "chainage_m": 41300.0, "x0": 787231.30961435253, "y0": 2715595.0473605054, "nx": 0.97310944993197268, "ny": 0.23034321881291331, "lon": 89.83491, "lat": 24.527621, "near_bridge": false }, "geometry": { "type": "LineString", "coordinates": [ [ 785771.645439454587176, 2715249.532532285898924 ], [ 791123.747414080426097, 2716516.420235757250339 ] ] } },
{ "type": "Feature", "properties": { "transect_id": "E-41500", "bank": "E", "chainage_m": 41500.0, "x0": 787275.74705126381, "y0": 2715400.0504742214, "nx": 0.97698243905439963, "ny": 0.21331974540420851, "lon": 89.835309, "lat": 24.525854, "near_bridge": false }, "geometry": { "type": "LineString", "coordinates": [ [ 785810.273392682196572, 2715080.070856114849448 ], [ 791183.676807481446303, 2716253.329455838073045 ] ] } },
{ "type": "Feature", "properties": { "transect_id": "E-41700", "bank": "E", "chainage_m": 41700.0, "x0": 787316.49587126973, "y0": 2715204.2507046163, "nx": 0.98109845440497534, "ny": 0.19350923172853668, "lon": 89.835671, "lat": 24.52408, "near_bridge": false }, "geometry": { "type": "LineString", "coordinates": [ [ 785844.848189662210643, 2714913.986857023555785 ], [ 791240.889688889612444, 2715978.287631530314684 ] ] } },
{ "type": "Feature", "properties": { "transect_id": "E-41900", "bank": "E", "chainage_m": 41900.0, "x0": 787353.02254483511, "y0": 2715007.6206043167, "nx": 0.98523945496007514, "ny": 0.17118182260384462, "lon": 89.835991, "lat": 24.5223, "near_bridge": false }, "geometry": { "type": "LineString", "coordinates": [ [ 785875.163362395018339, 2714750.847870410885662 ], [ 791293.980364675400779, 2715692.347894731909037 ] ] } },
{ "type": "Feature", "properties": { "transect_id": "E-42100", "bank": "E", "chainage_m": 42100.0, "x0": 787384.85914329905, "y0": 2714810.1777851777, "nx": 0.98917846270934906, "ny": 0.14671730951721065, "lon": 89.836265, "lat": 24.520513, "near_bridge": false }, "geometry": { "type": "LineString", "coordinates": [ [ 785901.091449234983884, 2714590.101820901967585 ], [ 791341.57299413648434, 2715397.047023246530443 ] ] } },
{ "type": "Feature", "properties": { "transect_id": "E-42300", "bank": "E", "chainage_m": 42300.0, "x0": 787411.62453973875, "y0": 2714611.9844935364, "nx": 0.99270080982671483, "ny": 0.12060307694824712, "lon": 89.836489, "lat": 24.51872, "near_bridge": false }, "geometry": { "type": "LineString", "coordinates": [ [ 785922.573324998724274, 2714431.079878114163876 ], [ 791382.427779045654461, 2715094.396801329217851 ] ] } },
{ "type": "Feature", "properties": { "transect_id": "E-42500", "bank": "E", "chainage_m": 42500.0, "x0": 787433.04443696537, "y0": 2714413.1428605854, "nx": 0.99562780996752043, "ny": 0.093409121713455751, "lon": 89.836659, "lat": 24.516922, "near_bridge": false }, "geometry": { "type": "LineString", "coordinates": [ [ 785939.602722014067695, 2714273.029178014956415 ], [ 791415.555676835472696, 2714786.779347439296544 ] ] } },
{ "type": "Feature", "properties": { "transect_id": "E-42700", "bank": "E", "chainage_m": 42700.0, "x0": 787448.96318715124, "y0": 2714213.7855018345, "nx": 0.9978365487967511, "ny": 0.065743607182667405, "lon": 89.836776, "lat": 24.515121, "near_bridge": false }, "geometry": { "type": "LineString", "coordinates": [ [ 785952.208363956073299, 2714115.170091060455889 ], [ 791440.309382338193245, 2714476.759930565021932 ] ] } },
{ "type": "Feature", "properties": { "transect_id": "E-42900", "bank": "E", "chainage_m": 42900.0, "x0": 787459.34912789555, "y0": 2714014.0632549585, "nx": 0.99926833114803515, "ny": 0.038246599386359784, "lon": 89.836838, "lat": 24.513317, "near_bridge": false }, "geometry": { "type": "LineString", "coordinates": [ [ 785960.446631173486821, 2713956.693355878815055 ], [ 791456.422452487633564, 2714167.049652503803372 ] ] } },
{ "type": "Feature", "properties": { "transect_id": "E-43100", "bank": "E", "chainage_m": 43100.0, "x0": 787464.3022699852, "y0": 2713814.1319758911, "nx": 0.99993310258019219, "ny": 0.01156677847763669, "lon": 89.836846, "lat": 24.511513, "near_bridge": false }, "geometry": { "type": "LineString", "coordinates": [ [ 785964.4026161149377, 2713796.781808174680918 ], [ 791464.034680305980146, 2713860.39908980159089 ] ] } },
{ "type": "Feature", "properties": { "transect_id": "E-43300", "bank": "E", "chainage_m": 43300.0, "x0": 787464.04604512569, "y0": 2713614.1387360757, "nx": 0.99990594783457998, "ny": -0.013714790739573266, "lon": 89.836803, "lat": 24.509709, "near_bridge": false }, "geometry": { "type": "LineString", "coordinates": [ [ 785964.187123373849317, 2713634.710922184865922 ], [ 791463.669836463988759, 2713559.279573117382824 ] ] } },
{ "type": "Feature", "properties": { "transect_id": "E-43500", "bank": "E", "chainage_m": 43500.0, "x0": 787458.91053329594, "y0": 2713414.2103217412, "nx": 0.99931108289250037, "ny": -0.037112795747805481, "lon": 89.836712, "lat": 24.507906, "near_bridge": false }, "geometry": { "type": "LineString", "coordinates": [ [ 785959.94390895718243, 2713469.879515362903476 ], [ 791456.15486486593727, 2713265.759138749912381 ] ] } },
{ "type": "Feature", "properties": { "transect_id": "E-43700", "bank": "E", "chainage_m": 43700.0, "x0": 787449.31757442153, "y0": 2713214.4450832624, "nx": 0.99830528930557483, "ny": -0.058194066231125587, "lon": 89.836577, "lat": 24.506106, "near_bridge": false }, "geometry": { "type": "LineString", "coordinates": [ [ 785951.85964046313893, 2713301.736182609107345 ], [ 791442.538731643813662, 2712981.668818337842822 ] ] } },
{ "type": "Feature", "properties": { "transect_id": "E-43900", "bank": "E", "chainage_m": 43900.0, "x0": 787435.76637997769, "y0": 2713014.9081700658, "nx": 0.99706034949649336, "ny": -0.076620228803693721, "lon": 89.836403, "lat": 24.504309, "near_bridge": false }, "geometry": { "type": "LineString", "coordinates": [ [ 785940.175855732988566, 2713129.838513271417469 ], [ 791424.00777796364855, 2712708.427254850976169 ] ] } },
{ "type": "Feature", "properties": { "transect_id": "E-44100", "bank": "E", "chainage_m": 44100.0, "x0": 787418.8148232291, "y0": 2712815.6302979849, "nx": 0.9957448182964842, "ny": -0.092153441800626457, "lon": 89.836195, "lat": 24.502514, "near_bridge": false }, "geometry": { "type": "LineString", "coordinates": [ [ 785925.197595784324221, 2712953.860460686031729 ], [ 791401.794096415047534, 2712447.016530782449991 ] ] } },
{ "type": "Feature", "properties": { "transect_id": "E-44300", "bank": "E", "chainage_m": 44300.0, "x0": 787399.0573468745, "y0": 2712616.6101445053, "nx": 0.99450856844738256, "ny": -0.10465518278966325, "lon": 89.83596, "lat": 24.500723, "near_bridge": false }, "geometry": { "type": "LineString", "coordinates": [ [ 785907.294494203408249, 2712773.592918689828366 ], [ 791377.091620663995855, 2712197.98941334662959 ] ] } },
{ "type": "Feature", "properties": { "transect_id": "E-44500", "bank": "E", "chainage_m": 44500.0, "x0": 787377.10696818121, "y0": 2712417.8192079947, "nx": 0.99347105983407469, "ny": -0.11408441292376575, "lon": 89.835704, "lat": 24.498934, "near_bridge": false }, "geometry": { "type": "LineString", "coordinates": [ [ 785886.900378430145793, 2712588.945827380288392 ], [ 791350.991207517450675, 2711961.481556299608201 ] ] } },
{ "type": "Feature", "properties": { "transect_id": "E-44700", "bank": "E", "chainage_m": 44700.0, "x0": 787353.57427726616, "y0": 2712219.2088906458, "nx": 0.99271219355675611, "ny": -0.12050933890671525, "lon": 89.835432, "lat": 24.497146, "near_bridge": false }, "geometry": { "type": "LineString", "coordinates": [ [ 785864.505986931035295, 2712399.972899005748332 ], [ 791324.423051493242383, 2711737.171535018831491 ] ] } },
{ "type": "Feature", "properties": { "transect_id": "E-44900", "bank": "E", "chainage_m": 44900.0, "x0": 787329.04443906096, "y0": 2712020.7189892111, "nx": 0.99226721710846622, "ny": -0.12411998167829418, "lon": 89.83515, "lat": 24.49536, "near_bridge": false }, "geometry": { "type": "LineString", "coordinates": [ [ 785840.643613398307934, 2712206.898961728438735 ], [ 791298.113307494786568, 2711524.239062497857958 ] ] } },
{ "type": "Feature", "properties": { "transect_id": "E-45100", "bank": "E", "chainage_m": 45100.0, "x0": 787304.05158936197, "y0": 2711822.2867500228, "nx": 0.99212746216280634, "ny": -0.12523217965997943, "lon": 89.834863, "lat": 24.493575, "near_bridge": false }, "geometry": { "type": "LineString", "coordinates": [ [ 785815.860396117786877, 2712010.135019512847066 ], [ 791272.561438013217412, 2711321.358031382784247 ] ] } },
{ "type": "Feature", "properties": { "transect_id": "E-45300", "bank": "E", "chainage_m": 45300.0, "x0": 787279.05508794612, "y0": 2711623.8549722, "nx": 0.99224707203320595, "ny": -0.12428092388427885, "lon": 89.834576, "lat": 24.49179, "near_bridge": false }, "geometry": { "type": "LineString", "coordinates": [ [ 785790.684479896328412, 2711810.276358026545495 ], [ 791248.043376078945585, 2711126.731276663020253 ] ] } },
{ "type": "Feature", "properties": { "transect_id": "E-45500", "bank": "E", "chainage_m": 45500.0, "x0": 787254.41475273552, "y0": 2711425.3786985315, "nx": 0.9925512602711718, "ny": -0.12182772974207698, "lon": 89.834293, "lat": 24.490004, "near_bridge": false }, "geometry": { "type": "LineString", "coordinates": [ [ 785765.587862328742631, 2711608.120293144602329 ], [ 791224.6197938201949, 2710938.067779563367367 ] ] } },
{ "type": "Feature", "properties": { "transect_id": "E-45700", "bank": "E", "chainage_m": 45700.0, "x0": 787230.36591517308, "y0": 2711226.8299239525, "nx": 0.99294911927317209, "ny": -0.1185413283822643, "lon": 89.834016, "lat": 24.488217, "near_bridge": false }, "geometry": { "type": "LineString", "coordinates": [ [ 785740.942236263304949, 2711404.641916526015848 ], [ 791202.162392265745439, 2710752.66461042361334 ] ] } },
{ "type": "Feature", "properties": { "transect_id": "E-45900", "bank": "E", "chainage_m": 45900.0, "x0": 787207.00271593709, "y0": 2711028.1993028005, "nx": 0.99334575386292301, "ny": -0.11517036633831226, "lon": 89.833746, "lat": 24.48643, "near_bridge": false }, "geometry": { "type": "LineString", "coordinates": [ [ 785716.984085142728873, 2711200.954852308146656 ], [ 791180.385731388814747, 2710567.517837447114289 ] ] } },
{ "type": "Feature", "properties": { "transect_id": "E-46100", "bank": "E", "chainage_m": 46100.0, "x0": 787184.26240141352, "y0": 2710829.4963688627, "nx": 0.99365150743605912, "ny": -0.11250191896162179, "lon": 89.833481, "lat": 24.484642, "near_bridge": false }, "geometry": { "type": "LineString", "coordinates": [ [ 785693.785140259424224, 2710998.249247305095196 ], [ 791158.868431157781743, 2710379.488693016115576 ] ] } },
{ "type": "Feature", "properties": { "transect_id": "E-46300", "bank": "E", "chainage_m": 46300.0, "x0": 787161.92937714129, "y0": 2710630.7472014348, "nx": 0.99378886002237854, "ny": -0.11128208164579491, "lon": 89.833221, "lat": 24.482853, "near_bridge": false }, "geometry": { "type": "LineString", "coordinates": [ [ 785671.246087107690983, 2710797.670323903672397 ], [ 791137.084817230817862, 2710185.618874851614237 ] ] } },
{ "type": "Feature", "properties": { "transect_id": "E-46500", "bank": "E", "chainage_m": 46500.0, "x0": 787139.64220945304, "y0": 2710431.9928823109, "nx": 0.99368591161804687, "ny": -0.11219763389577814, "lon": 89.832961, "lat": 24.481064, "near_bridge": false }, "geometry": { "type": "LineString", "coordinates": [ [ 785649.113342026015744, 2710600.289333154447377 ], [ 791114.385855925269425, 2709983.202346727717668 ] ] } },
{ "type": "Feature", "properties": { "transect_id": "E-46700", "bank": "E", "chainage_m": 46700.0, "x0": 787116.91613051482, "y0": 2710233.288354429, "nx": 0.99327424132359177, "ny": -0.11578549789608039, "lon": 89.832697, "lat": 24.479276, "near_bridge": false }, "geometry": { "type": "LineString", "coordinates": [ [ 785627.004768529441208, 2710406.966601273044944 ], [ 791090.013095809146762, 2709770.146362844854593 ] ] } },
{ "type": "Feature", "properties": { "transect_id": "E-46900", "bank": "E", "chainage_m": 46900.0, "x0": 787093.17705590767, "y0": 2710034.7024964006, "nx": 0.99248169660587837, "ny": -0.1223931448338391, "lon": 89.832423, "lat": 24.477489, "near_bridge": false }, "geometry": { "type": "LineString", "coordinates": [ [ 785604.45451099879574, 2710218.292213651351631 ], [ 791063.103842331212945, 2709545.12991706514731 ] ] } },
{ "type": "Feature", "properties": { "transect_id": "E-47100", "bank": "E", "chainage_m": 47100.0, "x0": 787067.79940711893, "y0": 2709836.3197108046, "nx": 0.99122921650828266, "ny": -0.132153851023631, "lon": 89.832133, "lat": 24.475704, "near_bridge": false }, "geometry": { "type": "LineString", "coordinates": [ [ 785580.955582356546074, 2710034.550487339962274 ], [ 791032.716273152036592, 2709307.704306710045785 ] ] } },
{ "type": "Feature", "properties": { "transect_id": "E-47300", "bank": "E", "chainage_m": 47300.0, "x0": 787040.16762765311, "y0": 2709638.2388087846, "nx": 0.98945011766091129, "ny": -0.14487396129328722, "lon": 89.83182, "lat": 24.473922, "near_bridge": false }, "geometry": { "type": "LineString", "coordinates": [ [ 785555.992451161728241, 2709855.54975072434172 ], [ 790997.968098296783864, 2709058.742963611613959 ] ] } },
{ "type": "Feature", "properties": { "transect_id": "E-47500", "bank": "E", "chainage_m": 47500.0, "x0": 787009.71958369366, "y0": 2709440.5718461219, "nx": 0.98708633978694427, "ny": -0.16018913136044249, "lon": 89.83148, "lat": 24.472145, "near_bridge": false }, "geometry": { "type": "LineString", "coordinates": [ [ 785529.090074013220146, 2709680.855543162673712 ], [ 790958.064942841418087, 2708799.815320680383593 ] ] } },
{ "type": "Feature", "properties": { "transect_id": "E-47700", "bank": "E", "chainage_m": 47700.0, "x0": 786975.99312018696, "y0": 2709243.4384628134, "nx": 0.9841228411119225, "ny": -0.17748868584165517, "lon": 89.831108, "lat": 24.470373, "near_bridge": false }, "geometry": { "type": "LineString", "coordinates": [ [ 785499.808858519070782, 2709509.671491575893015 ], [ 790912.484484634594992, 2708533.483719446696341 ] ] } },
{ "type": "Feature", "properties": { "transect_id": "E-47900", "bank": "E", "chainage_m": 47900.0, "x0": 786938.66309224174, "y0": 2709046.9562356793, "nx": 0.98059942637709341, "ny": -0.19602235839035143, "lon": 89.830701, "lat": 24.468607, "near_bridge": false }, "geometry": { "type": "LineString", "coordinates": [ [ 785467.763952676090412, 2709340.989773265086114 ], [ 790861.060797750134952, 2708262.866802117787302 ] ] } },
{ "type": "Feature", "properties": { "transect_id": "E-48100", "bank": "E", "chainage_m": 48100.0, "x0": 786897.56547722442, "y0": 2708851.2278592093, "nx": 0.97662381187365421, "ny": -0.21495564677712786, "lon": 89.830256, "lat": 24.466849, "near_bridge": false }, "geometry": { "type": "LineString", "coordinates": [ [ 785432.629759413888678, 2709173.661329375114292 ], [ 790804.06072471907828, 2707991.405272100586444 ] ] } },
{ "type": "Feature", "properties": { "transect_id": "E-48300", "bank": "E", "chainage_m": 48300.0, "x0": 786852.70337703149, "y0": 2708656.3280905625, "nx": 0.97236450044349176, "ny": -0.23346793843540606, "lon": 89.829775, "lat": 24.4651, "near_bridge": false }, "geometry": { "type": "LineString", "coordinates": [ [ 785394.156626366195269, 2709006.529998215381056 ], [ 790742.161378805409186, 2707722.45633682096377 ] ] } },
{ "type": "Feature", "properties": { "transect_id": "E-48500", "bank": "E", "chainage_m": 48500.0, "x0": 786804.23910601519, "y0": 2708462.2925543748, "nx": 0.96803755637008626, "ny": -0.25080528195600721, "lon": 89.829258, "lat": 24.463358, "near_bridge": false }, "geometry": { "type": "LineString", "coordinates": [ [ 785352.182771460036747, 2708838.500477308873087 ], [ 790676.389331495505758, 2707459.071426550857723 ] ] } },
{ "type": "Feature", "properties": { "transect_id": "E-48700", "bank": "E", "chainage_m": 48700.0, "x0": 786752.47056974901, "y0": 2708269.1119068735, "nx": 0.96386712656513862, "ny": -0.26638348733933032, "lon": 89.828709, "lat": 24.461625, "near_bridge": false }, "geometry": { "type": "LineString", "coordinates": [ [ 785306.6698799013393, 2708668.687137882690877 ], [ 790607.93907600955572, 2707203.577957516070455 ] ] } },
{ "type": "Feature", "properties": { "transect_id": "E-48900", "bank": "E", "chainage_m": 48900.0, "x0": 786697.80367018026, "y0": 2708076.7306280946, "nx": 0.96009537962352032, "ny": -0.27967277669728297, "lon": 89.828131, "lat": 24.4599, "near_bridge": false }, "geometry": { "type": "LineString", "coordinates": [ [ 785257.660600745002739, 2708496.239793140441179 ], [ 790538.185188674367964, 2706958.039521305356175 ] ] } },
{ "type": "Feature", "properties": { "transect_id": "E-49100", "bank": "E", "chainage_m": 49100.0, "x0": 786640.73094550159, "y0": 2707885.0484788166, "nx": 0.95690731955540054, "ny": -0.29039349472964893, "lon": 89.82753, "lat": 24.458181, "near_bridge": false }, "geometry": { "type": "LineString", "coordinates": [ [ 785205.369966168538667, 2708320.638720910996199 ], [ 790468.360223723226227, 2706723.474499898031354 ] ] } },
{ "type": "Feature", "properties": { "transect_id": "E-49300", "bank": "E", "chainage_m": 49300.0, "x0": 786581.78296498605, "y0": 2707693.9339321707, "nx": 0.95443852476428359, "ny": -0.29840761123968995, "lon": 89.826911, "lat": 24.456468, "near_bridge": false }, "geometry": { "type": "LineString", "coordinates": [ [ 785150.125177839654498, 2708141.545349030289799 ], [ 790399.537064043222927, 2706500.303487211931497 ] ] } },
{ "type": "Feature", "properties": { "transect_id": "E-49500", "bank": "E", "chainage_m": 49500.0, "x0": 786521.50348658266, "y0": 2707503.234607453, "nx": 0.95275842608669015, "ny": -0.30372912524289303, "lon": 89.826278, "lat": 24.454759, "near_bridge": false }, "geometry": { "type": "LineString", "coordinates": [ [ 785092.365847452660091, 2707958.828295317478478 ], [ 790332.53719092940446, 2706288.318106481339782 ] ] } },
{ "type": "Feature", "properties": { "transect_id": "E-49700", "bank": "E", "chainage_m": 49700.0, "x0": 786460.41825518664, "y0": 2707312.7915506782, "nx": 0.95186538383054575, "ny": -0.30651637976644552, "lon": 89.825638, "lat": 24.453052, "near_bridge": false }, "geometry": { "type": "LineString", "coordinates": [ [ 785032.620179440826178, 2707772.566120327915996 ], [ 790267.879790508770384, 2706086.726031612604856 ] ] } },
{ "type": "Feature", "properties": { "transect_id": "E-49900", "bank": "E", "chainage_m": 49900.0, "x0": 786399.01088422269, "y0": 2707122.4520287402, "nx": 0.95169901800317358, "ny": -0.30703253757834037, "lon": 89.824994, "lat": 24.451347, "near_bridge": false }, "geometry": { "type": "LineString", "coordinates": [ [ 784971.462357217911631, 2707583.000835107639432 ], [ 790205.806956235435791, 2705894.321878426708281 ] ] } },
{ "type": "Feature", "properties": { "transect_id": "E-50100", "bank": "E", "chainage_m": 50100.0, "x0": 786337.7033788003, "y0": 2706932.0803345586, "nx": 0.95216291387924534, "ny": -0.30559087917178568, "lon": 89.824352, "lat": 24.449641, "near_bridge": false }, "geometry": { "type": "LineString", "coordinates": [ [ 784909.459007981466129, 2707390.466653316281736 ], [ 790146.355034317239188, 2705709.716817871667445 ] ] } },
{ "type": "Feature", "properties": { "transect_id": "E-50300", "bank": "E", "chainage_m": 50300.0, "x0": 786276.85480910249, "y0": 2706741.5615047351, "nx": 0.95311972117050203, "ny": -0.30259345187208592, "lon": 89.823714, "lat": 24.447933, "near_bridge": false }, "geometry": { "type": "LineString", "coordinates": [ [ 784847.175227346713655, 2707195.451682543382049 ], [ 790089.333693784545176, 2705531.187697246670723 ] ] } },
{ "type": "Feature", "properties": { "transect_id": "E-50500", "bank": "E", "chainage_m": 50500.0, "x0": 786216.70766596799, "y0": 2706550.8201494794, "nx": 0.95434039329745879, "ny": -0.29872129773561812, "lon": 89.823083, "lat": 24.446224, "near_bridge": false }, "geometry": { "type": "LineString", "coordinates": [ [ 784785.197076021810062, 2706998.902096082922071 ], [ 790034.06923915783409, 2705355.934958537109196 ] ] } },
{ "type": "Feature", "properties": { "transect_id": "E-50700", "bank": "E", "chainage_m": 50700.0, "x0": 786157.38334438053, "y0": 2706359.8213472068, "nx": 0.95564757246274024, "ny": -0.29451267756426308, "lon": 89.82246, "lat": 24.444512, "near_bridge": false }, "geometry": { "type": "LineString", "coordinates": [ [ 784723.911985686398111, 2706801.590363553259522 ], [ 789979.973634231486358, 2705181.770636949688196 ] ] } },
{ "type": "Feature", "properties": { "transect_id": "E-50900", "bank": "E", "chainage_m": 50900.0, "x0": 786098.8925740897, "y0": 2706168.5656422391, "nx": 0.95686772223620264, "ny": -0.29052394418102856, "lon": 89.821845, "lat": 24.442797, "near_bridge": false }, "geometry": { "type": "LineString", "coordinates": [ [ 784663.590990735334344, 2706604.351558510679752 ], [ 789926.363463034504093, 2705006.46986551489681 ] ] } },
{ "type": "Feature", "properties": { "transect_id": "E-51100", "bank": "E", "chainage_m": 51100.0, "x0": 786041.13088940759, "y0": 2705977.08840989, "nx": 0.95782162361559231, "ny": -0.28736342379361834, "lon": 89.821237, "lat": 24.44108, "near_bridge": false }, "geometry": { "type": "LineString", "coordinates": [ [ 784604.39845398417674, 2706408.13354558032006 ], [ 789872.4173838699935, 2704827.634714715648443 ] ] } },
{ "type": "Feature", "properties": { "transect_id": "E-51300", "bank": "E", "chainage_m": 51300.0, "x0": 785983.8804431333, "y0": 2705785.4576031216, "nx": 0.9583631819251639, "ny": -0.28555211701242078, "lon": 89.820635, "lat": 24.439362, "near_bridge": false }, "geometry": { "type": "LineString", "coordinates": [ [ 784546.335670245578513, 2706213.785778640303761 ], [ 789817.333170833997428, 2704643.24913507187739 ] ] } },
{ "type": "Feature", "properties": { "transect_id": "E-51500", "bank": "E", "chainage_m": 51500.0, "x0": 785926.81802896515, "y0": 2705593.770670596, "nx": 0.95835966974874065, "ny": -0.28556390423000738, "lon": 89.820034, "lat": 24.437644, "near_bridge": false }, "geometry": { "type": "LineString", "coordinates": [ [ 784489.278524341993034, 2706022.116526940837502 ], [ 789760.256707960157655, 2704451.515053675975651 ] ] } },
{ "type": "Feature", "properties": { "transect_id": "E-51700", "bank": "E", "chainage_m": 51700.0, "x0": 785869.54983065743, "y0": 2705402.1451853113, "nx": 0.95772900398655436, "ny": -0.28767195713680982, "lon": 89.819431, "lat": 24.435926, "near_bridge": false }, "geometry": { "type": "LineString", "coordinates": [ [ 784432.956324677565135, 2705833.653121016453952 ], [ 789700.465846603619866, 2704251.457356764003634 ] ] } },
{ "type": "Feature", "properties": { "transect_id": "E-51900", "bank": "E", "chainage_m": 51900.0, "x0": 785811.63574249728, "y0": 2705210.7141154772, "nx": 0.95640653282907351, "ny": -0.29203860012311789, "lon": 89.818822, "lat": 24.434209, "near_bridge": false }, "geometry": { "type": "LineString", "coordinates": [ [ 784377.025943253654987, 2705648.772015661932528 ], [ 789637.261873813578859, 2704042.559714984614402 ] ] } },
{ "type": "Feature", "properties": { "transect_id": "E-52100", "bank": "E", "chainage_m": 52100.0, "x0": 785752.62259516516, "y0": 2705019.6192665151, "nx": 0.95436693308267373, "ny": -0.2986364964942686, "lon": 89.818202, "lat": 24.432496, "near_bridge": false }, "geometry": { "type": "LineString", "coordinates": [ [ 784321.072195541113615, 2705467.57401125645265 ], [ 789570.090327495825477, 2703825.073280537966639 ] ] } },
{ "type": "Feature", "properties": { "transect_id": "E-52300", "bank": "E", "chainage_m": 52300.0, "x0": 785692.07945698325, "y0": 2704829.0038302704, "nx": 0.95162407551556549, "ny": -0.30726473748080046, "lon": 89.817568, "lat": 24.430788, "near_bridge": false }, "geometry": { "type": "LineString", "coordinates": [ [ 784264.643343709874898, 2705289.900936491787434 ], [ 789498.575759045546874, 2703599.944880347233266 ] ] } },
{ "type": "Feature", "properties": { "transect_id": "E-52500", "bank": "E", "chainage_m": 52500.0, "x0": 785629.60966829443, "y0": 2704639.0112120803, "nx": 0.94814541922605811, "ny": -0.31783685123132355, "lon": 89.816914, "lat": 24.429086, "near_bridge": false }, "geometry": { "type": "LineString", "coordinates": [ [ 784207.391539455391467, 2705115.766488927416503 ], [ 789422.19134519866202, 2703367.663807155098766 ] ] } },
{ "type": "Feature", "properties": { "transect_id": "E-52700", "bank": "E", "chainage_m": 52700.0, "x0": 785564.91188087326, "y0": 2704449.7660659328, "nx": 0.94422754554563226, "ny": -0.32929370208503989, "lon": 89.816239, "lat": 24.42739, "near_bridge": false }, "geometry": { "type": "LineString", "coordinates": [ [ 784148.570562554756179, 2704943.706619060598314 ], [ 789341.822063055820763, 2703132.591257592663169 ] ] } },
{ "type": "Feature", "properties": { "transect_id": "E-52900", "bank": "E", "chainage_m": 52900.0, "x0": 785497.87443522445, "y0": 2704261.3375182012, "nx": 0.94003111248311721, "ny": -0.34108870922936307, "lon": 89.81554, "lat": 24.425703, "near_bridge": false }, "geometry": { "type": "LineString", "coordinates": [ [ 784087.827766499831341, 2704772.970582045149058 ], [ 789257.998885156936012, 2702896.982681283727288 ] ] } },
{ "type": "Feature", "properties": { "transect_id": "E-53100", "bank": "E", "chainage_m": 53100.0, "x0": 785428.49656539503, "y0": 2704073.7582864277, "nx": 0.93580989323829333, "ny": -0.35250509743453956, "lon": 89.814819, "lat": 24.424023, "near_bridge": false }, "geometry": { "type": "LineString", "coordinates": [ [ 784024.781725537613966, 2704602.515932579524815 ], [ 789171.736138348234817, 2702663.737896689679474 ] ] } },
{ "type": "Feature", "properties": { "transect_id": "E-53300", "bank": "E", "chainage_m": 53300.0, "x0": 785356.93100657675, "y0": 2703887.0025242702, "nx": 0.93187694723067394, "ny": -0.36277452394020121, "lon": 89.814077, "lat": 24.422352, "near_bridge": false }, "geometry": { "type": "LineString", "coordinates": [ [ 783959.115585730760358, 2704431.164310180582106 ], [ 789084.438795499503613, 2702435.90442850952968 ] ] } },
{ "type": "Feature", "properties": { "transect_id": "E-53500", "bank": "E", "chainage_m": 53500.0, "x0": 785283.48259021027, "y0": 2703700.9785997136, "nx": 0.92857366086192583, "ny": -0.37114815957172825, "lon": 89.813316, "lat": 24.420687, "near_bridge": false }, "geometry": { "type": "LineString", "coordinates": [ [ 783890.622098917374387, 2704257.700839071068913 ], [ 788997.777233658009209, 2702216.385961426887661 ] ] } },
{ "type": "Feature", "properties": { "transect_id": "E-53700", "bank": "E", "chainage_m": 53700.0, "x0": 785208.60304296785, "y0": 2703515.5254294071, "nx": 0.92625168083757414, "ny": -0.37690558996328083, "lon": 89.812541, "lat": 24.419028, "near_bridge": false }, "geometry": { "type": "LineString", "coordinates": [ [ 783819.225521711516194, 2704080.883814352098852 ], [ 788913.609766318113543, 2702007.903069553896785 ] ] } },
{ "type": "Feature", "properties": { "transect_id": "E-53900", "bank": "E", "chainage_m": 53900.0, "x0": 785132.88685922953, "y0": 2703330.4118527388, "nx": 0.9252609748218158, "ny": -0.37933115937368378, "lon": 89.811758, "lat": 24.417372, "near_bridge": false }, "geometry": { "type": "LineString", "coordinates": [ [ 783744.995396996848285, 2703899.408591799438 ], [ 788833.930758516769856, 2701813.087215244304389 ] ] } },
{ "type": "Feature", "properties": { "transect_id": "E-54100", "bank": "E", "chainage_m": 54100.0, "x0": 785057.08831418341, "y0": 2703145.331952089, "nx": 0.92601640080448955, "ny": -0.37748327835958367, "lon": 89.810974, "lat": 24.415716, "near_bridge": false }, "geometry": { "type": "LineString", "coordinates": [ [ 783668.06371297664009, 2703711.556869628373533 ], [ 788761.153917401330546, 2701635.398838650435209 ] ] } },
{ "type": "Feature", "properties": { "transect_id": "E-54300", "bank": "E", "chainage_m": 54300.0, "x0": 784982.12855147512, "y0": 2702959.9112261762, "nx": 0.92868347489894609, "ny": -0.37087329837778626, "lon": 89.810199, "lat": 24.414057, "near_bridge": false }, "geometry": { "type": "LineString", "coordinates": [ [ 783589.10333912668284, 2703516.22117374278605 ], [ 788696.862451070919633, 2701476.418032665271312 ] ] } },
{ "type": "Feature", "properties": { "transect_id": "E-54500", "bank": "E", "chainage_m": 54500.0, "x0": 784909.00299187272, "y0": 2702773.7610793351, "nx": 0.93333642951732221, "ny": -0.35900293778165171, "lon": 89.809441, "lat": 24.412391, "near_bridge": false }, "geometry": { "type": "LineString", "coordinates": [ [ 783508.998347596731037, 2703312.265486007556319 ], [ 788642.348709941958077, 2701337.749328208621591 ] ] } },
{ "type": "Feature", "properties": { "transect_id": "E-54700", "bank": "E", "chainage_m": 54700.0, "x0": 784838.82067187037, "y0": 2702586.4844034081, "nx": 0.93994770174634801, "ny": -0.3413184993254223, "lon": 89.808712, "lat": 24.410715, "near_bridge": true }, "geometry": { "type": "LineString", "coordinates": [ [ 783428.899119250825606, 2703098.462152396328747 ], [ 788598.611478855716996, 2701221.210406106431037 ] ] } },
{ "type": "Feature", "properties": { "transect_id": "E-54900", "bank": "E", "chainage_m": 54900.0, "x0": 784772.7953939843, "y0": 2702397.7061246741, "nx": 0.94831252791590415, "ny": -0.31733791043262949, "lon": 89.808024, "lat": 24.409024, "near_bridge": true }, "geometry": { "type": "LineString", "coordinates": [ [ 783350.326602110406384, 2702873.712990323081613 ], [ 788566.045505647896789, 2701128.354482943657786 ] ] } },
{ "type": "Feature", "properties": { "transect_id": "E-55100", "bank": "E", "chainage_m": 55100.0, "x0": 784712.22369078652, "y0": 2702207.1124474476, "nx": 0.95800616104114633, "ny": -0.28674761621887135, "lon": 89.807389, "lat": 24.407316, "near_bridge": true }, "geometry": { "type": "LineString", "coordinates": [ [ 783275.214449224760756, 2702637.233871776144952 ], [ 788544.248334951116703, 2701060.121982572134584 ] ] } },
{ "type": "Feature", "properties": { "transect_id": "E-55300", "bank": "E", "chainage_m": 55300.0, "x0": 784658.43604991992, "y0": 2702014.4983280334, "nx": 0.96835866426221962, "ny": -0.2495626120801947, "lon": 89.806821, "lat": 24.405588, "near_bridge": true }, "geometry": { "type": "LineString", "coordinates": [ [ 783205.898053526645526, 2702388.842246153857559 ], [ 788531.870706968824379, 2701016.247879712376744 ] ] } },
{ "type": "Feature", "properties": { "transect_id": "E-55500", "bank": "E", "chainage_m": 55500.0, "x0": 784612.71370521665, "y0": 2701819.8152364269, "nx": 0.9784897638924781, "ny": -0.20629537551201332, "lon": 89.806332, "lat": 24.40384, "near_bridge": true }, "geometry": { "type": "LineString", "coordinates": [ [ 783144.97905937791802, 2702129.258299694862217 ], [ 788526.672760786605068, 2700994.633734378963709 ] ] } },
{ "type": "Feature", "properties": { "transect_id": "E-55700", "bank": "E", "chainage_m": 55700.0, "x0": 784576.17617819458, "y0": 2701623.2035746104, "nx": 0.98742648084681117, "ny": -0.15807891991812809, "lon": 89.805933, "lat": 24.402073, "near_bridge": true }, "geometry": { "type": "LineString", "coordinates": [ [ 783095.036456924397498, 2701860.32195448782295 ], [ 788525.882101581781171, 2700990.887894937768579 ] ] } },
{ "type": "Feature", "properties": { "transect_id": "E-55900", "bank": "E", "chainage_m": 55900.0, "x0": 784549.64893213415, "y0": 2701424.9941640384, "nx": 0.99429064533523548, "ny": -0.10670572898790831, "lon": 89.805632, "lat": 24.40029, "near_bridge": true }, "geometry": { "type": "LineString", "coordinates": [ [ 783058.212964131264016, 2701585.052757520228624 ], [ 788526.811513475142419, 2700998.171248086728156 ] ] } },
{ "type": "Feature", "properties": { "transect_id": "E-56100", "bank": "E", "chainage_m": 56100.0, "x0": 784533.5415902473, "y0": 2701225.6670515928, "nx": 0.99851441104661609, "ny": -0.054488264169722418, "lon": 89.805434, "lat": 24.398495, "near_bridge": true }, "geometry": { "type": "LineString", "coordinates": [ [ 783035.769973677350208, 2701307.399447847623378 ], [ 788527.59923443372827, 2701007.713994913734496 ] ] } },
{ "type": "Feature", "properties": { "transect_id": "E-56300", "bank": "E", "chainage_m": 56300.0, "x0": 784527.77197149047, "y0": 2701025.7716162456, "nx": 0.99999222765362439, "ny": -0.0039426681754876937, "lon": 89.805337, "lat": 24.396693, "near_bridge": true }, "geometry": { "type": "LineString", "coordinates": [ [ 783027.783630009973422, 2701031.68561850907281 ], [ 788527.740882104961202, 2701010.000943543855101 ] ] } },
{ "type": "Feature", "properties": { "transect_id": "E-56500", "bank": "E", "chainage_m": 56500.0, "x0": 784531.76313920424, "y0": 2700825.8294100361, "nx": 0.99909215950545871, "ny": 0.042601136307839994, "lon": 89.805336, "lat": 24.394888, "near_bridge": true }, "geometry": { "type": "LineString", "coordinates": [ [ 783033.124899946036749, 2700761.927705574315041 ], [ 788528.131777226109989, 2700996.233955267351121 ] ] } },
{ "type": "Feature", "properties": { "transect_id": "E-56700", "bank": "E", "chainage_m": 56700.0, "x0": 784544.51694927423, "y0": 2700626.250128781, "nx": 0.99652409574984868, "ny": 0.083305021396950604, "lon": 89.805422, "lat": 24.393086, "near_bridge": true }, "geometry": { "type": "LineString", "coordinates": [ [ 783049.730805649422109, 2700501.292596685700119 ], [ 788530.613332273671404, 2700959.470214368775487 ] ] } },
{ "type": "Feature", "properties": { "transect_id": "E-56900", "bank": "E", "chainage_m": 56900.0, "x0": 784564.72978332336, "y0": 2700427.2833425095, "nx": 0.99313437777057845, "ny": 0.11697909082501023, "lon": 89.805582, "lat": 24.391287, "near_bridge": true }, "geometry": { "type": "LineString", "coordinates": [ [ 783075.028216667473316, 2700251.814706271979958 ], [ 788537.267294405726716, 2700895.199705809354782 ] ] } },
{ "type": "Feature", "properties": { "transect_id": "E-57100", "bank": "E", "chainage_m": 57100.0, "x0": 784590.92703186232, "y0": 2700229.0118465251, "nx": 0.98971032853527929, "ny": 0.14308551845169165, "lon": 89.8058, "lat": 24.389494, "near_bridge": true }, "geometry": { "type": "LineString", "coordinates": [ [ 783106.361539059435017, 2700014.383568847551942 ], [ 788549.768346003489569, 2700801.35392033169046 ] ] } },
{ "type": "Feature", "properties": { "transect_id": "E-57300", "bank": "E", "chainage_m": 57300.0, "x0": 784621.58312585729, "y0": 2700031.377843752, "nx": 0.98685239633068067, "ny": 0.16162409429411534, "lon": 89.806063, "lat": 24.387705, "near_bridge": true }, "geometry": { "type": "LineString", "coordinates": [ [ 783141.304531361209229, 2699788.941702310927212 ], [ 788568.992711180006154, 2700677.874220928642899 ] ] } },
{ "type": "Feature", "properties": { "transect_id": "E-57500", "bank": "E", "chainage_m": 57500.0, "x0": 784655.21731983451, "y0": 2699834.2271589637, "nx": 0.98491972626684843, "ny": 0.17301194412651461, "lon": 89.806355, "lat": 24.385921, "near_bridge": false }, "geometry": { "type": "LineString", "coordinates": [ [ 783177.837730434257537, 2699574.709242773707956 ], [ 788594.896224901895039, 2700526.274935469962656 ] ] } },
{ "type": "Feature", "properties": { "transect_id": "E-57700", "bank": "E", "chainage_m": 57700.0, "x0": 784690.46097501763, "y0": 2699637.3570891791, "nx": 0.98405419961071972, "ny": 0.17786886244788824, "lon": 89.806662, "lat": 24.384138, "near_bridge": false }, "geometry": { "type": "LineString", "coordinates": [ [ 783214.379675601609051, 2699370.553795507177711 ], [ 788626.677773460512981, 2700348.8325389707461 ] ] } },
{ "type": "Feature", "properties": { "transect_id": "E-57900", "bank": "E", "chainage_m": 57900.0, "x0": 784726.08080497372, "y0": 2699440.5545863183, "nx": 0.98420165559519446, "ny": 0.17705112573400444, "lon": 89.806974, "lat": 24.382356, "near_bridge": false }, "geometry": { "type": "LineString", "coordinates": [ [ 783249.778321580961347, 2699174.977897717151791 ], [ 788662.887427354464307, 2700148.759089254308492 ] ] } },
{ "type": "Feature", "properties": { "transect_id": "E-58100", "bank": "E", "chainage_m": 58100.0, "x0": 784761.05051957094, "y0": 2699243.6357540814, "nx": 0.98516311426567738, "ny": 0.17162062314987675, "lon": 89.807279, "lat": 24.380574, "near_bridge": false }, "geometry": { "type": "LineString", "coordinates": [ [ 783283.305848172400147, 2698986.204819356556982 ], [ 788701.70297663367819, 2699930.118246681056917 ] ] } },
{ "type": "Feature", "properties": { "transect_id": "E-58300", "bank": "E", "chainage_m": 58300.0, "x0": 784794.55077960936, "y0": 2699046.462084732, "nx": 0.98668706922672555, "ny": 0.16263033979173425, "lon": 89.80757, "lat": 24.378789, "near_bridge": false }, "geometry": { "type": "LineString", "coordinates": [ [ 783314.520175769226626, 2698802.516575044486672 ], [ 788741.299056516261771, 2699696.983443899080157 ] ] } },
{ "type": "Feature", "properties": { "transect_id": "E-58500", "bank": "E", "chainage_m": 58500.0, "x0": 784825.97833011241, "y0": 2698848.9479674431, "nx": 0.98851020760789721, "ny": 0.1511541248361814, "lon": 89.80784, "lat": 24.377001, "near_bridge": false }, "geometry": { "type": "LineString", "coordinates": [ [ 783343.213018700596876, 2698622.216780188959092 ], [ 788780.019160544034094, 2699453.564466787967831 ] ] } },
{ "type": "Feature", "properties": { "transect_id": "E-58700", "bank": "E", "chainage_m": 58700.0, "x0": 784854.93892250571, "y0": 2698651.0574983433, "nx": 0.99040282398868607, "ny": 0.1382108759658072, "lon": 89.808086, "lat": 24.375211, "near_bridge": false }, "geometry": { "type": "LineString", "coordinates": [ [ 783369.334686522721313, 2698443.741184394806623 ], [ 788816.550218460499309, 2699203.90100220637396 ] ] } },
{ "type": "Feature", "properties": { "transect_id": "E-58900", "bank": "E", "chainage_m": 58900.0, "x0": 784881.23649464198, "y0": 2698452.79577477, "nx": 0.99218897920936766, "ny": 0.12474385570228722, "lon": 89.808305, "lat": 24.373417, "near_bridge": false }, "geometry": { "type": "LineString", "coordinates": [ [ 783392.953025827882811, 2698265.679991216398776 ], [ 788849.99241147947032, 2698951.771197579335421 ] ] } },
{ "type": "Feature", "properties": { "transect_id": "E-59100", "bank": "E", "chainage_m": 59100.0, "x0": 784904.85052950168, "y0": 2698254.1965278802, "nx": 0.99375788054139158, "ny": 0.11155839216249563, "lon": 89.808498, "lat": 24.371622, "near_bridge": false }, "geometry": { "type": "LineString", "coordinates": [ [ 783414.213708689552732, 2698086.85893963649869 ], [ 788879.882051667198539, 2698700.430096530355513 ] ] } },
{ "type": "Feature", "properties": { "transect_id": "E-59300", "bank": "E", "chainage_m": 59300.0, "x0": 784925.90654706548, "y0": 2698055.3095950051, "nx": 0.99505727454057968, "ny": 0.099302670577751842, "lon": 89.808666, "lat": 24.369824, "near_bridge": false }, "geometry": { "type": "LineString", "coordinates": [ [ 783433.320635254611261, 2697906.35558913834393 ], [ 788906.135645227739587, 2698452.520277316216379 ] ] } },
{ "type": "Feature", "properties": { "transect_id": "E-59500", "bank": "E", "chainage_m": 59500.0, "x0": 784944.64212641609, "y0": 2697856.1903483309, "nx": 0.99608032816194636, "ny": 0.088453263641254845, "lon": 89.808811, "lat": 24.368024, "near_bridge": false }, "geometry": { "type": "LineString", "coordinates": [ [ 783450.521634173113853, 2697723.510452868882567 ], [ 788928.963439063867554, 2698210.003402895759791 ] ] } },
{ "type": "Feature", "properties": { "transect_id": "E-59700", "bank": "E", "chainage_m": 59700.0, "x0": 784961.37349083356, "y0": 2697656.8923328863, "nx": 0.99684929069854367, "ny": 0.079318923554285034, "lon": 89.808936, "lat": 24.366223, "near_bridge": false }, "geometry": { "type": "LineString", "coordinates": [ [ 783466.09955478576012, 2697537.913947554770857 ], [ 788948.770653627696447, 2697974.168027103412896 ] ] } },
{ "type": "Feature", "properties": { "transect_id": "E-59900", "bank": "E", "chainage_m": 59900.0, "x0": 784976.4658352026, "y0": 2697457.4631689638, "nx": 0.99739761023277629, "ny": 0.07209720592330085, "lon": 89.809045, "lat": 24.364421, "near_bridge": false }, "geometry": { "type": "LineString", "coordinates": [ [ 783480.369419853435829, 2697349.317360078915954 ], [ 788966.056276133749634, 2697745.851992656942457 ] ] } },
{ "type": "Feature", "properties": { "transect_id": "E-60100", "bank": "E", "chainage_m": 60100.0, "x0": 784990.31282045646, "y0": 2697257.9433986247, "nx": 0.99776096843382645, "ny": 0.066880863256934459, "lon": 89.809141, "lat": 24.362619, "near_bridge": false }, "geometry": { "type": "LineString", "coordinates": [ [ 783493.671367805683985, 2697157.622103739064187 ], [ 788981.356694191810675, 2697525.466851652599871 ] ] } },
{ "type": "Feature", "properties": { "transect_id": "E-60300", "bank": "E", "chainage_m": 60300.0, "x0": 785003.31865498598, "y0": 2697058.3668458438, "nx": 0.99797034607554191, "ny": 0.063680360817625653, "lon": 89.80923, "lat": 24.360816, "near_bridge": false }, "geometry": { "type": "LineString", "coordinates": [ [ 783506.363135872641578, 2696962.846304617356509 ], [ 788995.20003928814549, 2697313.088289114180952 ] ] } },
{ "type": "Feature", "properties": { "transect_id": "E-60500", "bank": "E", "chainage_m": 60500.0, "x0": 785015.88594166527, "y0": 2696858.7620976297, "nx": 0.99804555649916338, "ny": 0.062490536501739628, "lon": 89.809314, "lat": 24.359013, "near_bridge": false }, "geometry": { "type": "LineString", "coordinates": [ [ 783518.817606916534714, 2696765.026292877271771 ], [ 789008.068167661898769, 2697108.724243636708707 ] ] } },
{ "type": "Feature", "properties": { "transect_id": "E-60700", "bank": "E", "chainage_m": 60700.0, "x0": 785028.41399204289, "y0": 2696659.1548698498, "nx": 0.99799609082838292, "ny": 0.063275608975861999, "lon": 89.809397, "lat": 24.35721, "near_bridge": false }, "geometry": { "type": "LineString", "coordinates": [ [ 783531.419855800340883, 2696564.241456386167556 ], [ 789020.398355356417596, 2696912.257305753417313 ] ] } },
{ "type": "Feature", "properties": { "transect_id": "E-60900", "bank": "E", "chainage_m": 60900.0, "x0": 785041.2908349483, "y0": 2696459.5699073626, "nx": 0.99782299237060945, "ny": 0.065949040148911328, "lon": 89.809484, "lat": 24.355407, "near_bridge": false }, "geometry": { "type": "LineString", "coordinates": [ [ 783544.556346392375417, 2696360.646347139030695 ], [ 789032.582804430741817, 2696723.366067958064377 ] ] } },
{ "type": "Feature", "properties": { "transect_id": "E-61100", "bank": "E", "chainage_m": 61100.0, "x0": 785054.88498166285, "y0": 2696260.0326596596, "nx": 0.99751664335962453, "ny": 0.070431145245178711, "lon": 89.809578, "lat": 24.353605, "near_bridge": false }, "geometry": { "type": "LineString", "coordinates": [ [ 783558.610016623395495, 2696154.385941791813821 ], [ 789044.951555101317354, 2696541.75724064046517 ] ] } },
{ "type": "Feature", "properties": { "transect_id": "E-61300", "bank": "E", "chainage_m": 61300.0, "x0": 785069.5423840069, "y0": 2696060.5708831921, "nx": 0.99706766554941917, "ny": 0.076524965310881099, "lon": 89.809683, "lat": 24.351803, "near_bridge": false }, "geometry": { "type": "LineString", "coordinates": [ [ 783573.940885682823136, 2695945.783435225952417 ], [ 789057.813046204624698, 2696366.670744435861707 ] ] } },
{ "type": "Feature", "properties": { "transect_id": "E-61500", "bank": "E", "chainage_m": 61500.0, "x0": 785085.5668393739, "y0": 2695861.2144984626, "nx": 0.99646173403589655, "ny": 0.084047680528222479, "lon": 89.809801, "lat": 24.350002, "near_bridge": false }, "geometry": { "type": "LineString", "coordinates": [ [ 783590.874238320044242, 2695735.142977670300752 ], [ 789071.41377551748883, 2696197.405220575630665 ] ] } },
{ "type": "Feature", "properties": { "transect_id": "E-61700", "bank": "E", "chainage_m": 61700.0, "x0": 785103.22006343829, "y0": 2695661.9959591408, "nx": 0.99569107460839712, "ny": 0.0927323241657146, "lon": 89.809935, "lat": 24.348201, "near_bridge": false }, "geometry": { "type": "LineString", "coordinates": [ [ 783609.68345152575057, 2695522.897472892422229 ], [ 789085.984361871844158, 2696032.925255803856999 ] ] } },
{ "type": "Feature", "properties": { "transect_id": "E-61900", "bank": "E", "chainage_m": 61900.0, "x0": 785122.69947462995, "y0": 2695462.947864132, "nx": 0.99476234554003784, "ny": 0.10221485163948681, "lon": 89.810087, "lat": 24.346402, "near_bridge": false }, "geometry": { "type": "LineString", "coordinates": [ [ 783630.555956319905818, 2695309.62558667268604 ], [ 789101.748856790130958, 2695871.807270689867437 ] ] } },
{ "type": "Feature", "properties": { "transect_id": "E-62100", "bank": "E", "chainage_m": 62100.0, "x0": 785144.12422313413, "y0": 2695264.0998538043, "nx": 0.99370112571405755, "ny": 0.11206280718692875, "lon": 89.810259, "lat": 24.344604, "near_bridge": false }, "geometry": { "type": "LineString", "coordinates": [ [ 783653.572534563019872, 2695096.005643024109304 ], [ 789118.928725990350358, 2695712.351082552224398 ] ] } },
{ "type": "Feature", "properties": { "transect_id": "E-62300", "bank": "E", "chainage_m": 62300.0, "x0": 785167.51805522514, "y0": 2695065.4738674532, "nx": 0.99255807806827157, "ny": 0.12177217112878851, "lon": 89.810449, "lat": 24.342808, "near_bridge": false }, "geometry": { "type": "LineString", "coordinates": [ [ 783678.680938122677617, 2694882.81561075989157 ], [ 789137.750367498258129, 2695552.562551968265325 ] ] } },
{ "type": "Feature", "properties": { "transect_id": "E-62500", "bank": "E", "chainage_m": 62500.0, "x0": 785192.79767861508, "y0": 2694867.0789379016, "nx": 0.99141038085910782, "ny": 0.13078783095073881, "lon": 89.810659, "lat": 24.341014, "near_bridge": false }, "geometry": { "type": "LineString", "coordinates": [ [ 783705.682107326458208, 2694670.89719147561118 ], [ 789158.439202051493339, 2695390.230261704418808 ] ] } },
{ "type": "Feature", "properties": { "transect_id": "E-62700", "bank": "E", "chainage_m": 62700.0, "x0": 785219.77151185507, "y0": 2694668.9070127215, "nx": 0.99035163506490131, "ny": 0.13857719482034692, "lon": 89.810885, "lat": 24.339221, "near_bridge": false }, "geometry": { "type": "LineString", "coordinates": [ [ 783734.244059257674962, 2694461.041220490820706 ], [ 789181.178052114672028, 2695223.215792003087699 ] ] } },
{ "type": "Feature", "properties": { "transect_id": "E-62900", "bank": "E", "chainage_m": 62900.0, "x0": 785248.14008914935, "y0": 2694470.9296435947, "nx": 0.98948976770158881, "ny": 0.14460290319995689, "lon": 89.811125, "lat": 24.33743, "near_bridge": false }, "geometry": { "type": "LineString", "coordinates": [ [ 783763.905437596957199, 2694254.025288794655353 ], [ 789206.099159955745563, 2695049.341256394516677 ] ] } },
{ "type": "Feature", "properties": { "transect_id": "E-63100", "bank": "E", "chainage_m": 63100.0, "x0": 785277.49947708321, "y0": 2694273.0965053285, "nx": 0.98893348846258511, "ny": 0.14835954771170712, "lon": 89.811374, "lat": 24.33564, "near_bridge": false }, "geometry": { "type": "LineString", "coordinates": [ [ 783794.099244389333762, 2694050.557183761149645 ], [ 789233.233430933556519, 2694866.534696175251156 ] ] } },
{ "type": "Feature", "properties": { "transect_id": "E-63300", "bank": "E", "chainage_m": 63300.0, "x0": 785307.34790829418, "y0": 2694075.3363898564, "nx": 0.98877458786373307, "ny": 0.14941490686977979, "lon": 89.811629, "lat": 24.333851, "near_bridge": false }, "geometry": { "type": "LineString", "coordinates": [ [ 783824.186026498558931, 2693851.214029551949352 ], [ 789262.446259749121964, 2694672.996017335448414 ] ] } },
{ "type": "Feature", "properties": { "transect_id": "E-63500", "bank": "E", "chainage_m": 63500.0, "x0": 785337.11269717221, "y0": 2693877.5636997255, "nx": 0.9890722755812722, "ny": 0.14743145416254971, "lon": 89.811882, "lat": 24.332061, "near_bridge": false }, "geometry": { "type": "LineString", "coordinates": [ [ 783853.504283800255507, 2693656.416518481913954 ], [ 789293.401799497311004, 2694467.289516375865787 ] ] } },
{ "type": "Feature", "properties": { "transect_id": "E-63700", "bank": "E", "chainage_m": 63700.0, "x0": 785366.15746667318, "y0": 2693679.6842875239, "nx": 0.98984262238612175, "ny": 0.14216744672310042, "lon": 89.812129, "lat": 24.330271, "near_bridge": false }, "geometry": { "type": "LineString", "coordinates": [ [ 783881.3935330939712, 2693466.433117439039052 ], [ 789325.527956217643805, 2694248.354074416216463 ] ] } },
{ "type": "Feature", "properties": { "transect_id": "E-63900", "bank": "E", "chainage_m": 63900.0, "x0": 785393.80300741759, "y0": 2693481.6051843613, "nx": 0.991062667239762, "ny": 0.13339711242605243, "lon": 89.812362, "lat": 24.328479, "near_bridge": false }, "geometry": { "type": "LineString", "coordinates": [ [ 783907.209006557939574, 2693281.509515722282231 ], [ 789358.053676376584917, 2694015.193634065333754 ] ] } },
{ "type": "Feature", "properties": { "transect_id": "E-64100", "bank": "E", "chainage_m": 64100.0, "x0": 785419.33721303882, "y0": 2693283.2438343363, "nx": 0.99264596538150929, "ny": 0.12105365509480293, "lon": 89.812573, "lat": 24.326685, "near_bridge": false }, "geometry": { "type": "LineString", "coordinates": [ [ 783930.368264966527931, 2693101.663351694121957 ], [ 789389.921074564801529, 2693767.458454715553671 ] ] } },
{ "type": "Feature", "properties": { "transect_id": "E-64300", "bank": "E", "chainage_m": 64300.0, "x0": 785442.04601759673, "y0": 2693084.5404853211, "nx": 0.99445507676763034, "ny": 0.10516225697029484, "lon": 89.812757, "lat": 24.324888, "near_bridge": false }, "geometry": { "type": "LineString", "coordinates": [ [ 783950.363402445334941, 2692926.797099865507334 ], [ 789419.866324667236768, 2693505.189513202290982 ] ] } },
{ "type": "Feature", "properties": { "transect_id": "E-64500", "bank": "E", "chainage_m": 64500.0, "x0": 785461.23080690799, "y0": 2692885.4675049419, "nx": 0.99630691110087621, "ny": 0.085863489869853676, "lon": 89.812907, "lat": 24.323089, "near_bridge": false }, "geometry": { "type": "LineString", "coordinates": [ [ 783966.770440256688744, 2692756.672270136885345 ], [ 789446.458451311453246, 2693228.921464421320707 ] ] } },
{ "type": "Feature", "properties": { "transect_id": "E-64700", "bank": "E", "chainage_m": 64700.0, "x0": 785476.23029519583, "y0": 2692686.0371739268, "nx": 0.99799004628665933, "ny": 0.063370872747276166, "lon": 89.813015, "lat": 24.321287, "near_bridge": false }, "geometry": { "type": "LineString", "coordinates": [ [ 783979.245225765858777, 2692590.980864806100726 ], [ 789468.190480342484079, 2692939.520664915908128 ] ] } },
{ "type": "Feature", "properties": { "transect_id": "E-64900", "bank": "E", "chainage_m": 64900.0, "x0": 785486.43425210263, "y0": 2692486.305753693, "nx": 0.99927767290249991, "ny": 0.038001742572737189, "lon": 89.813075, "lat": 24.319483, "near_bridge": false }, "geometry": { "type": "LineString", "coordinates": [ [ 783987.517742748837918, 2692429.303139833733439 ], [ 789483.54494371265173, 2692638.312723984010518 ] ] } },
{ "type": "Feature", "properties": { "transect_id": "E-65100", "bank": "E", "chainage_m": 65100.0, "x0": 785491.30716932344, "y0": 2692286.3748410782, "nx": 0.99994822360483326, "ny": 0.010175957426124935, "lon": 89.813083, "lat": 24.317679, "near_bridge": false }, "geometry": { "type": "LineString", "coordinates": [ [ 783991.384833916206844, 2692271.110904939007014 ], [ 789491.100063742720522, 2692327.078670782502741 ] ] } },
{ "type": "Feature", "properties": { "transect_id": "E-65300", "bank": "E", "chainage_m": 65300.0, "x0": 785490.4063576631, "y0": 2692086.3879860705, "nx": 0.99980772920453853, "ny": -0.019608789428828901, "lon": 89.813035, "lat": 24.315875, "near_bridge": false }, "geometry": { "type": "LineString", "coordinates": [ [ 783990.69476385624148, 2692115.801170213613659 ], [ 789489.637274481239729, 2692007.952828355133533 ] ] } },
{ "type": "Feature", "properties": { "transect_id": "E-65500", "bank": "E", "chainage_m": 65500.0, "x0": 785483.3934260821, "y0": 2691886.5231995415, "nx": 0.99870845665061492, "ny": -0.05080766295104442, "lon": 89.812926, "lat": 24.314073, "near_bridge": false }, "geometry": { "type": "LineString", "coordinates": [ [ 783985.330741106183268, 2691962.734693968202919 ], [ 789478.227252684533596, 2691683.292547737248242 ] ] } },
{ "type": "Feature", "properties": { "transect_id": "E-65700", "bank": "E", "chainage_m": 65700.0, "x0": 785470.04264164041, "y0": 2691686.9822735409, "nx": 0.99656274796266486, "ny": -0.082841350623357624, "lon": 89.812755, "lat": 24.312276, "near_bridge": false }, "geometry": { "type": "LineString", "coordinates": [ [ 783975.198519696365111, 2691811.244299476034939 ], [ 789456.293633491033688, 2691355.616871047299355 ] ] } },
{ "type": "Feature", "properties": { "transect_id": "E-65900", "bank": "E", "chainage_m": 65900.0, "x0": 785450.24716563663, "y0": 2691487.9776313449, "nx": 0.99335171453282289, "ny": -0.11511894385678262, "lon": 89.81252, "lat": 24.310484, "near_bridge": false }, "geometry": { "type": "LineString", "coordinates": [ [ 783960.219593837391585, 2691660.656047130003572 ], [ 789423.654023767914623, 2691027.501855917740613 ] ] } },
{ "type": "Feature", "properties": { "transect_id": "E-66100", "bank": "E", "chainage_m": 66100.0, "x0": 785424.01413589378, "y0": 2691289.7187289, "nx": 0.98912566595020968, "ny": -0.14707282875689187, "lon": 89.812223, "lat": 24.3087, "near_bridge": false }, "geometry": { "type": "LineString", "coordinates": [ [ 783940.325636968482286, 2691510.327972035389394 ], [ 789380.516799694625661, 2690701.42741387244314 ] ] } },
{ "type": "Feature", "properties": { "transect_id": "E-66300", "bank": "E", "chainage_m": 66300.0, "x0": 785391.46641343285, "y0": 2691092.397540357, "nx": 0.98400573076308406, "ny": -0.17813680648706237, "lon": 89.811863, "lat": 24.306926, "near_bridge": false }, "geometry": { "type": "LineString", "coordinates": [ [ 783915.457817288232036, 2691359.602750087622553 ], [ 789327.489336485159583, 2690379.850314408540726 ] ] } },
{ "type": "Feature", "properties": { "transect_id": "E-66500", "bank": "E", "chainage_m": 66500.0, "x0": 785352.83393402991, "y0": 2690896.1758448207, "nx": 0.97817184812327873, "ny": -0.20779758309251159, "lon": 89.811444, "lat": 24.305163, "near_bridge": false }, "geometry": { "type": "LineString", "coordinates": [ [ 783885.576161845005117, 2691207.872219459619373 ], [ 789265.521326523041353, 2690064.985512450803071 ] ] } },
{ "type": "Feature", "properties": { "transect_id": "E-66700", "bank": "E", "chainage_m": 66700.0, "x0": 785308.44614836958, "y0": 2690701.1739687063, "nx": 0.97185636163890854, "ny": -0.23557421833040876, "lon": 89.810968, "lat": 24.303412, "near_bridge": false }, "geometry": { "type": "LineString", "coordinates": [ [ 783850.661605911212973, 2691054.535296201705933 ], [ 789195.871594925178215, 2689758.877095384523273 ] ] } },
{ "type": "Feature", "properties": { "transect_id": "E-66900", "bank": "E", "chainage_m": 66900.0, "x0": 785258.72507588798, "y0": 2690507.4614141905, "nx": 0.96533285448436901, "ny": -0.26102199151232475, "lon": 89.81044, "lat": 24.301674, "near_bridge": false }, "geometry": { "type": "LineString", "coordinates": [ [ 783810.725794161437079, 2690898.994401459116489 ], [ 789120.056493825512007, 2689463.37344814138487 ] ] } },
{ "type": "Feature", "properties": { "transect_id": "E-67100", "bank": "E", "chainage_m": 67100.0, "x0": 785204.17773617001, "y0": 2690315.0499911825, "nx": 0.95890174755305779, "ny": -0.28373832758316592, "lon": 89.809865, "lat": 24.299948, "near_bridge": false }, "geometry": { "type": "LineString", "coordinates": [ [ 783765.825114840408787, 2690740.657482557464391 ], [ 789039.784726382233202, 2689180.096680849790573 ] ] } },
{ "type": "Feature", "properties": { "transect_id": "E-67300", "bank": "E", "chainage_m": 67300.0, "x0": 785145.38758499234, "y0": 2690123.8900304181, "nx": 0.95287740445609859, "ny": -0.30335565278565102, "lon": 89.809248, "lat": 24.298234, "near_bridge": false }, "geometry": { "type": "LineString", "coordinates": [ [ 783716.071478308178484, 2690578.923509596381336 ], [ 788956.897202816675417, 2688910.467419275548309 ] ] } },
{ "type": "Feature", "properties": { "transect_id": "E-67500", "bank": "E", "chainage_m": 67500.0, "x0": 785083.00931800192, "y0": 2689933.8686901885, "nx": 0.94752530434838145, "ny": -0.31968077455409671, "lon": 89.808596, "lat": 24.296531, "near_bridge": false }, "geometry": { "type": "LineString", "coordinates": [ [ 783661.721361479372717, 2690413.389852019492537 ], [ 788873.110535395448096, 2688655.145591971930116 ] ] } },
{ "type": "Feature", "properties": { "transect_id": "E-67700", "bank": "E", "chainage_m": 67700.0, "x0": 785017.70728128846, "y0": 2689744.8311946099, "nx": 0.94322877352858014, "ny": -0.33214376523994921, "lon": 89.807916, "lat": 24.294838, "near_bridge": false }, "geometry": { "type": "LineString", "coordinates": [ [ 783602.864120995625854, 2690243.046842469833791 ], [ 788790.622375402832404, 2688416.256133649963886 ] ] } },
{ "type": "Feature", "properties": { "transect_id": "E-67900", "bank": "E", "chainage_m": 67900.0, "x0": 784950.37090627872, "y0": 2689556.508284376, "nx": 0.9403765980853398, "ny": -0.34013505225636964, "lon": 89.807216, "lat": 24.293151, "near_bridge": false }, "geometry": { "type": "LineString", "coordinates": [ [ 783539.806009150692262, 2690066.710862760432065 ], [ 788711.877298620063812, 2688195.96807535039261 ] ] } },
{ "type": "Feature", "properties": { "transect_id": "E-68100", "bank": "E", "chainage_m": 68100.0, "x0": 784881.87930891081, "y0": 2689368.6018651929, "nx": 0.93911234125843068, "ny": -0.34361025959087582, "lon": 89.806505, "lat": 24.291469, "near_bridge": false }, "geometry": { "type": "LineString", "coordinates": [ [ 783473.210797023144551, 2689884.017254579346627 ], [ 788638.328673944575712, 2687994.160826829262078 ] ] } },
{ "type": "Feature", "properties": { "transect_id": "E-68300", "bank": "E", "chainage_m": 68300.0, "x0": 784813.16994422022, "y0": 2689180.7747939648, "nx": 0.93961916698624159, "ny": -0.34222188859288538, "lon": 89.805791, "lat": 24.289787, "near_bridge": false }, "geometry": { "type": "LineString", "coordinates": [ [ 783403.74119374086149, 2689694.107626853976399 ], [ 788571.646612165146507, 2687811.887239593081176 ] ] } },
{ "type": "Feature", "properties": { "transect_id": "E-68500", "bank": "E", "chainage_m": 68500.0, "x0": 784745.25256651349, "y0": 2688992.6605781303, "nx": 0.94200573209390681, "ny": -0.33559678291399431, "lon": 89.805085, "lat": 24.288102, "near_bridge": false }, "geometry": { "type": "LineString", "coordinates": [ [ 783332.243968372582458, 2689496.055752501357347 ], [ 788513.275494889123365, 2687650.273446474224329 ] ] } },
{ "type": "Feature", "properties": { "transect_id": "E-68700", "bank": "E", "chainage_m": 68700.0, "x0": 784679.21363970835, "y0": 2688803.8803619016, "nx": 0.946281142347702, "ny": -0.32334501640991514, "lon": 89.804398, "lat": 24.286411, "near_bridge": false }, "geometry": { "type": "LineString", "coordinates": [ [ 783259.791926186764613, 2689288.897886516526341 ], [ 788464.338209099136293, 2687510.500296262092888 ] ] } },
{ "type": "Feature", "properties": { "transect_id": "E-68900", "bank": "E", "chainage_m": 68900.0, "x0": 784616.21613207425, "y0": 2688614.0658040983, "nx": 0.95231821328169153, "ny": -0.30510657261351581, "lon": 89.80374, "lat": 24.28471, "near_bridge": false }, "geometry": { "type": "LineString", "coordinates": [ [ 783187.738812151714228, 2689071.725663018412888 ], [ 788425.488985200994648, 2687393.639513644389808 ] ] } },
{ "type": "Feature", "properties": { "transect_id": "E-69100", "bank": "E", "chainage_m": 69100.0, "x0": 784557.48814530892, "y0": 2688422.889440374, "nx": 0.95982257570994733, "ny": -0.28060759640024457, "lon": 89.803124, "lat": 24.282996, "near_bridge": false }, "geometry": { "type": "LineString", "coordinates": [ [ 783117.754281744011678, 2688843.800834974274039 ], [ 788396.778448148746975, 2687300.459054773207754 ] ] } },
{ "type": "Feature", "properties": { "transect_id": "E-69300", "bank": "E", "chainage_m": 69300.0, "x0": 784504.29417422693, "y0": 2688230.1017232765, "nx": 0.96829993340237597, "ny": -0.24979039007326553, "lon": 89.802563, "lat": 24.281267, "near_bridge": false }, "geometry": { "type": "LineString", "coordinates": [ [ 783051.844274123315699, 2688604.787308386527002 ], [ 788377.493907836382277, 2687230.940162983257324 ] ] } },
{ "type": "Feature", "properties": { "transect_id": "E-69500", "bank": "E", "chainage_m": 69500.0, "x0": 784457.89150912396, "y0": 2688035.5689496347, "nx": 0.97712744334732526, "ny": -0.21265455428351279, "lon": 89.802067, "lat": 24.27952, "near_bridge": false }, "geometry": { "type": "LineString", "coordinates": [ [ 782992.200344102922827, 2688354.550781060010195 ], [ 788366.40128251328133, 2687184.950732500758022 ] ] } },
{ "type": "Feature", "properties": { "transect_id": "E-69700", "bank": "E", "chainage_m": 69700.0, "x0": 784419.48275182559, "y0": 2687839.3041398935, "nx": 0.9853575198424197, "ny": -0.1705009034873288, "lon": 89.801651, "lat": 24.277757, "near_bridge": false }, "geometry": { "type": "LineString", "coordinates": [ [ 782941.446472061914392, 2688095.055495124310255 ], [ 788360.912831195280887, 2687157.300525944214314 ] ] } },
{ "type": "Feature", "properties": { "transect_id": "E-69900", "bank": "E", "chainage_m": 69900.0, "x0": 784389.88907068421, "y0": 2687641.5219402723, "nx": 0.99219228949035521, "ny": -0.12471752353172907, "lon": 89.80132, "lat": 24.275978, "near_bridge": false }, "geometry": { "type": "LineString", "coordinates": [ [ 782901.600636448711157, 2687828.598225569818169 ], [ 788358.658228645683266, 2687142.651846145279706 ] ] } },
{ "type": "Feature", "properties": { "transect_id": "E-70100", "bank": "E", "chainage_m": 70100.0, "x0": 784369.69557078276, "y0": 2687442.5622608592, "nx": 0.99702824709227222, "ny": -0.077036838591098403, "lon": 89.801082, "lat": 24.274187, "near_bridge": false }, "geometry": { "type": "LineString", "coordinates": [ [ 782874.153200144297443, 2687558.11751874582842 ], [ 788357.808559151832014, 2687134.4149064947851 ] ] } },
{ "type": "Feature", "properties": { "transect_id": "E-70300", "bank": "E", "chainage_m": 70300.0, "x0": 784359.05784029816, "y0": 2687242.8635669309, "nx": 0.99955739240424812, "ny": -0.029749273772984305, "lon": 89.800938, "lat": 24.272387, "near_bridge": false }, "geometry": { "type": "LineString", "coordinates": [ [ 782859.721751691773534, 2687287.487477590329945 ], [ 788357.287409915123135, 2687123.866471839137375 ] ] } },
{ "type": "Feature", "properties": { "transect_id": "E-70500", "bank": "E", "chainage_m": 70500.0, "x0": 784357.65662161366, "y0": 2687042.8846668052, "nx": 0.99989123840702976, "ny": 0.014748266232213685, "lon": 89.800884, "lat": 24.270584, "near_bridge": false }, "geometry": { "type": "LineString", "coordinates": [ [ 782857.819764003157616, 2687020.762267456855625 ], [ 788357.221575241768733, 2687101.877731733955443 ] ] } },
{ "type": "Feature", "properties": { "transect_id": "E-70700", "bank": "E", "chainage_m": 70700.0, "x0": 784364.7071877392, "y0": 2686843.0218611592, "nx": 0.99852561037466048, "ny": 0.054282643873633796, "lon": 89.800914, "lat": 24.268779, "near_bridge": false }, "geometry": { "type": "LineString", "coordinates": [ [ 782866.918772177188657, 2686761.597895348910242 ], [ 788358.809629237861373, 2687060.152436653617769 ] ] } },
{ "type": "Feature", "properties": { "transect_id": "E-70900", "bank": "E", "chainage_m": 70900.0, "x0": 784379.03345188033, "y0": 2686643.5447009923, "nx": 0.99619479945386558, "ny": 0.087154584165564611, "lon": 89.801016, "lat": 24.266977, "near_bridge": false }, "geometry": { "type": "LineString", "coordinates": [ [ 782884.741252699517645, 2686512.812824743799865 ], [ 788363.812649695784785, 2686992.163037654478103 ] ] } },
{ "type": "Feature", "properties": { "transect_id": "E-71100", "bank": "E", "chainage_m": 71100.0, "x0": 784399.17710992065, "y0": 2686444.5671881572, "nx": 0.99367986990284785, "ny": 0.11225112983778532, "lon": 89.801175, "lat": 24.265178, "near_bridge": false }, "geometry": { "type": "LineString", "coordinates": [ [ 782908.657305066357367, 2686276.190493400674313 ], [ 788373.896589532028884, 2686893.571707508526742 ] ] } },
{ "type": "Feature", "properties": { "transect_id": "E-71300", "bank": "E", "chainage_m": 71300.0, "x0": 784423.51607102656, "y0": 2686246.0562760434, "nx": 0.99164015027106911, "ny": 0.12903415195354884, "lon": 89.801375, "lat": 24.263383, "near_bridge": false }, "geometry": { "type": "LineString", "coordinates": [ [ 782936.055845619994216, 2686052.505048112943769 ], [ 788390.076672110822983, 2686762.192883857525885 ] ] } },
{ "type": "Feature", "properties": { "transect_id": "E-71500", "bank": "E", "chainage_m": 71500.0, "x0": 784450.37286070699, "y0": 2686047.868432241, "nx": 0.99050430544255508, "ny": 0.1374817111464709, "lon": 89.8016, "lat": 24.261591, "near_bridge": false }, "geometry": { "type": "LineString", "coordinates": [ [ 782964.616402543149889, 2685841.645865521393716 ], [ 788412.390082477242686, 2686597.795276826713234 ] ] } },
{ "type": "Feature", "properties": { "transect_id": "E-71700", "bank": "E", "chainage_m": 71700.0, "x0": 784478.10436937888, "y0": 2685849.80037732, "nx": 0.99044869583784789, "ny": 0.13788176425149948, "lon": 89.801834, "lat": 24.259799, "near_bridge": false }, "geometry": { "type": "LineString", "coordinates": [ [ 782992.431325622135773, 2685642.977730942890048 ], [ 788439.899152730242349, 2686401.327434326056391 ] ] } },
{ "type": "Feature", "properties": { "transect_id": "E-71900", "bank": "E", "chainage_m": 71900.0, "x0": 784505.15548889863, "y0": 2685651.6386759933, "nx": 0.99139733454705081, "ny": 0.13088668783724025, "lon": 89.802061, "lat": 24.258006, "near_bridge": false }, "geometry": { "type": "LineString", "coordinates": [ [ 783018.059487078106031, 2685455.308644237462431 ], [ 788470.744827086804435, 2686175.185427342075855 ] ] } },
{ "type": "Feature", "properties": { "transect_id": "E-72100", "bank": "E", "chainage_m": 72100.0, "x0": 784530.13497848285, "y0": 2685453.2065067776, "nx": 0.99308036417688328, "ny": 0.11743675015219418, "lon": 89.802267, "lat": 24.256212, "near_bridge": false }, "geometry": { "type": "LineString", "coordinates": [ [ 783040.514432217576541, 2685277.051381549332291 ], [ 788502.456435190397315, 2685922.953507386147976 ] ] } },
{ "type": "Feature", "properties": { "transect_id": "E-72300", "bank": "E", "chainage_m": 72300.0, "x0": 784551.86647341144, "y0": 2685254.3941824147, "nx": 0.99511235691662336, "ny": 0.09874916258805759, "lon": 89.802442, "lat": 24.254414, "near_bridge": false }, "geometry": { "type": "LineString", "coordinates": [ [ 783059.197938036522828, 2685106.270438532810658 ], [ 788532.315901077934541, 2685649.390832766890526 ] ] } },
{ "type": "Feature", "properties": { "transect_id": "E-72500", "bank": "E", "chainage_m": 72500.0, "x0": 784569.44674933015, "y0": 2685055.1735213506, "nx": 0.99708321535834032, "ny": 0.076322091498290751, "lon": 89.802575, "lat": 24.252614, "near_bridge": false }, "geometry": { "type": "LineString", "coordinates": [ [ 783073.82192629261408, 2684940.690384102985263 ], [ 788557.779610763536766, 2685360.461887343786657 ] ] } },
{ "type": "Feature", "properties": { "transect_id": "E-72700", "bank": "E", "chainage_m": 72700.0, "x0": 784582.29000045068, "y0": 2684855.592573497, "nx": 0.99865636113130862, "ny": 0.051821543512069523, "lon": 89.802662, "lat": 24.250811, "near_bridge": false }, "geometry": { "type": "LineString", "coordinates": [ [ 783084.305458753718995, 2684777.860258229076862 ], [ 788576.915444975951687, 2685062.878747545182705 ] ] } },
{ "type": "Feature", "properties": { "transect_id": "E-72900", "bank": "E", "chainage_m": 72900.0, "x0": 784590.16199772491, "y0": 2684655.7539889207, "nx": 0.99963361546808582, "ny": 0.027067227900231281, "lon": 89.8027, "lat": 24.249007, "near_bridge": false }, "geometry": { "type": "LineString", "coordinates": [ [ 783090.711574522778392, 2684615.153147070202976 ], [ 788588.696459597209468, 2684764.022900521755219 ] ] } },
{ "type": "Feature", "properties": { "transect_id": "E-73100", "bank": "E", "chainage_m": 73100.0, "x0": 784593.19462600746, "y0": 2684455.7826792062, "nx": 0.99999252009465278, "ny": 0.003867784216529687, "lon": 89.80269, "lat": 24.247202, "near_bridge": false }, "geometry": { "type": "LineString", "coordinates": [ [ 783093.205845865537412, 2684449.981002881657332 ], [ 788593.16470638604369, 2684471.253816072363406 ] ] } },
{ "type": "Feature", "properties": { "transect_id": "E-73300", "bank": "E", "chainage_m": 73300.0, "x0": 784591.8713680947, "y0": 2684255.7913254746, "nx": 0.99987031606527499, "ny": -0.016104379886453437, "lon": 89.802638, "lat": 24.245398, "near_bridge": false }, "geometry": { "type": "LineString", "coordinates": [ [ 783092.06589399673976, 2684279.947895304299891 ], [ 788591.352632355759852, 2684191.373805928975344 ] ] } },
{ "type": "Feature", "properties": { "transect_id": "E-73500", "bank": "E", "chainage_m": 73500.0, "x0": 784586.98722888972, "y0": 2684055.8535306794, "nx": 0.99950685202383593, "ny": -0.031401476993952571, "lon": 89.80255, "lat": 24.243596, "near_bridge": false }, "geometry": { "type": "LineString", "coordinates": [ [ 783087.726950853946619, 2684102.955746170133352 ], [ 788585.0146369850263, 2683930.24762270366773 ] ] } },
{ "type": "Feature", "properties": { "transect_id": "E-73700", "bank": "E", "chainage_m": 73700.0, "x0": 784579.60795365239, "y0": 2683855.9907239, "nx": 0.99916795671569358, "ny": -0.04078473087548614, "lon": 89.802438, "lat": 24.241794, "near_bridge": false }, "geometry": { "type": "LineString", "coordinates": [ [ 783080.856018578866497, 2683917.167820213362575 ], [ 788576.279780515120365, 2683692.851800397969782 ] ] } },
{ "type": "Feature", "properties": { "transect_id": "E-73900", "bank": "E", "chainage_m": 73900.0, "x0": 784571.01476858556, "y0": 2683656.1755271736, "nx": 0.99905995489841093, "ny": -0.043349815667255938, "lon": 89.802314, "lat": 24.239993, "near_bridge": false }, "geometry": { "type": "LineString", "coordinates": [ [ 783072.42483623791486, 2683721.200250674504787 ], [ 788567.254588179173879, 2683482.776264504529536 ] ] } },
{ "type": "Feature", "properties": { "transect_id": "E-74100", "bank": "E", "chainage_m": 74100.0, "x0": 784562.64250744728, "y0": 2683456.3510656361, "nx": 0.99926064722442864, "ny": -0.038446832231225483, "lon": 89.802192, "lat": 24.238192, "near_bridge": false }, "geometry": { "type": "LineString", "coordinates": [ [ 783063.751536610652693, 2683514.021313983015716 ], [ 788559.685096345026977, 2683302.563736711163074 ] ] } },
{ "type": "Feature", "properties": { "transect_id": "E-74300", "bank": "E", "chainage_m": 74300.0, "x0": 784556.02857546334, "y0": 2683256.4620541781, "nx": 0.99966938431923125, "ny": -0.025712293845727433, "lon": 89.802087, "lat": 24.23639, "near_bridge": false }, "geometry": { "type": "LineString", "coordinates": [ [ 783056.524498984450474, 2683295.030494946520776 ], [ 788554.70611274021212, 2683153.612878795247525 ] ] } },
{ "type": "Feature", "properties": { "transect_id": "E-74500", "bank": "E", "chainage_m": 74500.0, "x0": 784552.75354430417, "y0": 2683056.4931609938, "nx": 0.99998708436343342, "ny": -0.0050824311426224712, "lon": 89.802016, "lat": 24.234586, "near_bridge": false }, "geometry": { "type": "LineString", "coordinates": [ [ 783052.772917759022675, 2683064.116807707585394 ], [ 788552.701881757937372, 2683036.163436423521489 ] ] } },
{ "type": "Feature", "properties": { "transect_id": "E-74700", "bank": "E", "chainage_m": 74700.0, "x0": 784554.37756931805, "y0": 2682856.5078964792, "nx": 0.99973169447029353, "ny": 0.023163313052228223, "lon": 89.801992, "lat": 24.232782, "near_bridge": false }, "geometry": { "type": "LineString", "coordinates": [ [ 783054.780027612578124, 2682821.762926900759339 ], [ 788553.304347199271433, 2682949.161148688290268 ] ] } },
{ "type": "Feature", "properties": { "transect_id": "E-74900", "bank": "E", "chainage_m": 74900.0, "x0": 784562.36677049822, "y0": 2682656.6803156491, "nx": 0.99829638655865138, "ny": 0.058346590165489674, "lon": 89.802031, "lat": 24.230978, "near_bridge": false }, "geometry": { "type": "LineString", "coordinates": [ [ 783064.922190660261549, 2682569.160430401097983 ], [ 788555.552316732821055, 2682890.066676311194897 ] ] } },
{ "type": "Feature", "properties": { "transect_id": "E-75100", "bank": "E", "chainage_m": 75100.0, "x0": 784578.00558336137, "y0": 2682457.310367235, "nx": 0.99505460709570082, "ny": 0.099329395939070586, "lon": 89.802146, "lat": 24.229176, "near_bridge": false }, "geometry": { "type": "LineString", "coordinates": [ [ 783085.423672717879526, 2682308.316273326519877 ], [ 788558.224011744139716, 2682854.627950991038233 ] ] } },
{ "type": "Feature", "properties": { "transect_id": "E-75300", "bank": "E", "chainage_m": 75300.0, "x0": 784602.30678923137, "y0": 2682258.8144887364, "nx": 0.98949938391450887, "ny": 0.14453708601188572, "lon": 89.802346, "lat": 24.227381, "near_bridge": false }, "geometry": { "type": "LineString", "coordinates": [ [ 783118.057713359594345, 2682042.008859718684107 ], [ 788560.304324889439158, 2682836.96283278381452 ] ] } },
{ "type": "Feature", "properties": { "transect_id": "E-75500", "bank": "E", "chainage_m": 75500.0, "x0": 784635.9294460892, "y0": 2682061.6869484028, "nx": 0.98137977876988369, "ny": 0.19207740580707125, "lon": 89.802637, "lat": 24.225597, "near_bridge": false }, "geometry": { "type": "LineString", "coordinates": [ [ 783163.859777934383601, 2681773.570839692372829 ], [ 788561.448561168741435, 2682829.996571631170809 ] ] } },
{ "type": "Feature", "properties": { "transect_id": "E-75700", "bank": "E", "chainage_m": 75700.0, "x0": 784679.14615361916, "y0": 2681866.4405861381, "nx": 0.97078132751838375, "ny": 0.23996586036693776, "lon": 89.803024, "lat": 24.223828, "near_bridge": false }, "geometry": { "type": "LineString", "coordinates": [ [ 783222.974162341561168, 2681506.49179558781907 ], [ 788562.271463692653924, 2682826.304027605801821 ] ] } },
{ "type": "Feature", "properties": { "transect_id": "E-75900", "bank": "E", "chainage_m": 75900.0, "x0": 784731.81800745451, "y0": 2681673.5304482947, "nx": 0.95816672064508568, "ny": 0.28621064873313551, "lon": 89.803504, "lat": 24.222078, "near_bridge": false }, "geometry": { "type": "LineString", "coordinates": [ [ 783294.567926486837678, 2681244.21447519492358 ], [ 788564.48489003488794, 2682818.373043227475137 ] ] } },
{ "type": "Feature", "properties": { "transect_id": "E-76100", "bank": "E", "chainage_m": 76100.0, "x0": 784793.45595392655, "y0": 2681483.2937026331, "nx": 0.94422279600542203, "ny": 0.32930732075631597, "lon": 89.804073, "lat": 24.220351, "near_bridge": false }, "geometry": { "type": "LineString", "coordinates": [ [ 783377.121759918401949, 2680989.332721498794854 ], [ 788570.347137948265299, 2682800.522985658608377 ] ] } },
{ "type": "Feature", "properties": { "transect_id": "E-76300", "bank": "E", "chainage_m": 76300.0, "x0": 784863.3127216401, "y0": 2681295.9148539002, "nx": 0.92974670262480374, "ny": 0.36819976773255153, "lon": 89.804723, "lat": 24.218648, "near_bridge": false }, "geometry": { "type": "LineString", "coordinates": [ [ 783468.692667702911422, 2680743.615202301181853 ], [ 788582.299532139324583, 2682768.713924830313772 ] ] } },
{ "type": "Feature", "properties": { "transect_id": "E-76500", "bank": "E", "chainage_m": 76500.0, "x0": 784940.48231441132, "y0": 2681111.4207380586, "nx": 0.91549267961580993, "ny": 0.40233462884751042, "lon": 89.805445, "lat": 24.216969, "near_bridge": false }, "geometry": { "type": "LineString", "coordinates": [ [ 783567.243294987594709, 2680507.918794787488878 ], [ 788602.453032874502242, 2682720.759253448806703 ] ] } },
{ "type": "Feature", "properties": { "transect_id": "E-76700", "bank": "E", "chainage_m": 76700.0, "x0": 785023.98945189989, "y0": 2680929.6990358066, "nx": 0.90190772414594755, "ny": 0.43192876394826663, "lon": 89.806231, "lat": 24.215315, "near_bridge": false }, "geometry": { "type": "LineString", "coordinates": [ [ 783671.127865680959076, 2680281.805889884009957 ], [ 788631.620348483673297, 2682657.414091599639505 ] ] } },
{ "type": "Feature", "properties": { "transect_id": "E-76900", "bank": "E", "chainage_m": 76900.0, "x0": 785113.07805195416, "y0": 2680750.6434530914, "nx": 0.88928729653000183, "ny": 0.45734899609637375, "lon": 89.807072, "lat": 24.213683, "near_bridge": false }, "geometry": { "type": "LineString", "coordinates": [ [ 783779.147107159136795, 2680064.619958946947008 ], [ 788670.227238074177876, 2682580.039437477011234 ] ] } },
{ "type": "Feature", "properties": { "transect_id": "E-77100", "bank": "E", "chainage_m": 77100.0, "x0": 785206.60843940265, "y0": 2680573.8677724237, "nx": 0.87895510224967577, "ny": 0.47690452737341665, "lon": 89.807957, "lat": 24.212072, "near_bridge": false }, "geometry": { "type": "LineString", "coordinates": [ [ 783888.175786028150469, 2679858.510981363710016 ], [ 788722.428848401410505, 2682481.485881917178631 ] ] } },
{ "type": "Feature", "properties": { "transect_id": "E-77300", "bank": "E", "chainage_m": 77300.0, "x0": 785303.63172644121, "y0": 2680398.9830825222, "nx": 0.87036973667735529, "ny": 0.4923987423584581, "lon": 89.808876, "lat": 24.210476, "near_bridge": false }, "geometry": { "type": "LineString", "coordinates": [ [ 783998.077121425187215, 2679660.384968984406441 ], [ 788785.110673150629736, 2682368.578051955904812 ] ] } },
{ "type": "Feature", "properties": { "transect_id": "E-77500", "bank": "E", "chainage_m": 77500.0, "x0": 785403.38677788014, "y0": 2680225.6392200021, "nx": 0.8634337244600625, "ny": 0.5044622914203053, "lon": 89.809823, "lat": 24.208894, "near_bridge": false }, "geometry": { "type": "LineString", "coordinates": [ [ 784108.236191190080717, 2679468.945782871451229 ], [ 788857.121675720438361, 2682243.488385683391243 ] ] } },
{ "type": "Feature", "properties": { "transect_id": "E-77700", "bank": "E", "chainage_m": 77700.0, "x0": 785505.29670555866, "y0": 2680053.5519571668, "nx": 0.85799443051692503, "ny": 0.51365898921554731, "lon": 89.810792, "lat": 24.207324, "near_bridge": false }, "geometry": { "type": "LineString", "coordinates": [ [ 784218.305059783277102, 2679283.063473343383521 ], [ 788937.274427626398392, 2682108.187914028763771 ] ] } },
{ "type": "Feature", "properties": { "transect_id": "E-77900", "bank": "E", "chainage_m": 77900.0, "x0": 785608.65756448149, "y0": 2679882.3319810331, "nx": 0.85454228357614614, "ny": 0.51938183023712481, "lon": 89.811774, "lat": 24.20576, "near_bridge": false }, "geometry": { "type": "LineString", "coordinates": [ [ 784326.844139117281884, 2679103.259235677309334 ], [ 789026.826698786113411, 2681959.859301981516182 ] ] } },
{ "type": "Feature", "properties": { "transect_id": "E-78100", "bank": "E", "chainage_m": 78100.0, "x0": 785712.94618682843, "y0": 2679711.6750696613, "nx": 0.85230485063911843, "ny": 0.5230453532697048, "lon": 89.812766, "lat": 24.204202, "near_bridge": false }, "geometry": { "type": "LineString", "coordinates": [ [ 784434.488910869695246, 2678927.107039756607264 ], [ 789122.165589384851046, 2681803.856482740025967 ] ] } },
{ "type": "Feature", "properties": { "transect_id": "E-78300", "bank": "E", "chainage_m": 78300.0, "x0": 785817.79983037908, "y0": 2679541.3644873658, "nx": 0.85100503159733232, "ny": 0.52515753464653192, "lon": 89.813764, "lat": 24.202646, "near_bridge": false }, "geometry": { "type": "LineString", "coordinates": [ [ 784541.292282983078621, 2678753.628185396082699 ], [ 789221.819956768420525, 2681641.994625952094793 ] ] } },
{ "type": "Feature", "properties": { "transect_id": "E-78500", "bank": "E", "chainage_m": 78500.0, "x0": 785922.94167517254, "y0": 2679371.2316326145, "nx": 0.85047412602787542, "ny": 0.52601688276814984, "lon": 89.814764, "lat": 24.201092, "near_bridge": false }, "geometry": { "type": "LineString", "coordinates": [ [ 784647.230486130691133, 2678582.206308462191373 ], [ 789324.83817928400822, 2681475.299163687042892 ] ] } },
{ "type": "Feature", "properties": { "transect_id": "E-78700", "bank": "E", "chainage_m": 78700.0, "x0": 786028.18171834794, "y0": 2679201.159493051, "nx": 0.85028351873223107, "ny": 0.52632493554109272, "lon": 89.815765, "lat": 24.199539, "near_bridge": false }, "geometry": { "type": "LineString", "coordinates": [ [ 784752.756440249620937, 2678411.672089739236981 ], [ 789429.315793276880868, 2681306.459235215559602 ] ] } },
{ "type": "Feature", "properties": { "transect_id": "E-78900", "bank": "E", "chainage_m": 78900.0, "x0": 786133.47222714557, "y0": 2679031.1185914767, "nx": 0.85006190011391403, "ny": 0.5266827944548047, "lon": 89.816767, "lat": 24.197986, "near_bridge": false }, "geometry": { "type": "LineString", "coordinates": [ [ 784858.379376974655315, 2678241.094399794470519 ], [ 789533.719827601220459, 2681137.849769296124578 ] ] } },
{ "type": "Feature", "properties": { "transect_id": "E-79100", "bank": "E", "chainage_m": 79100.0, "x0": 786238.8939892964, "y0": 2678861.1590465773, "nx": 0.84938924990313458, "ny": 0.52776690133901949, "lon": 89.81777, "lat": 24.196433, "near_bridge": false }, "geometry": { "type": "LineString", "coordinates": [ [ 784964.81011444167234, 2678069.508694568648934 ], [ 789636.45098890888039, 2680972.226651933509856 ] ] } },
{ "type": "Feature", "properties": { "transect_id": "E-79300", "bank": "E", "chainage_m": 79300.0, "x0": 786344.63423045177, "y0": 2678691.3975577666, "nx": 0.84801970247530001, "ny": 0.52996470091290404, "lon": 89.818777, "lat": 24.194883, "near_bridge": false }, "geometry": { "type": "LineString", "coordinates": [ [ 785072.604676738847047, 2677896.450506397057325 ], [ 789736.713040353031829, 2680811.256361418403685 ] ] } },
{ "type": "Feature", "properties": { "transect_id": "E-79500", "bank": "E", "chainage_m": 79500.0, "x0": 786450.95328864385, "y0": 2678521.9981594798, "nx": 0.84568662253351923, "ny": 0.53367980706398188, "lon": 89.819789, "lat": 24.193335, "near_bridge": false }, "geometry": { "type": "LineString", "coordinates": [ [ 785182.423354843631387, 2677721.478448883630335 ], [ 789833.699778777896427, 2680656.717387735843658 ] ] } },
{ "type": "Feature", "properties": { "transect_id": "E-79700", "bank": "E", "chainage_m": 79700.0, "x0": 786558.26256001182, "y0": 2678353.2244976661, "nx": 0.84168746789923854, "ny": 0.53996500477472453, "lon": 89.82081, "lat": 24.191793, "near_bridge": false }, "geometry": { "type": "LineString", "coordinates": [ [ 785295.731358162942342, 2677543.276990504004061 ], [ 789925.012431608745828, 2680513.084516765084118 ] ] } },
{ "type": "Feature", "properties": { "transect_id": "E-79900", "bank": "E", "chainage_m": 79900.0, "x0": 786666.99083286233, "y0": 2678185.3624009541, "nx": 0.83661729569420484, "ny": 0.54778782438578844, "lon": 89.821846, "lat": 24.190259, "near_bridge": false }, "geometry": { "type": "LineString", "coordinates": [ [ 785412.064889320987277, 2677363.680664375424385 ], [ 790013.460015639197081, 2680376.513698497321457 ] ] } },
{ "type": "Feature", "properties": { "transect_id": "E-80100", "bank": "E", "chainage_m": 80100.0, "x0": 786777.46488572576, "y0": 2678018.6449167845, "nx": 0.83023280293448443, "ny": 0.55741680359633006, "lon": 89.8229, "lat": 24.188735, "near_bridge": false }, "geometry": { "type": "LineString", "coordinates": [ [ 785532.115681324037723, 2677182.519711390137672 ], [ 790098.396097463672049, 2680248.312131169717759 ] ] } },
{ "type": "Feature", "properties": { "transect_id": "E-80300", "bank": "E", "chainage_m": 80300.0, "x0": 786890.19769034442, "y0": 2677853.4464444006, "nx": 0.82136994760983628, "ny": 0.5703958355067249, "lon": 89.823975, "lat": 24.187224, "near_bridge": false }, "geometry": { "type": "LineString", "coordinates": [ [ 785658.142768929712474, 2676997.852691140491515 ], [ 790175.677480783779174, 2680135.029786427505314 ] ] } },
{ "type": "Feature", "properties": { "transect_id": "E-80500", "bank": "E", "chainage_m": 80500.0, "x0": 787005.54669422237, "y0": 2677690.0661708317, "nx": 0.81222658358523026, "ny": 0.58334207538755944, "lon": 89.825077, "lat": 24.185729, "near_bridge": false }, "geometry": { "type": "LineString", "coordinates": [ [ 785787.206818844540976, 2676815.053057750221342 ], [ 790254.453028563293628, 2680023.434472382068634 ] ] } },
{ "type": "Feature", "properties": { "transect_id": "E-80700", "bank": "E", "chainage_m": 80700.0, "x0": 787123.56477101927, "y0": 2677528.6032359782, "nx": 0.80163140683803802, "ny": 0.59781860758165439, "lon": 89.826206, "lat": 24.184251, "near_bridge": false }, "geometry": { "type": "LineString", "coordinates": [ [ 785921.117660762160085, 2676631.875324605498463 ], [ 790330.090398371452466, 2679919.877666304819286 ] ] } },
{ "type": "Feature", "properties": { "transect_id": "E-80900", "bank": "E", "chainage_m": 80900.0, "x0": 787244.78179401916, "y0": 2677369.5277363267, "nx": 0.78957311705068112, "ny": 0.61365649416499413, "lon": 89.827366, "lat": 24.182794, "near_bridge": false }, "geometry": { "type": "LineString", "coordinates": [ [ 786060.422118443180807, 2676449.042995079420507 ], [ 790403.074262221925892, 2679824.153712986502796 ] ] } },
{ "type": "Feature", "properties": { "transect_id": "E-81100", "bank": "E", "chainage_m": 81100.0, "x0": 787368.93347183743, "y0": 2677212.7344250176, "nx": 0.77837244183305709, "ny": 0.62780278893522301, "lon": 89.828556, "lat": 24.181357, "near_bridge": false }, "geometry": { "type": "LineString", "coordinates": [ [ 786201.374809087836184, 2676271.030241614673287 ], [ 790482.423239169642329, 2679723.945580758620054 ] ] } },
{ "type": "Feature", "properties": { "transect_id": "E-81300", "bank": "E", "chainage_m": 81300.0, "x0": 787496.16237319761, "y0": 2677058.4256002591, "nx": 0.76472877505383308, "ny": 0.64435231093297396, "lon": 89.829776, "lat": 24.179942, "near_bridge": false }, "geometry": { "type": "LineString", "coordinates": [ [ 786349.069210616871715, 2676091.897133859805763 ], [ 790555.077473412966356, 2679635.834843990858644 ] ] } },
{ "type": "Feature", "properties": { "transect_id": "E-81500", "bank": "E", "chainage_m": 81500.0, "x0": 787626.34276409179, "y0": 2676906.6001700941, "nx": 0.7536742541691076, "ny": 0.65724814081337601, "lon": 89.831026, "lat": 24.178548, "near_bridge": false }, "geometry": { "type": "LineString", "coordinates": [ [ 786495.831382838077843, 2675920.727958873845637 ], [ 790641.039780768216588, 2679535.592733347788453 ] ] } },
{ "type": "Feature", "properties": { "transect_id": "E-81700", "bank": "E", "chainage_m": 81700.0, "x0": 787759.26862232352, "y0": 2676757.170344817, "nx": 0.74060827182444799, "ny": 0.67193704147427713, "lon": 89.832303, "lat": 24.177176, "near_bridge": false }, "geometry": { "type": "LineString", "coordinates": [ [ 786648.356214586878195, 2675749.264782605692744 ], [ 790721.701709621353075, 2679444.918510714080185 ] ] } },
{ "type": "Feature", "properties": { "transect_id": "E-81900", "bank": "E", "chainage_m": 81900.0, "x0": 787894.79125615384, "y0": 2676610.0922475262, "nx": 0.73044704649166103, "ny": 0.68296933479594035, "lon": 89.833607, "lat": 24.175824, "near_bridge": false }, "geometry": { "type": "LineString", "coordinates": [ [ 786799.120686416397803, 2675585.638245332054794 ], [ 790816.579442120506428, 2679341.969586709979922 ] ] } },
{ "type": "Feature", "properties": { "transect_id": "E-82100", "bank": "E", "chainage_m": 82100.0, "x0": 788032.65698406962, "y0": 2676465.2063169428, "nx": 0.71880523652491835, "ny": 0.69521150159095912, "lon": 89.834933, "lat": 24.174492, "near_bridge": false }, "geometry": { "type": "LineString", "coordinates": [ [ 786954.449129282264039, 2675422.389064556453377 ], [ 790907.877930169343017, 2679246.052323306445032 ] ] } },
{ "type": "Feature", "properties": { "transect_id": "E-82300", "bank": "E", "chainage_m": 82300.0, "x0": 788172.54879964143, "y0": 2676322.2755031441, "nx": 0.70998136549839252, "ny": 0.7042204630973441, "lon": 89.836281, "lat": 24.173177, "near_bridge": false }, "geometry": { "type": "LineString", "coordinates": [ [ 787107.576751393848099, 2675265.94480849802494 ], [ 791012.474261634983122, 2679139.157355533447117 ] ] } },
{ "type": "Feature", "properties": { "transect_id": "E-82500", "bank": "E", "chainage_m": 82500.0, "x0": 788314.3850098144, "y0": 2676181.2726326101, "nx": 0.70107441059023623, "ny": 0.7130881227559136, "lon": 89.837647, "lat": 24.171879, "near_bridge": false }, "geometry": { "type": "LineString", "coordinates": [ [ 787262.773393929004669, 2675111.640448476187885 ], [ 791118.682652175310068, 2679033.625123633537441 ] ] } },
{ "type": "Feature", "properties": { "transect_id": "E-82700", "bank": "E", "chainage_m": 82700.0, "x0": 788457.67823636159, "y0": 2676041.7501316168, "nx": 0.69355941459031689, "ny": 0.72039942978401694, "lon": 89.839028, "lat": 24.170594, "near_bridge": false }, "geometry": { "type": "LineString", "coordinates": [ [ 787417.339114476111718, 2674961.150986940599978 ], [ 791231.915894722915255, 2678923.347850752994418 ] ] } },
{ "type": "Feature", "properties": { "transect_id": "E-82900", "bank": "E", "chainage_m": 82900.0, "x0": 788602.42561170505, "y0": 2675903.7363177845, "nx": 0.68762714958916937, "ny": 0.72606398006503126, "lon": 89.840424, "lat": 24.169323, "near_bridge": false }, "geometry": { "type": "LineString", "coordinates": [ [ 787570.984887321246788, 2674814.640347687061876 ], [ 791352.934210061677732, 2678807.99223804473877 ] ] } },
{ "type": "Feature", "properties": { "transect_id": "E-83100", "bank": "E", "chainage_m": 83100.0, "x0": 788748.22578353074, "y0": 2675766.8347744988, "nx": 0.68172016879722996, "ny": 0.73161302028810027, "lon": 89.84183, "lat": 24.168061, "near_bridge": false }, "geometry": { "type": "LineString", "coordinates": [ [ 787725.645530334906653, 2674669.415244066622108 ], [ 791475.106458719703369, 2678693.286855651065707 ] ] } },
{ "type": "Feature", "properties": { "transect_id": "E-83300", "bank": "E", "chainage_m": 83300.0, "x0": 788894.86680058332, "y0": 2675630.8338727094, "nx": 0.67790340267897853, "ny": 0.73515098900583864, "lon": 89.843245, "lat": 24.166807, "near_bridge": false }, "geometry": { "type": "LineString", "coordinates": [ [ 787878.011696564848535, 2674528.107389200478792 ], [ 791606.480411299271509, 2678571.437828732654452 ] ] } },
{ "type": "Feature", "properties": { "transect_id": "E-83500", "bank": "E", "chainage_m": 83500.0, "x0": 789042.24198474188, "y0": 2675495.6285199854, "nx": 0.6748942841100446, "ny": 0.73791442950764319, "lon": 89.844667, "lat": 24.165561, "near_bridge": false }, "geometry": { "type": "LineString", "coordinates": [ [ 788029.900558576802723, 2674388.756875724066049 ], [ 791741.81912118208129, 2678447.286238016095012 ] ] } },
{ "type": "Feature", "properties": { "transect_id": "E-83700", "bank": "E", "chainage_m": 83700.0, "x0": 789190.04616397619, "y0": 2675360.8921800735, "nx": 0.67268161717543118, "ny": 0.73993205222793701, "lon": 89.846093, "lat": 24.164318, "near_bridge": false }, "geometry": { "type": "LineString", "coordinates": [ [ 788181.023738212999888, 2674250.9941017315723 ], [ 791880.772632677922957, 2678320.620388985145837 ] ] } },
{ "type": "Feature", "properties": { "transect_id": "E-83900", "bank": "E", "chainage_m": 83900.0, "x0": 789338.12806313159, "y0": 2675226.461014661, "nx": 0.67173627904328537, "ny": 0.74079036941437193, "lon": 89.847522, "lat": 24.163078, "near_bridge": false }, "geometry": { "type": "LineString", "coordinates": [ [ 788330.523644566652365, 2674115.275460539385676 ], [ 792025.073179304716177, 2678189.622492318507284 ] ] } },
{ "type": "Feature", "properties": { "transect_id": "E-84100", "bank": "E", "chainage_m": 84100.0, "x0": 789486.31869137799, "y0": 2675092.1496687587, "nx": 0.6716295319445329, "ny": 0.74088715187939902, "lon": 89.848952, "lat": 24.161839, "near_bridge": false }, "geometry": { "type": "LineString", "coordinates": [ [ 788478.874393461155705, 2673980.81894093984738 ], [ 792172.836819156073034, 2678055.698276276234537 ] ] } },
{ "type": "Feature", "properties": { "transect_id": "E-84300", "bank": "E", "chainage_m": 84300.0, "x0": 789634.4435152848, "y0": 2674957.7657746077, "nx": 0.67249684632969198, "ny": 0.74009998762100981, "lon": 89.850382, "lat": 24.1606, "near_bridge": false }, "geometry": { "type": "LineString", "coordinates": [ [ 788625.69824579032138, 2673847.61579317599535 ], [ 792324.430900603532791, 2677918.165725091472268 ] ] } },
{ "type": "Feature", "properties": { "transect_id": "E-84500", "bank": "E", "chainage_m": 84500.0, "x0": 789782.34637163463, "y0": 2674823.1377010378, "nx": 0.67405050358173424, "ny": 0.73868526357387865, "lon": 89.851809, "lat": 24.159358, "near_bridge": false }, "geometry": { "type": "LineString", "coordinates": [ [ 788771.270616261987016, 2673715.109805677086115 ], [ 792478.548385961563326, 2677777.878755333367735 ] ] } },
{ "type": "Feature", "properties": { "transect_id": "E-84700", "bank": "E", "chainage_m": 84700.0, "x0": 789929.85281466914, "y0": 2674688.075530516, "nx": 0.67649985859030026, "ny": 0.73644276174547585, "lon": 89.853232, "lat": 24.158113, "near_bridge": false }, "geometry": { "type": "LineString", "coordinates": [ [ 788915.103026783675887, 2673583.411387897562236 ], [ 792635.852249030373059, 2677633.846577497664839 ] ] } },
{ "type": "Feature", "properties": { "transect_id": "E-84900", "bank": "E", "chainage_m": 84900.0, "x0": 790076.87883266096, "y0": 2674552.4906530874, "nx": 0.67979104225411846, "ny": 0.73340584867524694, "lon": 89.85465, "lat": 24.156863, "near_bridge": false }, "geometry": { "type": "LineString", "coordinates": [ [ 789057.192269279737957, 2673452.381880074739456 ], [ 792796.043001677491702, 2677486.114047788549215 ] ] } },
{ "type": "Feature", "properties": { "transect_id": "E-85100", "bank": "E", "chainage_m": 85100.0, "x0": 790223.24054644373, "y0": 2674416.1891724993, "nx": 0.68331980726630592, "ny": 0.73011919643133527, "lon": 89.856062, "lat": 24.155606, "near_bridge": false }, "geometry": { "type": "LineString", "coordinates": [ [ 789198.260835544322617, 2673321.010377852246165 ], [ 792956.519775508902967, 2677336.665958224795759 ] ] } },
{ "type": "Feature", "properties": { "transect_id": "E-85300", "bank": "E", "chainage_m": 85300.0, "x0": 790368.81660440343, "y0": 2674279.0490211621, "nx": 0.68794222402389738, "ny": 0.72576545550546401, "lon": 89.857465, "lat": 24.154342, "near_bridge": false }, "geometry": { "type": "LineString", "coordinates": [ [ 789336.903268367634155, 2673190.40083790384233 ], [ 793120.585500499000773, 2677182.110843183938414 ] ] } },
{ "type": "Feature", "properties": { "transect_id": "E-85500", "bank": "E", "chainage_m": 85500.0, "x0": 790513.58186464407, "y0": 2674141.0533000324, "nx": 0.69277683244676114, "ny": 0.72115203696934282, "lon": 89.858861, "lat": 24.153071, "near_bridge": false }, "geometry": { "type": "LineString", "coordinates": [ [ 789474.416615973925218, 2673059.325244578532875 ], [ 793284.689194431062788, 2677025.661447909660637 ] ] } },
{ "type": "Feature", "properties": { "transect_id": "E-85700", "bank": "E", "chainage_m": 85700.0, "x0": 790657.28024432727, "y0": 2674001.9472228279, "nx": 0.69770317406039739, "ny": 0.71638696310447103, "lon": 89.860246, "lat": 24.151789, "near_bridge": false }, "geometry": { "type": "LineString", "coordinates": [ [ 789610.725483236717992, 2672927.366778171155602 ], [ 793448.092940568807535, 2676867.495075245853513 ] ] } },
{ "type": "Feature", "properties": { "transect_id": "E-85900", "bank": "E", "chainage_m": 85900.0, "x0": 790799.97076190345, "y0": 2673861.8076208737, "nx": 0.70385010476643717, "ny": 0.71034852714725571, "lon": 89.86162, "lat": 24.150499, "near_bridge": false }, "geometry": { "type": "LineString", "coordinates": [ [ 789744.195604753796943, 2672796.284830152988434 ], [ 793615.37118096917402, 2676703.201729462482035 ] ] } },
{ "type": "Feature", "properties": { "transect_id": "E-86100", "bank": "E", "chainage_m": 86100.0, "x0": 790941.5553726739, "y0": 2673720.5510284514, "nx": 0.70909263634596009, "ny": 0.70511533317602448, "lon": 89.862984, "lat": 24.149198, "near_bridge": false }, "geometry": { "type": "LineString", "coordinates": [ [ 789877.916418154956773, 2672662.878028687555343 ], [ 793777.925918057793751, 2676541.012361155357212 ] ] } },
{ "type": "Feature", "properties": { "transect_id": "E-86300", "bank": "E", "chainage_m": 86300.0, "x0": 791081.92443497316, "y0": 2673578.0862718443, "nx": 0.71514253446221965, "ny": 0.69897865160743866, "lon": 89.864335, "lat": 24.147887, "near_bridge": false }, "geometry": { "type": "LineString", "coordinates": [ [ 790009.210633279872127, 2672529.618294433224946 ], [ 793942.494572822004557, 2676374.000878273975104 ] ] } },
{ "type": "Feature", "properties": { "transect_id": "E-86500", "bank": "E", "chainage_m": 86500.0, "x0": 791221.22414412023, "y0": 2673434.5756078311, "nx": 0.72068694478127659, "ny": 0.69326064912255714, "lon": 89.865676, "lat": 24.146567, "near_bridge": false }, "geometry": { "type": "LineString", "coordinates": [ [ 790140.193726948346011, 2672394.684634147211909 ], [ 794103.971923245349899, 2676207.618204321246594 ] ] } },
{ "type": "Feature", "properties": { "transect_id": "E-86700", "bank": "E", "chainage_m": 86700.0, "x0": 791359.23513628251, "y0": 2673289.8250642163, "nx": 0.72602934821409593, "ny": 0.68766371543932359, "lon": 89.867003, "lat": 24.145236, "near_bridge": false }, "geometry": { "type": "LineString", "coordinates": [ [ 790270.191113961394876, 2672258.329491057433188 ], [ 794263.352529138908722, 2676040.479925973340869 ] ] } },
{ "type": "Feature", "properties": { "transect_id": "E-86900", "bank": "E", "chainage_m": 86900.0, "x0": 791496.25102692109, "y0": 2673144.1322243321, "nx": 0.73118584679679399, "ny": 0.68217831792285477, "lon": 89.868321, "lat": 24.143896, "near_bridge": false }, "geometry": { "type": "LineString", "coordinates": [ [ 790399.472256725886837, 2672120.864747447893023 ], [ 794420.994414108223282, 2675872.845496023539454 ] ] } },
{ "type": "Feature", "properties": { "transect_id": "E-87100", "bank": "E", "chainage_m": 87100.0, "x0": 791632.18074031931, "y0": 2672997.4253898212, "nx": 0.73538646235323235, "ny": 0.67764795505306286, "lon": 89.869627, "lat": 24.142548, "near_bridge": false }, "geometry": { "type": "LineString", "coordinates": [ [ 790529.101046789437532, 2671980.953457241412252 ], [ 794573.726589732221328, 2675708.017210033256561 ] ] } },
{ "type": "Feature", "properties": { "transect_id": "E-87300", "bank": "E", "chainage_m": 87300.0, "x0": 791767.27596036519, "y0": 2672849.9494913495, "nx": 0.73934199292927294, "ny": 0.67333009548910772, "lon": 89.870926, "lat": 24.141192, "near_bridge": false }, "geometry": { "type": "LineString", "coordinates": [ [ 790658.262970971292816, 2671839.95434811571613 ], [ 794724.643932082341053, 2675543.269873306155205 ] ] } },
{ "type": "Feature", "properties": { "transect_id": "E-87500", "bank": "E", "chainage_m": 87500.0, "x0": 791901.61275790969, "y0": 2672701.7822843343, "nx": 0.74202138335111989, "ny": 0.67037621277137394, "lon": 89.872216, "lat": 24.139831, "near_bridge": false }, "geometry": { "type": "LineString", "coordinates": [ [ 790788.580682883039117, 2671696.217965177260339 ], [ 794869.698291314183734, 2675383.28713541990146 ] ] } },
{ "type": "Feature", "properties": { "transect_id": "E-87700", "bank": "E", "chainage_m": 87700.0, "x0": 792035.4265886069, "y0": 2672553.142393087, "nx": 0.74417077038442603, "ny": 0.66798941945621393, "lon": 89.873502, "lat": 24.138465, "near_bridge": false }, "geometry": { "type": "LineString", "coordinates": [ [ 790919.170433030230924, 2671551.158263902645558 ], [ 795012.109670144622214, 2675225.100070911925286 ] ] } },
{ "type": "Feature", "properties": { "transect_id": "E-87900", "bank": "E", "chainage_m": 87900.0, "x0": 792168.89593201794, "y0": 2672404.1930064023, "nx": 0.74512263115087929, "ny": 0.66692748072544639, "lon": 89.874784, "lat": 24.137097, "near_bridge": false }, "geometry": { "type": "LineString", "coordinates": [ [ 791051.211985291680321, 2671403.801785313989967 ], [ 795149.386456621461548, 2675071.902929304167628 ] ] } },
{ "type": "Feature", "properties": { "transect_id": "E-88100", "bank": "E", "chainage_m": 88100.0, "x0": 792302.2359276996, "y0": 2672255.1277679899, "nx": 0.74527310872748731, "ny": 0.66675932195033227, "lon": 89.876064, "lat": 24.135728, "near_bridge": false }, "geometry": { "type": "LineString", "coordinates": [ [ 791184.326264608418569, 2671254.988785064313561 ], [ 795283.328362609492615, 2674922.165055791381747 ] ] } },
{ "type": "Feature", "properties": { "transect_id": "E-88300", "bank": "E", "chainage_m": 88300.0, "x0": 792435.64617997, "y0": 2672106.1254276722, "nx": 0.74463988261886271, "ny": 0.6674664375182966, "lon": 89.877346, "lat": 24.134359, "near_bridge": false }, "geometry": { "type": "LineString", "coordinates": [ [ 791318.686356041696854, 2671104.925771394744515 ], [ 795414.205710445414297, 2674775.991177745163441 ] ] } },
{ "type": "Feature", "properties": { "transect_id": "E-88500", "bank": "E", "chainage_m": 88500.0, "x0": 792569.28511438495, "y0": 2671957.3281960138, "nx": 0.74313997556059563, "ny": 0.66913599269789492, "lon": 89.878629, "lat": 24.132992, "near_bridge": false }, "geometry": { "type": "LineString", "coordinates": [ [ 791454.575151044060476, 2670953.624206967186183 ], [ 795541.845016627339646, 2674633.872166805434972 ] ] } },
{ "type": "Feature", "properties": { "transect_id": "E-88700", "bank": "E", "chainage_m": 88700.0, "x0": 792703.29246276431, "y0": 2671808.8627607618, "nx": 0.74148995385805516, "ny": 0.67096396947047698, "lon": 89.879916, "lat": 24.131628, "near_bridge": false }, "geometry": { "type": "LineString", "coordinates": [ [ 791591.057531977188773, 2670802.416806555818766 ], [ 795669.252278196508996, 2674492.718638643622398 ] ] } },
{ "type": "Feature", "properties": { "transect_id": "E-88900", "bank": "E", "chainage_m": 88900.0, "x0": 792837.73441945051, "y0": 2671660.7907623681, "nx": 0.7392074560903209, "ny": 0.67347779240333994, "lon": 89.881208, "lat": 24.130267, "near_bridge": false }, "geometry": { "type": "LineString", "coordinates": [ [ 791728.923235315014608, 2670650.574073763098568 ], [ 795794.564243811764754, 2674354.701931981369853 ] ] } },
{ "type": "Feature", "properties": { "transect_id": "E-89100", "bank": "E", "chainage_m": 89100.0, "x0": 792972.62431639282, "y0": 2671513.1267360304, "nx": 0.73743554710062487, "ny": 0.67541751078307277, "lon": 89.882504, "lat": 24.12891, "near_bridge": false }, "geometry": { "type": "LineString", "coordinates": [ [ 791866.470995741896331, 2670500.000469855964184 ], [ 795922.366504795267247, 2674214.79677916271612 ] ] } },
{ "type": "Feature", "properties": { "transect_id": "E-89300", "bank": "E", "chainage_m": 89300.0, "x0": 793107.91607052588, "y0": 2671365.8307202794, "nx": 0.73572568964918972, "ny": 0.67727963913750122, "lon": 89.883804, "lat": 24.127556, "near_bridge": false }, "geometry": { "type": "LineString", "coordinates": [ [ 792004.32753605209291, 2670349.911261572968215 ], [ 796050.818829122697935, 2674074.949276829138398 ] ] } },
{ "type": "Feature", "properties": { "transect_id": "E-89500", "bank": "E", "chainage_m": 89500.0, "x0": 793243.4684736639, "y0": 2671218.7744863355, "nx": 0.73496104835667475, "ny": 0.67810932555042891, "lon": 89.885106, "lat": 24.126204, "near_bridge": false }, "geometry": { "type": "LineString", "coordinates": [ [ 792141.026901128934696, 2670201.610498009715229 ], [ 796183.312667090562172, 2673931.211788536980748 ] ] } },
{ "type": "Feature", "properties": { "transect_id": "E-89700", "bank": "E", "chainage_m": 89700.0, "x0": 793379.09811072424, "y0": 2671071.7894510394, "nx": 0.73524396635179445, "ny": 0.67780255970546577, "lon": 89.88641, "lat": 24.124853, "near_bridge": false }, "geometry": { "type": "LineString", "coordinates": [ [ 792276.232161196530797, 2670055.08561148121953 ], [ 796320.073976131388918, 2673782.99968986120075 ] ] } },
{ "type": "Feature", "properties": { "transect_id": "E-89900", "bank": "E", "chainage_m": 89900.0, "x0": 793514.53828447638, "y0": 2670924.6299163834, "nx": 0.73681068618004419, "ny": 0.67609911457632643, "lon": 89.887711, "lat": 24.123501, "near_bridge": false }, "geometry": { "type": "LineString", "coordinates": [ [ 792409.322255206294358, 2669910.481244518887252 ], [ 796461.78102919657249, 2673629.026374688837677 ] ] } },
{ "type": "Feature", "properties": { "transect_id": "E-90100", "bank": "E", "chainage_m": 90100.0, "x0": 793649.39864773175, "y0": 2670776.9391667214, "nx": 0.74040545298837768, "ny": 0.67216052040050345, "lon": 89.889007, "lat": 24.122143, "near_bridge": false }, "geometry": { "type": "LineString", "coordinates": [ [ 792538.790468249237165, 2669768.698386120609939 ], [ 796611.020459685241804, 2673465.581248323433101 ] ] } },
{ "type": "Feature", "properties": { "transect_id": "E-90300", "bank": "E", "chainage_m": 90300.0, "x0": 793783.35725609446, "y0": 2670628.4306451282, "nx": 0.74569042063324187, "ny": 0.66629257580721923, "lon": 89.890293, "lat": 24.120779, "near_bridge": false }, "geometry": { "type": "LineString", "coordinates": [ [ 792664.821625144570135, 2669628.991781417280436 ], [ 796766.118938627419993, 2673293.600948357023299 ] ] } },
{ "type": "Feature", "properties": { "transect_id": "E-90500", "bank": "E", "chainage_m": 90500.0, "x0": 793915.70365031704, "y0": 2670478.4846774456, "nx": 0.75386033119630447, "ny": 0.65703470307784961, "lon": 89.891563, "lat": 24.119401, "near_bridge": false }, "geometry": { "type": "LineString", "coordinates": [ [ 792784.913153522531502, 2669492.932622828986496 ], [ 796931.144975102273747, 2673106.623489757068455 ] ] } },
{ "type": "Feature", "properties": { "transect_id": "E-90700", "bank": "E", "chainage_m": 90700.0, "x0": 794046.09464297607, "y0": 2670326.8373345127, "nx": 0.76402939998182884, "ny": 0.64518142871862538, "lon": 89.892814, "lat": 24.118009, "near_bridge": false }, "geometry": { "type": "LineString", "coordinates": [ [ 792900.050543003366329, 2669359.065191434696317 ], [ 797102.212242903420702, 2672907.563049387186766 ] ] } },
{ "type": "Feature", "properties": { "transect_id": "E-90900", "bank": "E", "chainage_m": 90900.0, "x0": 794173.43665891921, "y0": 2670172.6228453489, "nx": 0.77818281140647527, "ny": 0.62803782691133681, "lon": 89.894034, "lat": 24.116594, "near_bridge": false }, "geometry": { "type": "LineString", "coordinates": [ [ 793006.162441809545271, 2669230.566104982048273 ], [ 797286.167904545087367, 2672684.774152994155884 ] ] } },
{ "type": "Feature", "properties": { "transect_id": "E-91100", "bank": "E", "chainage_m": 91100.0, "x0": 794297.20015775971, "y0": 2670015.5289655211, "nx": 0.7935984014992552, "ny": 0.60844192585474166, "lon": 89.895219, "lat": 24.115154, "near_bridge": false }, "geometry": { "type": "LineString", "coordinates": [ [ 793106.802555510774255, 2669102.866076739039272 ], [ 797471.593763756682165, 2672449.296668940223753 ] ] } },
{ "type": "Feature", "properties": { "transect_id": "E-91300", "bank": "E", "chainage_m": 91300.0, "x0": 794416.11870034027, "y0": 2669854.7370090708, "nx": 0.81524336769272754, "ny": 0.57911851242471957, "lon": 89.896355, "lat": 24.113682, "near_bridge": false }, "geometry": { "type": "LineString", "coordinates": [ [ 793193.253648801124655, 2668986.05924043385312 ], [ 797677.092171111144125, 2672171.211058769840747 ] ] } },
{ "type": "Feature", "properties": { "transect_id": "E-91500", "bank": "E", "chainage_m": 91500.0, "x0": 794528.88022130262, "y0": 2669689.5829996672, "nx": 0.83720845068066907, "ny": 0.54688390916982876, "lon": 89.89743, "lat": 24.112171, "near_bridge": false }, "geometry": { "type": "LineString", "coordinates": [ [ 793273.067545281606726, 2668869.257135912310332 ], [ 797877.714024025248364, 2671877.118636346422136 ] ] } },
{ "type": "Feature", "properties": { "transect_id": "E-91700", "bank": "E", "chainage_m": 91700.0, "x0": 794634.46093774564, "y0": 2669519.7564309658, "nx": 0.86194753340792629, "ny": 0.50699748485765861, "lon": 89.898433, "lat": 24.110619, "near_bridge": false }, "geometry": { "type": "LineString", "coordinates": [ [ 793341.539637633715756, 2668759.26020367955789 ], [ 798082.251071377308108, 2671547.746370396576822 ] ] } },
{ "type": "Feature", "properties": { "transect_id": "E-91900", "bank": "E", "chainage_m": 91900.0, "x0": 794730.88361997693, "y0": 2669344.5643859454, "nx": 0.89061155202212861, "ny": 0.45476484407299472, "lon": 89.899345, "lat": 24.109021, "near_bridge": false }, "geometry": { "type": "LineString", "coordinates": [ [ 793394.966291943681426, 2668662.417119835969061 ], [ 798293.329828065470792, 2671163.623762237373739 ] ] } },
{ "type": "Feature", "properties": { "transect_id": "E-92100", "bank": "E", "chainage_m": 92100.0, "x0": 794816.22917807428, "y0": 2669163.7347502219, "nx": 0.91778466155995797, "ny": 0.3970784746183974, "lon": 89.900147, "lat": 24.107374, "near_bridge": false }, "geometry": { "type": "LineString", "coordinates": [ [ 793439.552185734384693, 2668568.117038294207305 ], [ 798487.367824314162135, 2670752.048648695461452 ] ] } },
{ "type": "Feature", "properties": { "transect_id": "E-92300", "bank": "E", "chainage_m": 92300.0, "x0": 794889.2752513598, "y0": 2668977.6194124189, "nx": 0.94333202717582698, "ny": 0.33185039777638503, "lon": 89.900827, "lat": 24.105681, "near_bridge": false }, "geometry": { "type": "LineString", "coordinates": [ [ 793474.27721059601754, 2668479.843815754167736 ], [ 798662.603360063047148, 2670305.021003524307162 ] ] } },
{ "type": "Feature", "properties": { "transect_id": "E-92500", "bank": "E", "chainage_m": 92500.0, "x0": 794948.63876415195, "y0": 2668786.708618579, "nx": 0.96214345501563481, "ny": 0.27254352307581492, "lon": 89.901371, "lat": 24.103948, "near_bridge": false }, "geometry": { "type": "LineString", "coordinates": [ [ 793505.423581628478132, 2668377.8933339654468 ], [ 798797.212584214517847, 2669876.8827108819969 ] ] } }
]
}
