tree
version=v4
num_class=1
num_tree_per_iteration=1
label_index=0
max_feature_idx=22
objective=binary sigmoid:1
feature_names=ret_28_m ret_56_m ret_84_m raw_last_change_m ret_365_m n_obs_365 dist_main_channel_m d_dist_main_28_m near_channel_width_m char_shield_frac nearbank_water_frac baseline_curvature embayment_m stage_km2 stage_change_12d stage_change_24d stage_anom_km2 inundation_m doy_sin doy_cos nb_ret_84_m nb_ret_365_m bank_height_m
feature_infos=[-4640:4640] [-4700:4930] [-4700:4640] [-4630:4660] [-3955:3945] [1:33] [134.53624047073708:11873.0324685819] [-11264.612279880967:11057.465315549834] [0:640.31242374328485] [0:0.9821428571428571] [0:1] [-0.50101912497769652:0.30260204625954285] [-3720:3937] [86.839100000000002:1191.0655999999999] [-504.71499999999992:572.19309999999996] [-423.6739:639.0687999999999] [-430.70815714285709:417.6736666666668] [-2675:4640] [-0.9999994220246925:0.99998555065071859] [-0.99994220302044157:0.9999907524084426] [-4350:4381.666666666667] [-3342.5:3419.1666666666665] [-10.220717430114746:20.533714294433594]
tree_sizes=1700 1727 1726 1759 1746 1758 1740 1753 1755 1760 1753 1751 1744 1750 1773 1755 1743 1750 1773 1766 1759 1765 1772 1768 1756 1777 1752 1757 1757 1769 1769 1762 1753 1765 1769 1761 1759 1762 1765 1769 1753 1762 1766 1763 1764 1776 1754 1767 1765 1778 1766 1753 1774 1767 1760 1765 1740 1752 1769 1754 1764 1761 1770 1755 1747 1770 1770 1765 1759 1760 1750 1756 1762 1757 1763 1768 1761 1733 1761 1767 1754 1745 1756 1754 1766 1763 1746 1753 1736 1748 1754 1765 1769 1762 1777 1771 1767 1739 1760 1730 1760 1761 1742 1766 1746 1766 1747 1764 1754 1747 1756 1752 1731 1780 1772 1777 1768 1755 1747 1770 1755 1754 1766 1765 1770 1767 1765 1768 1757 1754 1761 1757 1749 1776 1753 1749 1750 1764 1731 1760 1754

Tree=0
num_leaves=15
num_cat=0
split_feature=17 13 19 2 3 19 21 3 18 17 3 3 3 6
split_gain=6346.96 2792.87 2676.9 1453.96 1158.72 733.276 667.296 661.349 562.609 489.351 379.072 367.711 323.149 304.05
threshold=-23.749999999999996 472.41710000000006 0.35041260675351149 -42.499999999999993 25.000000000000004 -0.82392609716564713 -338.95833333333331 75.000000000000014 -0.1350501201252472 -218.74999999999997 45.000000000000007 45.000000000000007 95.000000000000014 2566.6807105911621
decision_type=8 2 2 8 10 2 10 10 2 10 10 8 10 2
left_child=2 3 7 6 -3 8 -2 9 -6 -1 13 -4 -10 -5
right_child=1 4 11 10 5 -7 -8 -9 12 -11 -12 -13 -14 -15
leaf_value=-1.7205602821153938 -1.7366761927102115 -2.7350403909477721 -2.565559916314347 -2.6069088175448041 -2.6187997623089356 -2.64835554919321 -2.3067747469391846 -1.5949981905838364 -2.4504867319804493 -2.2133135269912159 -2.0834957791402098 -2.2246582054760724 -2.0392593430406354 -2.223579840570745
leaf_weight=28.190688192844391 33.646950423717499 4313.3571689128876 163.50599151849747 247.53242987394333 61.413262665271759 471.72418242692947 56.138875842094421 40.921966731548309 35.586954772472382 81.662058055400848 15.762535333633421 38.557586431503296 44.620100021362305 21.643173515796661
leaf_count=465 555 71148 2697 4083 1013 7781 926 675 587 1347 260 636 736 357
internal_value=-2.66935 -2.69672 -2.25929 -2.4339 -2.71675 -2.58824 -2.08522 -1.94175 -2.38954 -2.07945 -2.54544 -2.49864 -2.21678 -2.57455
internal_weight=5654.26 5301.43 352.838 374.724 4926.7 613.344 89.7858 150.775 141.62 109.853 284.938 202.064 80.2071 269.176
internal_count=93266 87446 5820 6181 81265 10117 1481 2487 2336 1812 4700 3333 1323 4440
is_linear=0
shrinkage=1


Tree=1
num_leaves=15
num_cat=0
split_feature=2 19 13 18 3 22 3 18 0 4 19 4 20 18
split_gain=4240.48 2256.95 805.223 626.388 503.468 492.889 375.092 311.227 298.09 244.215 200.802 197.817 196.861 156.831
threshold=-42.499999999999993 0.080547328232315238 472.41710000000006 -0.1350501201252472 25.000000000000004 1.7696485519409182 -194.99999999999997 -0.3169700421330815 -37.499999999999993 -31.249999999999996 -0.82392609716564713 98.750000000000014 -229.58333333333329 0.82891651592369076
decision_type=8 2 2 2 10 10 10 2 10 10 2 8 10 2
left_child=1 3 5 -1 -4 6 -2 -3 -9 -5 -6 -7 13 -11
right_child=2 7 4 9 10 11 -8 8 -10 12 -12 -13 -14 -15
leaf_value=0.015078192557255225 -0.0046342650411540639 -0.038864930040693468 -0.072001829817183283 0.42813469785866271 0.13681245643303283 -0.007401618355726532 0.54161408135338274 0.24577681002207577 0.042645731929251009 0.45778338965081605 -0.0036823676429050736 0.18665878459047103 0.21121783623974522 0.1751486928739113
leaf_weight=63.236241150647402 18.31638514995575 292.916728310287 3623.421330884099 222.82828265056014 133.60662195086479 185.40038602054119 38.955720752477646 99.858237136155367 256.65847280249 81.522201132029295 416.30111302435398 72.254348061978817 161.652757037431 28.069453738629818
leaf_count=992 258 4877 63159 2218 1725 2816 518 1366 4199 838 6691 1055 2079 300
internal_value=-0.00208322 0.164253 -0.046832 0.311693 -0.0584731 0.107129 0.369835 0.0374421 0.10007 0.34955 0.0306389 0.0475302 0.283657 0.387631
internal_weight=5695 1206.74 4488.26 557.309 4173.33 314.927 57.2721 649.433 356.517 494.073 549.908 257.655 271.244 109.592
internal_count=93091 16869 76222 6427 71575 4647 776 10442 5565 5435 8416 3871 3217 1138
is_linear=0
shrinkage=0.1


Tree=2
num_leaves=15
num_cat=0
split_feature=2 19 13 19 3 3 0 13 1 1 5 3 6 5
split_gain=3052.18 1304.62 718.373 473.605 300.098 253.468 233.45 214.616 175.074 158.396 148.324 146.959 143.222 226.425
threshold=-42.499999999999993 0.19969739736768838 516.58755000000008 -0.68432604233786842 25.000000000000004 45.000000000000007 32.500000000000007 650.28495000000009 -32.499999999999993 -37.499999999999993 6.5000000000000009 15.000000000000002 2328.5510504070712 19.500000000000004
decision_type=8 2 2 2 10 8 10 2 10 8 2 10 2 2
left_child=1 7 3 6 -4 -3 9 11 -5 -2 -6 -1 -11 -14
right_child=2 5 4 8 10 -7 -8 -9 -10 12 -12 -13 13 -15
leaf_value=0.20962792349647075 0.26559041256647697 -0.0041246947330252645 -0.0763297377751809 0.088771801745142723 0.24587310697943901 0.16568720476796259 0.3512166209893316 0.10822098075824529 -0.054772788946388942 0.0360724081463858 -0.0049477789204341246 0.31824486689279852 0.02205769431172783 0.50172152866014419
leaf_weight=391.78612043708563 46.332915615290403 539.34692739695311 2955.8112207129598 106.96823635324836 23.805329989641905 104.00380968675017 39.997875396162271 143.25177752226591 398.4597396813333 229.35560746118426 475.38605431839824 192.60449217632413 21.639045238494873 17.199585989117622
leaf_count=3552 604 8773 54931 1762 234 1306 540 1791 6885 3530 7308 1442 282 177
internal_value=-0.00256777 0.127357 -0.0438687 0.0378828 -0.0642218 0.0235416 0.126321 0.218988 -0.0242779 0.0966989 0.00748096 0.245909 0.0666432 0.241737
internal_weight=5685.95 1370.99 4314.96 859.953 3455 643.351 354.525 727.642 505.428 314.527 499.191 584.391 268.194 38.8386
internal_count=93117 16864 76253 13780 62473 10079 5133 6785 8647 4593 7542 4994 3989 459
is_linear=0
shrinkage=0.1


Tree=3
num_leaves=15
num_cat=0
split_feature=2 18 19 18 19 22 17 18 1 22 11 12 4 17
split_gain=2411.78 1115.11 598.771 458.048 334.922 309.638 251.016 195.85 263.586 211.4 147.571 145.803 137.72 124.612
threshold=-32.499999999999993 -0.1350501201252472 -0.69669039502507846 0.070897839638973045 0.53493525241775031 6.6965847015380868 -21.249999999999996 0.73646270200273689 -37.499999999999993 1.7012639045715334 0.16036777162889626 153.16666666666669 -18.749999999999996 -38.749999999999993
decision_type=8 2 2 2 2 10 10 2 8 10 2 2 10 10
left_child=1 13 3 -2 12 11 -6 -4 -9 10 -10 -5 -3 -1
right_child=2 4 7 5 6 -7 -8 8 9 -11 -12 -13 -14 -15
leaf_value=0.067251039444444702 -0.038893264997751475 0.22961591314605304 -0.083221370042835197 0.20319637794217102 0.18300225824500158 0.0066800129480747098 -0.0092178675916075505 0.16065291235200652 0.027053659522062803 -0.065815210947318098 0.37835482229335093 0.0021053070203942729 0.14760693079690906 -0.051722423653310978
leaf_weight=113.88224029913545 536.99778182804585 416.11898651346564 1986.2829777672887 214.60079665854573 108.04230514541268 212.66272895038128 179.97898860648274 66.969923138618469 183.31490158289671 795.38467276096344 11.810305967926977 43.322411622852087 422.13539741560817 376.47066558524966
leaf_count=1543 9983 2952 38537 2659 1249 3113 2961 1153 3374 14939 222 577 3698 6411
internal_value=-0.00139647 0.10183 -0.0426026 0.0241977 0.156591 0.0961222 0.0632713 -0.0647163 -0.0299122 -0.0429456 0.0501375 0.169558 0.188542 -0.0240107
internal_weight=5667.98 1616.63 4051.35 1007.58 1126.28 470.586 288.021 3043.76 1057.48 990.51 195.125 257.923 838.254 490.353
internal_count=93371 18814 74557 16332 10860 6349 4210 58225 19688 18535 3596 3236 6650 7954
is_linear=0
shrinkage=0.1


Tree=4
num_leaves=15
num_cat=0
split_feature=17 3 22 21 1 1 12 16 15 15 12 11 17 5
split_gain=1677.61 677.745 368.544 267.665 200.217 180.982 151.078 121.242 120.195 136.511 117.826 92.0848 79.243 74.8412
threshold=-13.749999999999998 15.000000000000002 -0.5796074867248534 149.37500000000003 -42.499999999999993 -42.499999999999993 -34.249999999999993 -57.869954358974404 41.948300000000025 -160.58789999999993 -178.74999999999997 0.11354765380048294 -58.749999999999993 5.5000000000000009
decision_type=10 10 10 8 8 8 2 8 10 8 2 2 8 2
left_child=6 2 11 4 -3 -4 -1 -5 9 -8 -6 -2 -11 -7
right_child=1 3 5 7 10 13 8 -9 -10 12 -12 -13 -14 -15
leaf_value=0.14925342049679521 0.0300373758360949 0.13021439731830747 0.0056305271122983709 0.37869318891432624 0.11213760932127639 0.068987809085765184 0.15861980659503824 0.12571445692970434 0.16728133495564068 0.077809850587814935 -0.016125872486956353 0.17024239564639029 -0.028097770550666219 -0.068689133122938228
leaf_weight=543.5885576158762 245.36333172395825 139.31068029627204 391.15169479697943 21.2942377589643 80.248690858483315 39.276629008352757 82.278592638671398 145.12279132381082 102.93257508799434 115.37150677666068 603.34657832980156 57.09454445540905 178.91988139972091 2868.5122166201472
leaf_count=4954 4218 1645 5857 291 1234 383 567 1817 805 1132 9846 811 2542 57107
internal_value=-0.00258286 -0.0283944 -0.0485308 0.0448826 0.0214052 -0.0582185 0.113151 0.160154 0.0719978 0.0455787 -0.000926945 0.0569775 0.0135443 -0.0668064
internal_weight=5613.81 4590.72 3601.4 989.323 822.906 3298.94 1023.09 166.417 479.503 376.57 683.595 302.458 294.291 2907.79
internal_count=93209 83209 68376 14833 12725 63347 10000 2108 5046 4241 11080 5029 3674 57490
is_linear=0
shrinkage=0.1


Tree=5
num_leaves=15
num_cat=0
split_feature=2 18 19 18 18 1 19 22 17 4 22 3 12 4
split_gain=1645.18 667.726 477.729 340.181 208.226 198.096 195.252 171.11 138.256 136.715 124.317 120.218 119.991 115.44
threshold=-32.499999999999993 -0.1350501201252472 -0.69669039502507846 -0.1350501201252472 0.73646270200273689 -27.499999999999996 0.53493525241775031 2.563250064849854 -31.249999999999996 23.750000000000004 1.7012639045715334 25.000000000000004 150.25000000000003 -31.249999999999996
decision_type=8 2 2 2 2 10 2 10 10 8 10 10 2 10
left_child=1 11 3 -2 -4 -6 -3 12 -8 13 -7 -1 -5 -9
right_child=2 6 4 7 5 10 8 9 -10 -11 -12 -13 -14 -15
leaf_value=-0.043908504614994182 -0.050668496385990719 0.13682275075225028 -0.081402470684462519 0.18336756683382574 0.067284681632878873 0.033128688015624318 0.1329588927710367 0.14681332027117383 -0.0049204563155419686 0.097297080442426215 -0.065103557038651103 0.089555203722054499 -0.02714211545200337 -0.04910327314305625
leaf_weight=411.15775363892317 406.21490439027548 978.83808751031756 1770.1215483509004 154.58920341730118 190.16198598220944 159.65834927931428 113.97513271868229 34.502516515552998 197.72416183724999 176.97544952854514 654.90797034651041 79.745431669056416 32.494797389954329 196.16365257278085
leaf_count=6885 8243 6668 38437 1530 3100 2806 1022 497 3154 2356 13806 997 444 3181
internal_value=-0.00204173 0.0771455 -0.0394133 0.0197969 -0.0607709 -0.0243776 0.114881 0.067931 0.0457601 0.0314392 -0.0458326 -0.0220898 0.146854 -0.0192913
internal_weight=5557.23 1781.44 3775.79 1000.94 2774.85 1004.73 1290.54 594.726 311.699 407.642 814.566 490.903 187.084 230.666
internal_count=93126 18726 74400 16251 58149 19712 10844 8008 4176 6034 16612 7882 1974 3678
is_linear=0
shrinkage=0.1


Tree=6
num_leaves=15
num_cat=0
split_feature=13 17 3 19 22 3 3 19 22 21 4 5 5 14
split_gain=1138.39 589.581 391.592 373.665 271.728 290.037 166.691 148.022 102.2 95.0129 91.7253 81.439 125.258 86.9492
threshold=516.58755000000008 -11.249999999999998 15.000000000000002 0.18280635871894396 6.0303127765655526 95.000000000000014 -2164.9999999999995 -0.94137724084408114 -0.3782277107238769 48.875000000000007 -46.249999999999993 27.500000000000004 31.500000000000004 28.59474999999998
decision_type=2 8 10 2 10 10 10 2 10 8 8 2 2 8
left_child=3 -2 8 4 6 -6 -1 9 -3 -4 -5 13 -13 -8
right_child=1 2 7 10 5 -7 11 -9 -10 -11 -12 12 -14 -15
leaf_value=0.01505428998805346 0.066674584044343219 -0.0046527353525452472 0.024681932783920783 0.096864247923671029 0.0084287043530791011 0.19679738708440919 0.082797992169939771 -0.011147280177338965 -0.073989421329137536 0.16635584379808765 -0.044924516463313052 0.25196588750200916 0.073597404581183176 0.17255211820063485
leaf_weight=107.49041570350528 517.71991329267621 234.77298440784216 103.6212952286005 52.530297510325909 494.17971570789814 96.964417930692434 233.4082729332149 602.03568764775991 2262.1803709827363 86.797153554856777 309.28824720531702 144.29313853755593 55.460384380072355 205.81188787147403
leaf_count=948 5221 4456 1178 833 6177 518 2057 10586 51506 734 5903 1198 515 1379
internal_value=-0.002053 -0.0324299 -0.0480435 0.0659778 0.0903511 0.0396067 0.13043 0.0131899 -0.0674746 0.0897919 -0.0241288 0.149785 0.203056 0.125152
internal_weight=5506.55 3807.13 3289.41 1699.43 1337.61 591.144 746.464 792.454 2496.95 190.418 361.819 638.974 199.754 439.22
internal_count=93209 73681 68460 19528 12792 6695 6097 12498 55962 1912 6736 5149 1713 3436
is_linear=0
shrinkage=0.1


Tree=7
num_leaves=15
num_cat=0
split_feature=18 19 17 20 4 3 22 12 4 6 16 17 4 3
split_gain=970.427 574.773 379.556 307.199 207.578 168.401 146.028 136.194 129.191 106.253 99.9259 90.6435 89.6748 88.3517
threshold=-0.1350501201252472 0.071972700440407641 -13.749999999999998 -28.749999999999996 -48.749999999999993 25.000000000000004 1.8926768302917483 -78.785714285714278 128.75000000000003 152.80698031626054 -6.7671849999999827 -33.749999999999993 -43.749999999999993 175.00000000000003
decision_type=2 2 8 8 8 8 10 2 10 2 8 8 8 10
left_child=5 3 -3 10 -4 11 -5 12 13 -10 -2 -1 -8 -9
right_child=1 2 4 6 -6 -7 7 8 9 -11 -12 -13 -14 -15
leaf_value=0.012518508121150429 0.068814564894596073 0.085717019560972427 0.072173892637529727 0.082850943208878411 -0.069139801753385841 0.0011289658812462804 0.23549543123885522 -0.042665820515130071 0.1906434663531533 -0.0477483439858572 0.13139295853657343 -0.079473292097917481 0.048973601942606935 0.0903151039320782
leaf_weight=115.2226229570806 521.43860252574086 246.89300059527159 117.00092240422964 321.54970449209213 881.60716484114528 382.03694105893373 30.487824570387602 567.97290242835879 50.151509426534176 28.935959529131651 507.58614599332213 1474.8023135401309 147.15115011110902 53.836372617632151
leaf_count=1469 3954 2257 2188 3596 19895 6708 330 9631 762 432 3489 35733 2154 512
internal_value=-0.00247593 0.0293219 -0.0250766 0.0597143 -0.0525273 -0.0584875 0.025305 0.00417254 -0.015673 0.103915 0.0997801 -0.0728033 0.082125 -0.0310258
internal_weight=5446.67 3474.61 1245.5 2229.11 998.608 1972.06 1200.09 878.536 700.897 79.0875 1029.02 1590.02 177.639 621.809
internal_count=93110 49200 24340 24860 22083 43910 17417 13821 11337 1194 7443 37202 2484 10143
is_linear=0
shrinkage=0.1


Tree=8
num_leaves=15
num_cat=0
split_feature=2 18 19 18 18 4 17 4 17 2 22 22 11 19
split_gain=923.757 353.879 338.237 206.424 134.126 126.011 127.829 120.578 117.799 143.713 108.567 105.454 117.32 85.892
threshold=-22.499999999999996 -0.1350501201252472 -0.6587658185941293 0.070897839638973045 0.82891651592369076 -28.749999999999996 -68.749999999999986 46.250000000000007 151.25000000000003 62.500000000000007 6.379387855529786 1.7012639045715334 0.16036777162889626 0.26033795793931019
decision_type=8 2 2 2 2 10 10 10 10 10 10 10 2 2
left_child=1 -1 3 7 -4 -3 -7 -2 9 -9 -5 12 -6 -8
right_child=2 5 4 10 11 6 13 8 -10 -11 -12 -13 -14 -15
leaf_value=-0.022488220451398241 -0.064834765691810112 0.10665043024959209 -0.07482984061014776 0.088813284574716905 0.017498507652449865 0.1114926634381507 0.049981879373028726 0.058744480231398569 -0.079079770706721869 0.41211774285967251 0.001273287803033072 -0.045189283293583522 0.31043712529740236 -0.028620990880777786
leaf_weight=507.62421221658587 368.17803396657109 662.85477780923247 1477.5955249816179 331.6451966650784 185.42465634644032 239.03370422869921 456.87048404663801 59.372815556824207 42.523445047438145 13.419330462813376 246.82070388272405 568.67093525454402 13.774359006434677 198.85995319113135
leaf_count=9027 8406 4307 38074 3111 3084 1296 3589 1233 893 259 3569 12764 173 3212
internal_value=-0.00247085 0.049989 -0.0352334 0.0112615 -0.0572176 0.0736084 0.0490386 -0.0369218 0.0519897 0.128591 0.0515282 -0.0232736 0.0392043 0.0261371
internal_weight=5372.67 2065.24 3307.43 1061.96 2245.47 1557.62 894.764 483.494 115.316 72.7921 578.466 767.87 199.199 655.73
internal_count=92997 21431 71566 17471 54095 12404 8097 10791 2385 1492 6680 16021 3257 6801
is_linear=0
shrinkage=0.1


Tree=9
num_leaves=15
num_cat=0
split_feature=2 19 18 21 6 18 4 1 17 22 3 18 1 3
split_gain=771.197 285.729 279.405 159.94 141.376 127.047 123.934 99.7203 99.2662 98.3847 96.152 82.6405 74.9736 74.7932
threshold=-22.499999999999996 -0.6587658185941293 -0.1350501201252472 48.875000000000007 2728.2776656018523 0.82891651592369076 -18.749999999999996 -32.499999999999993 -68.749999999999986 6.1016411781311044 1.0000000180025095e-35 0.99846012810022822 -42.499999999999993 25.000000000000004
decision_type=8 2 2 8 2 2 10 8 10 10 10 2 8 8
left_child=2 3 -1 4 7 13 -4 -2 -8 11 -5 -7 -11 -3
right_child=1 5 6 10 -6 9 8 -9 -10 12 -12 -13 -14 -15
leaf_value=-0.021042886355013626 0.10333162385865197 -0.083908249314816719 0.094336689092320514 0.010309214089630904 0.12557191728851932 -0.0013193994451901109 0.093439292242386951 -0.044065650469055383 0.01764756472837832 0.10028546208125336 0.11255901154893869 0.14950130606365558 -0.069535434886949465 -0.02474383651484359
leaf_weight=496.13688097521663 48.765356376767159 1112.1667862646282 753.14787862822413 181.62236611172557 60.744985274970531 331.81961009278893 238.58162208646536 598.11647785082459 622.37045836448669 27.194854900240898 185.76852795109153 39.794996339827776 352.10782477259636 265.72759999334812
leaf_count=8983 467 32250 4877 2913 530 6370 1239 11760 6291 399 1988 674 8557 5785
internal_value=-0.00237053 -0.033284 0.0445568 0.00873637 -0.0190575 -0.0544977 0.0647211 -0.0328117 0.0387345 -0.021367 0.0621763 0.0151894 -0.0571281 -0.0725246
internal_weight=5314.07 3203.83 2110.24 1075.02 707.627 2128.81 1614.1 646.882 860.952 750.917 367.391 371.615 379.303 1377.89
internal_count=93083 71693 21390 17658 12757 54035 12407 12227 7530 16000 4901 7044 8956 38035
is_linear=0
shrinkage=0.1


Tree=10
num_leaves=15
num_cat=0
split_feature=13 3 3 17 19 13 12 15 17 5 14 14 12 2
split_gain=619.843 333.891 241.018 231.683 128.771 105.852 103.465 101.563 90.4145 84.8235 76.0354 69.3081 68.1637 61.2367
threshold=518.91120000000012 25.000000000000004 45.000000000000007 -13.749999999999998 0.35041260675351149 509.93320000000006 -93.416666666666615 -194.43714999999997 298.75000000000006 6.5000000000000009 -8.4012499999999743 77.782750000000007 -559.24999999999989 -67.499999999999986
decision_type=2 10 10 8 2 2 2 10 8 2 8 10 2 8
left_child=2 3 4 -2 5 7 11 -1 12 -10 -9 -5 -3 -6
right_child=1 8 -4 6 13 -7 -8 10 9 -11 -12 -13 -14 -15
leaf_value=0.075401643158554021 0.027659006859997622 0.21512230567319601 0.12877108439833457 -0.03054806831124901 0.02590368362281889 0.13558768211800062 -0.067715798430403179 -0.03104238048471682 0.11545495744238127 -0.083728243931256344 0.03561906666234739 0.078761246174129718 0.038980175766254288 -0.066755988754585424
leaf_weight=390.22163780406117 381.22412390261889 21.829486612230539 287.6223727427423 403.7835426479578 117.5740181170404 111.99036911129951 1766.1855388879776 260.53196156769991 25.68159307539463 107.89179243892431 494.17874430119991 66.73349717259407 632.57661498337984 178.64203215017915
leaf_count=3472 3804 226 1660 10236 1758 1181 47776 3016 125 1689 4265 1451 7863 4678
internal_value=-0.00189992 -0.0271665 0.0448395 -0.0443407 0.0292235 0.0431967 -0.0566192 0.0340491 0.0298756 -0.0448588 0.0125964 -0.0149106 0.0451751 -0.0300141
internal_weight=5246.67 3405.91 1840.76 2617.93 1553.14 1256.92 2236.7 1144.93 787.979 133.573 754.711 470.517 654.406 296.216
internal_count=93200 73170 20030 63267 18370 11934 59463 10753 9903 1814 7281 11687 8089 6436
is_linear=0
shrinkage=0.1


Tree=11
num_leaves=15
num_cat=0
split_feature=2 22 18 3 19 18 11 12 21 13 12 3 12 8
split_gain=558.685 216.63 194.496 169.945 120.611 116.093 95.5996 91.5832 85.484 66.1847 58.5008 56.7393 55.7868 50.9269
threshold=-27.499999999999996 1.7012639045715334 0.070897839638973045 15.000000000000002 -0.30161142360424958 -0.1350501201252472 0.1162502624514203 -35.777777777777821 60.458333333333336 516.58755000000008 -70.749999999999986 125.00000000000001 147.07142857142858 549.72693419887185
decision_type=8 10 2 10 2 2 2 2 8 2 2 10 2 2
left_child=2 5 7 9 8 -2 12 11 -5 -3 -4 -1 -7 -10
right_child=1 3 10 4 -6 6 -8 -9 13 -11 -12 -13 -14 -15
leaf_value=0.015759142392350569 -0.03772816177954591 -0.029714529994149686 0.080875527706001482 0.0021287932892780125 -0.047817176079119422 0.04215510152246147 0.14409342747711792 -0.041620402679435731 0.067684188620761601 -0.073285619235308339 0.040061562918026164 0.14313267703008914 -0.049058819678105575 0.21143934616950052
leaf_weight=288.3588908649981 268.30183959193528 487.72295296750963 616.1509268656373 176.47158839926124 251.1344199962914 350.10216937586665 78.653457470238209 361.9711475931108 83.092146653681993 1239.3568650986999 824.7114466316998 38.858075872063637 81.991915501654148 35.070517297834158
leaf_count=4383 7566 8931 3963 2784 5297 5094 873 6146 744 39010 6221 292 1352 353
internal_value=-0.00262135 -0.0300489 0.0366719 -0.0456418 0.00299922 0.0154433 0.0433941 -0.00701543 0.0463283 -0.0610056 0.0575587 0.0312752 0.0247735 0.111767
internal_weight=5181.95 3051.9 2130.05 2272.85 545.769 779.049 510.748 689.188 294.634 1727.08 1440.86 327.217 432.094 118.163
internal_count=93009 72004 21005 57119 9178 14885 7319 10821 3881 47941 10184 4675 6446 1097
is_linear=0
shrinkage=0.1


Tree=12
num_leaves=15
num_cat=0
split_feature=1 19 4 3 17 19 3 6 8 16 6 2 20 22
split_gain=487.969 228.124 149.418 117.695 111.566 113.552 110.64 95.7761 92.835 91.3487 86.4578 62.7825 60.7665 55.5092
threshold=-32.499999999999993 -0.69669039502507846 56.250000000000007 35.000000000000007 -53.749999999999993 -0.68432604233786842 35.000000000000007 1390.7192309443867 552.44861820146116 6.6542216666666443 2566.6807105911621 -2172.4999999999995 35.416666666666679 -1.2583208084106443
decision_type=10 2 8 10 10 2 10 2 2 8 2 8 10 10
left_child=3 2 10 4 7 13 11 -1 -4 12 -2 -3 -10 -6
right_child=1 6 8 -5 5 -7 -8 -9 9 -11 -12 -13 -14 -15
leaf_value=0.076772316357376524 -0.029197429595964171 0.17101174570481686 0.030118387231687044 0.072171857241400877 0.13066513491602366 -0.017934783468640587 0.010341279474276027 -0.03173623535231241 0.15298760975382686 0.058924755797248846 0.11048924893900036 -0.062053241413060102 0.40611519275715441 0.029891636615337787
leaf_weight=441.82075498811901 560.68348494358361 10.709893722087143 206.6084113959223 537.08251137286425 64.208475470542908 860.9170127697289 255.74651303142309 99.061904801055789 25.917479604482651 51.741874404251575 47.123961728066206 1605.7984534613788 16.203097486868501 345.00553608685732
leaf_count=3166 10527 168 2277 3762 462 16043 4367 815 332 573 348 46626 224 3538
internal_value=-0.00245764 -0.0307984 0.0103187 0.0311013 0.0188882 0.0026786 -0.0507403 0.0568772 0.0678842 0.14982 -0.0182037 -0.0604043 0.257522 0.0459837
internal_weight=5128.63 2780.53 908.278 2348.1 1811.01 1270.13 1872.25 540.883 300.471 93.8625 607.807 1616.51 42.1206 409.214
internal_count=93228 65442 14281 27786 24024 20043 51161 3981 3406 1129 10875 46794 556 4000
is_linear=0
shrinkage=0.1


Tree=13
num_leaves=15
num_cat=0
split_feature=1 19 21 13 4 17 12 6 12 12 19 14 13 4
split_gain=375.841 186.614 143.902 122.824 107.487 159.402 101.951 95.5922 77.556 75.7694 64.5046 57.833 77.7023 57.0554
threshold=-37.499999999999993 -0.69669039502507846 27.708333333333339 520.00760000000002 -28.749999999999996 11.250000000000002 -86.833333333333329 2508.1865880074974 184.08333333333334 -559.24999999999989 0.72389665677618298 -2.6835999999999838 429.74455000000006 -31.249999999999996
decision_type=10 2 8 2 8 10 2 2 2 2 2 8 2 10
left_child=3 2 7 11 5 10 -5 13 -4 -6 -3 12 -1 -2
right_child=1 4 8 6 9 -7 -8 -9 -10 -11 -12 -13 -14 -15
leaf_value=0.15977221097021543 0.035787225226026446 0.19182210407738548 0.069173780544647664 0.041294911690675423 0.14761893091978384 -0.039868656210964762 -0.017328848122501267 0.10187375151905138 -0.073208238899975145 -0.058321435993504346 0.017456033624005649 0.07029873401163847 0.0094678860874598675 -0.055977355370131682
leaf_weight=36.800843730568886 81.608702644705772 52.313073605298996 363.09946346655488 493.6730061750859 17.153969310224056 190.19255368039012 740.11980998702347 52.132148236036301 41.92923784814775 1513.9884531702846 35.600713107734919 673.98678302392364 383.593405617401 381.71675163693726
leaf_count=176 1445 881 4386 6043 420 4964 12819 365 575 44592 634 4244 3868 7594
internal_value=-0.00172532 -0.0268955 0.00975489 0.0277851 -0.0455371 0.011619 0.00614251 -0.0252767 0.0542902 -0.0559194 0.122203 0.0521568 0.0229733 -0.039772
internal_weight=5057.91 2729.74 920.486 2328.17 1809.25 278.106 1233.79 515.458 405.029 1531.14 87.9138 1094.38 420.394 463.325
internal_count=93006 65856 14365 27150 51491 6479 18862 9404 4961 45012 1515 8288 4044 9039
is_linear=0
shrinkage=0.1


Tree=14
num_leaves=15
num_cat=0
split_feature=1 19 21 12 4 17 12 19 12 19 22 22 2 11
split_gain=354.605 170.188 114.885 91.2357 87.8912 110.141 68.8361 62.7031 60.2699 58.4108 53.2727 49.1082 48.6741 49.2009
threshold=-42.499999999999993 -0.69669039502507846 50.208333333333336 -10.857142857142859 -26.249999999999996 11.250000000000002 -559.24999999999989 0.77100125373019324 -168.94444444444443 0.35041260675351149 1.7012639045715334 -1.2583208084106443 667.50000000000011 0.044239319606780216
decision_type=10 2 8 2 8 10 2 2 2 2 10 10 10 2
left_child=3 2 8 -1 5 7 -6 -3 -2 -5 -8 -10 13 -4
right_child=1 4 12 9 6 -7 10 -9 11 -11 -12 -13 -14 -15
leaf_value=0.04367445321170263 0.068298275938893649 0.14019879300901722 0.085350671658027122 0.019914906719591459 0.12883657584260919 -0.040611861280238061 -0.020557129241370084 -0.016614956113803297 0.096853436641914897 -0.034075115927420657 -0.066435259926795137 -0.038264992173143601 -0.088476449102967925 0.00067405520432763479
leaf_weight=1338.0547269620001 68.380170835182071 70.524707155302167 244.15294208563864 631.83823766745627 19.392789574339986 192.35815224051476 324.09504136070609 39.323484787717462 27.50713924691081 292.24358414113522 1173.4925331678241 492.59808217547834 22.197640037164092 95.31407317891717
leaf_count=13630 1067 1027 2472 6686 425 5170 7591 679 239 5532 37951 9314 350 1026
internal_value=-0.00237195 -0.0263614 0.00793616 0.0269949 -0.0442693 0.00496385 -0.0540741 0.0844191 -0.0193185 0.00282203 -0.0565271 -0.0309467 0.0522148 0.0616474
internal_weight=5031.47 2769.34 950.15 2262.14 1819.19 302.206 1516.98 109.848 588.485 924.082 1497.59 520.105 361.665 339.467
internal_count=93159 67311 14468 25848 52843 6876 45967 1706 10620 12218 45542 9553 3848 3498
is_linear=0
shrinkage=0.1


Tree=15
num_leaves=15
num_cat=0
split_feature=18 4 19 0 22 5 5 12 22 2 12 4 11 21
split_gain=353.274 205.766 157.162 172.632 110.68 97.9176 110.031 89.6974 85.8215 100.855 81.2121 61.5575 95.5125 57.7863
threshold=-0.33526360055924148 -28.749999999999996 0.26033795793931019 -32.499999999999993 -1.4479880332946775 27.500000000000004 31.500000000000004 -265.74999999999994 6.1900882720947275 512.50000000000011 -60.916666666666664 146.25000000000003 -0.18750818047773507 -299.37499999999994
decision_type=2 10 2 8 10 2 2 2 10 8 2 10 2 8
left_child=7 10 4 -4 -3 -6 8 -1 9 -7 13 12 -10 -2
right_child=1 2 3 -5 5 6 -8 -9 11 -11 -12 -13 -14 -15
leaf_value=0.033721086935320686 0.16770455179415739 0.089083028755004359 0.064098913982557418 -0.063958597944007947 -0.020339875635820837 0.1181373120073068 -0.031889363018474455 -0.057664055015303056 0.26305149413500678 -0.083698802818138407 0.022596909678064644 0.12845265337570294 -0.016785152805792632 0.0624433271051998
leaf_weight=118.09582820348442 57.720945481210947 168.71916337683797 125.74893060512841 624.09100412204862 798.49825612083077 224.94000656157732 207.31609607301652 1123.7580016870052 11.855761567130683 27.089321348816156 706.9148407112807 40.972302915528417 237.0350930262357 507.36058433167636
leaf_count=2791 372 1223 1210 17944 10688 2361 3349 35455 159 435 8016 418 4392 4399
internal_value=-0.00276572 0.0125869 -0.00426485 -0.0424265 0.0124215 0.00401229 0.0299591 -0.0489535 0.0536361 0.0961979 0.0452383 0.016426 -0.00245598 0.0734726
internal_weight=4980.12 3738.26 2466.27 749.84 1716.43 1547.71 749.209 1241.85 541.892 252.029 1272 289.863 248.891 565.082
internal_count=93212 54966 42179 19154 23025 21802 11114 38246 7765 2796 12787 4969 4551 4771
is_linear=0
shrinkage=0.1


Tree=16
num_leaves=15
num_cat=0
split_feature=18 1 3 3 6 5 2 17 20 8 16 17 3 14
split_gain=305.856 188.737 155.561 94.8768 64.0513 124.916 71.796 55.1414 54.0363 81.1367 52.4479 50.067 47.5353 60.2781
threshold=-0.1350501201252472 -32.499999999999993 15.000000000000002 15.000000000000002 2274.1701738385677 27.500000000000004 -27.499999999999996 271.25000000000006 50.416666666666679 354.1185115962349 -28.802741666666687 63.750000000000007 75.000000000000014 22.265549999999994
decision_type=2 10 8 10 2 2 8 8 10 2 8 10 10 10
left_child=2 12 -1 4 6 -6 -3 8 -4 -10 -5 -11 -2 -14
right_child=1 3 7 10 5 -7 -8 -9 9 11 -12 -13 13 -15
leaf_value=-0.062108860336463706 0.027868149433532816 0.019136778042885549 0.0072381596678529701 0.087222991740972977 -0.028173396603774353 0.23521461109617828 -0.045464451000356072 -0.062587497225748842 -0.012845199424680702 0.079789482496400513 0.008756522395572567 0.31225053291137139 0.10975409801929599 0.027635647142738154
leaf_weight=1031.049674404785 1431.179274700582 213.60794564150274 272.88516114652157 106.18679629079998 53.576300038024783 25.985623456537724 872.80569660849869 83.786222063004971 31.805580148473382 18.84786575101316 416.36658333055675 19.159142734482884 177.93266538903117 180.41953739523888
leaf_count=35125 11754 2880 5419 1319 497 289 24539 2018 616 409 6165 352 864 1009
internal_value=-0.00267568 0.0134398 -0.0411143 -0.0105394 -0.0264019 0.0597033 -0.0327568 0.00966779 0.0274642 0.105306 0.0248376 0.201973 0.0360588 0.0686019
internal_weight=4935.59 3478.06 1457.53 1688.53 1165.98 79.5619 1086.41 426.484 342.698 69.8126 522.553 38.007 1789.53 358.352
internal_count=93255 49316 43939 35689 28205 786 27419 8814 6796 1377 7484 761 13627 1873
is_linear=0
shrinkage=0.1


Tree=17
num_leaves=15
num_cat=0
split_feature=18 3 0 3 4 21 13 14 13 16 8 2 17 18
split_gain=272.17 149.042 109.85 103.315 100.213 73.4761 66.6845 66.3121 72.6357 112.174 61.0083 66.8498 60.4895 64.2728
threshold=-0.33526360055924148 65.000000000000014 -37.499999999999993 15.000000000000002 -48.749999999999993 33.416666666666679 452.35750000000002 66.252849999999981 653.06230000000016 63.156184065934106 420.23796041628646 37.500000000000007 56.250000000000007 0.88621069759564464
decision_type=2 10 8 8 8 10 2 10 2 10 2 10 10 2
left_child=3 2 -2 -1 12 -5 -6 -8 9 -9 -7 -12 13 -4
right_child=1 -3 4 5 6 10 7 8 -10 -11 11 -13 -14 -15
leaf_value=-0.062415278493587682 0.037011898608329395 0.052946758920444363 0.040895387080340004 -0.025746989285728428 0.02777578487104811 0.0079621550087570735 -0.033973169618736469 0.0093654398386814851 -0.034853282241134612 0.17982531725326797 0.04965069759073986 0.31409275356222749 -0.031793254795820236 0.16621553015917148
leaf_weight=838.79550121724606 685.00453679822385 700.26051486283541 189.46575592085719 211.34429981932044 288.74239985272288 48.586918603628874 1383.9905444029719 143.88388972915709 163.61209642700851 51.82278754003346 20.693081514909863 17.519703587517142 79.777050502598286 51.605282690376043
leaf_count=31483 4927 5600 1879 5003 2531 1003 30536 2694 4015 800 425 264 1604 513
internal_value=-0.00163985 0.0113925 0.00179965 -0.0444615 -0.00846313 0.00608929 -0.0166676 -0.0240405 0.0142055 0.0551876 0.0830162 0.17581 0.0433895 0.0682981
internal_weight=4875.1 3738.16 3037.9 1136.94 2352.9 298.144 2032.05 1743.31 359.319 195.707 86.7997 38.2128 320.848 241.071
internal_count=93277 55099 49499 38178 44572 6695 40576 38045 7509 3494 1692 689 3996 2392
is_linear=0
shrinkage=0.1


Tree=18
num_leaves=15
num_cat=0
split_feature=2 22 3 3 18 17 12 19 9 19 21 8 17 21
split_gain=251.849 144.437 118.126 83.7947 93.9775 79.3573 60.9736 54.7181 51.0251 50.1987 49.1018 63.7694 48.1109 45.4619
threshold=-22.499999999999996 1.7012639045715334 15.000000000000002 15.000000000000002 0.96602908662670139 828.75000000000011 -168.94444444444443 -0.69669039502507846 0.081275406504065076 -0.35038587249348702 48.875000000000007 591.60759195310027 78.750000000000014 55.208333333333336
decision_type=8 10 10 10 2 10 2 2 2 2 10 2 10 10
left_child=3 5 6 4 7 -2 -3 8 -1 -4 -8 -12 -13 -9
right_child=1 2 9 -5 -6 -7 10 13 -10 -11 11 12 -14 -15
leaf_value=0.074892038064013997 0.025987354622402748 0.016875674291832701 0.030488296470076195 0.051705981789877932 0.078921038270764618 -0.085250313572568043 -0.068812989467021496 -0.0034242506948822188 0.0035403108006406441 -0.031259343775515383 -0.0502773118403868 0.027323286609435789 0.26770837462345787 -0.064285388512742445
leaf_weight=156.21577007323503 676.86167972907424 116.98259477876127 300.00859559513628 733.01172627322376 173.55551282688975 69.858595987781882 981.00858703069389 678.83785813115537 276.77251178584993 233.02694409713149 192.24990447424352 63.861327959224582 8.6308083701878768 148.85813438333571
leaf_count=1033 13049 3630 3578 5255 996 1940 35911 10023 1831 5463 6145 1912 268 2181
internal_value=-0.00103681 -0.0217564 -0.036424 0.0242245 0.0101531 0.0154805 -0.052026 0.000630892 0.0293962 0.00348612 -0.0585045 -0.0201911 0.0591964 -0.0144343
internal_weight=4809.74 2642.49 1895.77 2167.25 1434.24 746.72 1362.73 1260.68 432.988 533.036 1245.75 264.742 72.4921 827.696
internal_count=93215 71896 56907 21319 16064 14989 47866 15068 2864 9041 44236 8325 2180 12204
is_linear=0
shrinkage=0.1


Tree=19
num_leaves=15
num_cat=0
split_feature=13 12 3 3 22 11 4 3 8 15 18 13 15 6
split_gain=239.586 122.822 88.9632 87.9827 103.078 62.2318 57.0366 54.39 53.9149 53.3125 48.7966 44.1232 82.3312 68.4207
threshold=520.00760000000002 -93.416666666666615 15.000000000000002 35.000000000000007 6.1900882720947275 -0.25947115526951664 -198.74999999999997 -2164.9999999999995 543.69096431883145 -38.075999999999986 0.96602908662670139 461.36285000000004 21.109899999999957 2381.6485881097919
decision_type=2 2 10 10 10 2 10 10 2 10 2 2 10 2
left_child=3 6 10 4 7 -6 -2 -1 -4 -5 -3 13 -13 -9
right_child=1 2 8 9 5 -7 -8 11 -10 -11 -12 12 -14 -15
leaf_value=-0.022087454130288352 0.068965139155736613 -0.055931101755876567 -0.017708338124935809 0.0074779876048541973 0.15530921620863103 -0.024119325106837893 -0.00050197601623434916 0.057155024041378802 0.055762307853363946 0.096157531384617287 0.0030662837341945155 0.0040153703393157915 0.097752109843657189 0.20199481587914178
leaf_weight=140.81290074437857 139.29641893692315 1187.1911228764802 550.42566723749042 94.135203301906586 19.025141086429358 564.21289627254009 750.14956697635353 277.76394478976727 120.97917818464339 242.90971970558167 158.83161334134638 386.30121623165905 122.74707676284015 36.274326797574759
leaf_count=1078 1658 42566 8250 593 193 9600 14170 1630 1964 1354 3937 5039 1055 176
internal_value=-0.00250563 -0.0205068 -0.0341502 0.0252623 0.015153 -0.0180106 0.0104425 0.0352175 -0.00440656 0.0714851 -0.0489723 0.0450361 0.0267655 0.0744734
internal_weight=4791.06 2906.87 2017.43 1884.18 1547.14 583.238 889.446 963.899 671.405 337.045 1346.02 823.087 509.048 314.038
internal_count=93263 72545 56717 20718 18771 9793 15828 8978 10214 1947 46503 7900 6094 1806
is_linear=0
shrinkage=0.1


Tree=20
num_leaves=15
num_cat=0
split_feature=18 19 2 12 12 7 5 9 11 22 20 21 6 22
split_gain=185.848 102.12 123.067 88.8723 76.4014 59.4615 50.6874 45.135 54.6081 46.7991 45.1014 49.5717 70.6788 41.9517
threshold=-0.33526360055924148 0.46611290379786346 -47.499999999999993 -154.47222222222214 121.05555555555557 96.100079276261525 26.500000000000004 0.55725279850746279 -0.064323452242390597 2.8362975120544438 -28.749999999999996 149.37500000000003 150.83021164397235 -1.2583208084106443
decision_type=2 2 10 2 2 10 2 2 2 8 8 10 2 10
left_child=3 4 6 -1 5 10 -3 8 -8 -10 -2 13 -13 -12
right_child=1 2 -4 -5 -6 -7 7 -9 9 -11 11 12 -14 -15
leaf_value=0.019154638301854585 0.034195034870366979 -0.0196556193765712 -0.064583398536090506 -0.053880681195096918 -0.023945889617289842 0.061803588844797565 -0.01350774227426154 -0.058465128807330659 0.18036744838127394 0.056452215994068605 0.059771087597516794 0.13632070084687706 -0.036622232671414151 -0.0085526007824416831
leaf_weight=207.29852120950818 916.69704202190042 260.69651629775763 375.74565204046667 838.77895432151854 379.7846221216023 358.27194080501795 65.830916080623865 36.011784665286541 44.517774136736989 96.980536906048656 98.323739491403103 61.904445493593812 37.287236293777823 943.13025729730725
leaf_count=5458 6070 3933 14500 32788 5169 3078 756 434 481 1204 847 880 557 16982
internal_value=-0.0022356 0.00835129 -0.0213456 -0.039403 0.0177019 0.024257 0.0109511 0.0436869 0.0616256 0.0964302 0.0176917 0.00441024 0.0715929 -0.00205101
internal_weight=4721.26 3675.18 879.783 1046.08 2795.4 2415.61 504.038 243.341 207.329 141.498 2057.34 1140.65 99.1917 1041.45
internal_count=93137 54891 21308 38246 33583 28414 6808 2875 2441 1685 25336 19266 1437 17829
is_linear=0
shrinkage=0.1


Tree=21
num_leaves=15
num_cat=0
split_feature=12 18 19 4 6 3 17 3 17 17 4 18 3 17
split_gain=160.28 115.403 73.5931 67.3807 54.2965 50.674 50.1895 48.2903 46.7723 41.3022 47.5733 37.5856 40.624 43.6963
threshold=-78.785714285714278 -0.1350501201252472 0.26033795793931019 -358.74999999999994 1096.2891932878458 25.000000000000004 -3.7499999999999996 1.0000000180025095e-35 161.25000000000003 861.25000000000011 141.25000000000003 0.99761913169647187 -144.99999999999997 3.7500000000000004
decision_type=2 2 2 10 2 8 8 10 10 8 8 2 10 10
left_child=3 5 7 4 -1 -2 -4 11 -5 10 -9 -3 -13 -14
right_child=1 2 6 8 -6 -7 -8 9 -10 -11 -12 12 13 -15
leaf_value=0.095271688266148 -0.060118878803191604 -0.01493717704431706 0.0081103506499509547 0.020966327413526144 -0.032097915722479178 -0.003537027379702397 -0.055640197644112314 0.013244239910390913 -0.055063568115722529 -0.089231849816839987 0.067355798395080033 -0.038009953844129751 0.12907147568215069 -0.047968666347717029
leaf_weight=197.09694094397128 631.84386728703976 837.34690637513995 185.06817969121039 1243.1120766699314 39.758622596040368 211.24765668623149 368.79176800139248 507.88126626424491 85.592496370896697 28.967198705300689 238.36784920282662 37.754829907789826 58.311316657811403 17.642820479348302
leaf_count=1713 28196 12010 2535 18395 339 4555 13853 6113 2053 260 1588 282 602 497
internal_value=-0.00128526 -0.0143744 -0.00267944 0.0248194 0.0738463 -0.0459625 -0.0343622 0.00749972 0.0160309 0.0260089 0.0305956 -0.0075988 0.0460998 0.0878592
internal_weight=4688.78 3123.22 2280.13 1565.56 236.856 843.092 553.86 1726.27 1328.7 775.216 746.249 951.056 113.709 75.9541
internal_count=92991 70491 37740 22500 2052 32751 16388 21352 20448 7961 7701 13391 1381 1099
is_linear=0
shrinkage=0.1


Tree=22
num_leaves=15
num_cat=0
split_feature=18 12 19 11 22 21 8 7 3 17 3 3 22 21
split_gain=143.656 96.6905 88.3084 69.6235 57.2088 59.0399 62.4969 57.5404 52.51 49.9115 47.525 47.2649 44.6178 42.1734
threshold=-0.50462962837920111 -66.833333333333329 0.26033795793931019 -0.041540984956311026 -0.5796074867248534 29.270833333333339 414.24180174773124 60.755720617247697 15.000000000000002 -23.749999999999996 -194.99999999999997 105.00000000000001 0.35406303405761724 153.41666666666671
decision_type=2 2 2 2 10 8 2 10 8 8 10 10 10 10
left_child=8 3 4 -2 10 7 11 -6 -1 -4 -3 -7 -11 -8
right_child=1 2 9 -5 5 6 13 -9 -10 12 -12 -13 -14 -15
leaf_value=-0.056101706088106044 0.00098905323305219944 -0.010484055426129383 0.011748192542516283 0.045898420414196429 -0.031161297122826434 -0.029697072760558576 0.029407582462540327 0.040112213361478292 0.00065815971624269348 0.015855666327239226 0.092311825592839014 0.044869423519988266 -0.066516206158696869 0.10851329450694557
leaf_weight=586.14241205435246 601.6761854942888 69.15480962395668 153.98876188881695 809.0064965384081 694.78167457133532 293.62610649690032 286.02285832725465 134.40369882807136 225.58971410244703 77.795510800555348 126.63745585083961 118.50237947702408 412.28769638761878 87.708245698362589
leaf_count=27646 6891 593 1446 8972 12640 3595 3442 1667 5283 1874 914 760 16688 927
internal_value=-0.0021291 0.00590441 -0.00608499 0.0267582 0.00523003 -0.000972111 0.0186554 -0.0195741 -0.0403461 -0.0378565 0.056135 -0.0081997 -0.0534349 0.0482124
internal_weight=4677.32 3865.59 2454.91 1410.68 1810.84 1615.04 785.86 829.185 811.732 644.072 195.792 412.128 490.083 373.731
internal_count=93338 60409 44546 15863 24538 23031 8724 14307 32929 20008 1507 4355 18562 4369
is_linear=0
shrinkage=0.1


Tree=23
num_leaves=15
num_cat=0
split_feature=13 3 17 0 3 22 9 15 12 19 11 15 15 17
split_gain=125.695 87.6188 77.5107 72.3813 54.9438 73.9107 60.1822 49.6795 48.0159 47.5811 45.9093 41.9696 41.2878 41.0118
threshold=520.00760000000002 15.000000000000002 1.0000000180025095e-35 17.500000000000004 35.000000000000007 6.0303127765655526 0.11944992021026941 -235.25554999999991 112.11111111111113 -0.63917470863520875 -0.25947115526951664 114.12745000000002 -194.43714999999997 -53.749999999999993
decision_type=2 8 8 10 10 10 2 10 2 2 2 8 10 10
left_child=3 2 11 4 5 6 9 -8 -3 -1 -7 13 -5 -2
right_child=1 8 -4 12 -6 10 7 -9 -10 -11 -12 -13 -14 -15
leaf_value=0.10080521221519644 0.027268639475529884 0.011611982434335387 -0.054056873621153904 -0.0090621730151344195 0.051189219610169368 0.11713109199789991 0.076870425491337782 -0.010567869656891445 -0.042854549291703653 0.019691798535554486 -0.034657687211106451 0.049052949909835664 0.091905254423848753 -0.033648810566797784
leaf_weight=131.00431012362242 145.24411059916019 1047.8080335576087 797.05565560143441 51.985144354403019 266.49725062027574 19.807425307109952 73.550144387409091 505.13819041568786 190.39551576785743 161.30740177072585 489.89592074789107 106.39609073847532 179.66366529278457 452.97631728835404
leaf_count=724 1124 15680 35212 527 1546 178 497 5022 3749 1648 8700 2277 1834 14292
internal_value=-0.00282663 -0.0164851 -0.0327152 0.0170893 0.00970853 0.00167085 0.0193632 0.0006588 0.00320897 0.0562639 -0.0285413 -0.00853125 0.0693052 -0.0188376
internal_weight=4618.73 2739.88 1501.67 1878.85 1647.2 1380.7 871 578.688 1238.2 292.312 509.703 704.617 231.649 598.22
internal_count=93010 72334 52905 20676 18315 16769 7891 5519 19429 2372 8878 17693 2361 15416
is_linear=0
shrinkage=0.1


Tree=24
num_leaves=15
num_cat=0
split_feature=4 17 1 22 4 16 8 5 4 17 5 5 11 20
split_gain=122.229 90.3339 83.1427 67.8692 89.3052 73.9679 82.0136 57.7941 54.0805 52.0306 50.337 64.8426 46.5228 44.3727
threshold=-23.749999999999996 31.250000000000004 -52.499999999999993 1.7012639045715334 66.250000000000014 -47.254087692307699 428.71845112616592 28.500000000000004 -336.24999999999994 281.25000000000006 27.500000000000004 31.500000000000004 -0.12304796269058065 -753.16666666666663
decision_type=10 8 10 10 10 8 2 2 10 10 2 2 2 8
left_child=1 7 -2 9 13 6 -6 -1 -3 10 -4 -12 -9 -5
right_child=2 8 3 4 5 -7 -8 12 -10 -11 11 -13 -14 -15
leaf_value=0.026606829023684105 0.0078307151468459037 0.017004244224003203 -0.01043757979737074 0.071855436195542008 -0.045257522342683036 -0.028963632135286826 0.12192591736058266 -0.02201850089626238 -0.045108561460413317 -0.072025117957490253 0.09798489905263251 -0.045726177342030584 0.10379548717285912 -0.054733847778653415
leaf_weight=762.32238313462585 1170.5860923621804 318.35811118129641 208.65841334871948 27.62666127923876 43.38792681414634 213.289501093328 86.944174996577203 34.397169727832079 248.92896191496402 68.068606871180236 127.15710446983576 40.91886361502111 189.01744022034109 1031.6152734933421
leaf_count=7604 15100 4343 4672 479 937 6411 1521 365 6463 1922 2002 804 2226 38282
internal_value=-0.00128889 0.0214988 -0.0130174 -0.0262228 -0.0370085 0.00727518 0.0663493 0.0397808 -0.0102826 0.00780091 0.0223764 0.0629343 0.0844132 -0.0513675
internal_weight=4571.28 1553.02 3018.25 1847.67 1402.86 343.622 130.332 985.737 567.287 444.803 376.734 168.076 223.415 1059.24
internal_count=93131 21001 72130 57030 47630 8869 2458 10195 10806 9400 7478 2806 2591 38761
is_linear=0
shrinkage=0.1


Tree=25
num_leaves=15
num_cat=0
split_feature=12 18 19 3 3 0 22 18 5 1 7 5 12 11
split_gain=101.003 111.977 80.4534 56.4361 51.3595 46.6825 41.5951 39.9694 36.7229 40.5618 37.7355 36.0433 33.7186 35.373
threshold=-168.94444444444443 -0.1350501201252472 0.26033795793931019 1.0000000180025095e-35 25.000000000000004 -17.499999999999996 -1.6401939392089842 0.99846012810022822 27.500000000000004 -207.49999999999997 299.4305943182485 31.500000000000004 -559.24999999999989 -0.041540984956311026
decision_type=2 2 2 10 8 10 10 2 2 8 10 2 2 2
left_child=12 4 3 6 -2 -4 -3 8 -8 -10 -11 -5 -1 -14
right_child=1 2 5 11 -6 -7 7 -9 9 10 -12 -13 13 -15
leaf_value=0.078925735918280102 -0.051949334290042039 0.048344609540987092 0.010505103652568947 0.03632168011981831 -1.5605367271673479e-05 -0.045839876086846108 -0.03139455877575547 0.048417424774364691 0.092800885922389345 -0.016777887102089311 0.11004910306634093 -0.030091762717924665 -0.00080144190809472373 0.044195939104394455
leaf_weight=124.75431983545423 673.88834333978593 139.09835736453533 217.25208340585232 870.0013487059623 265.27279273793101 451.92931722383946 586.9848396088928 104.71306329965591 49.660454157739878 245.00345330126584 24.934723932296038 89.427619168534875 335.82671702094376 363.04560156352818
leaf_count=1468 32867 928 3603 8159 5540 15705 7984 1106 323 4876 276 1192 4246 4897
internal_value=-0.000443346 -0.00746368 0.00262787 0.0122108 -0.0372959 -0.0275589 -0.00272727 -0.00979274 -0.0165621 0.0106925 -0.00469969 0.0301064 0.0312198 0.0226033
internal_weight=4541.79 3718.17 2779.01 2109.82 939.161 669.181 1150.39 1011.3 906.583 319.599 269.938 959.429 823.627 698.872
internal_count=93170 82559 44152 24844 38407 19308 15493 14565 13459 5475 5152 9351 10611 9143
is_linear=0
shrinkage=0.1


Tree=26
num_leaves=15
num_cat=0
split_feature=3 22 17 12 18 5 6 5 2 3 19 18 21 2
split_gain=85.6125 102.304 69.058 64.3484 63.4954 67.7231 66.1833 56.9292 38.9235 37.6142 51.2992 42.0163 35.3454 31.6303
threshold=35.000000000000007 7.5089268684387216 451.25000000000006 -509.49999999999994 0.070897839638973045 27.500000000000004 2220.011261204138 31.500000000000004 -2504.9999999999995 -64.999999999999986 0.029023335763873476 0.96602908662670139 4.2708333333333348 -287.49999999999994
decision_type=10 10 8 2 2 2 2 2 8 10 2 2 8 10
left_child=1 3 -2 -1 8 -6 7 9 -5 13 11 -11 -8 -7
right_child=2 -3 -4 4 5 6 12 -9 -10 10 -12 -13 -14 -15
leaf_value=0.089495809833561576 0.032603556380495759 -0.038180728983906967 -0.051568263777061078 0.15106524227345869 -0.0049533867008367746 0.088838210423491146 0.22227511438288394 -0.030656176423585969 -0.027935204670944871 0.068255366457743646 0.0010273249746726605 0.18989339678471467 0.058843504646646186 -0.053401850705900811
leaf_weight=78.96686215698719 933.04637483693659 884.79357828758657 107.92880884557962 11.361538609489797 1148.0428704284132 20.188134187832475 26.407348226755857 131.95635133609176 774.94940337911248 180.72846575453877 99.013195291161537 33.39133563823998 27.491132227703929 58.827204822562635
leaf_count=930 8630 29404 1440 219 15743 112 174 2519 28239 1632 2649 447 242 801
internal_value=-0.00130825 -0.00884259 0.0238355 0.00118562 -0.0016246 0.00910555 0.0369901 0.0259927 -0.0251602 0.0450843 0.0606029 0.088019 0.141506 -0.0164039
internal_weight=4517.09 3476.12 1040.98 2591.32 2512.36 1726.05 578.003 524.105 786.311 392.148 313.133 214.12 53.8985 79.0153
internal_count=93181 83111 10070 53707 52777 24319 8576 8160 28458 5641 4728 2079 416 913
is_linear=0
shrinkage=0.1


Tree=27
num_leaves=15
num_cat=0
split_feature=18 5 5 7 16 21 17 17 22 9 1 2 3 3
split_gain=82.653 52.166 97.1602 67.2237 57.9051 65.9767 52.9509 51.9096 52.5134 68.5589 48.1595 47.1602 41.4301 38.9291
threshold=-0.50462962837920111 27.500000000000004 31.500000000000004 1845.3340228662173 -73.171360952380908 -338.95833333333331 -68.749999999999986 161.25000000000003 5.9495010375976571 0.83450756636070467 -47.499999999999993 -3507.4999999999995 95.000000000000014 -94.999999999999986
decision_type=2 2 2 10 10 8 10 10 10 2 10 8 10 8
left_child=11 4 3 7 12 -6 -4 8 9 -3 -7 -1 13 -2
right_child=1 2 6 -5 5 10 -8 -9 -10 -11 -12 -13 -14 -15
leaf_value=0.1689117936275773 0.060142316697518995 0.069805698710012909 0.052350260412476306 0.2315030441017675 0.1160823430690236 -0.0060349575345814022 -0.04196085061470186 -0.03990307396192809 0.013632826175809083 -0.056799682951252366 -0.046472038281387795 -0.035942510795116955 0.056878937291016243 -0.0051435006054330636
leaf_weight=10.445595063269137 103.45330822747201 482.71095906104892 72.193210087716579 15.849195024929939 33.625140784308314 663.98844482470304 319.88745427504182 96.062834332697093 507.99307874683291 46.178982876241207 528.81108357571065 706.59695158619434 171.8436360117048 726.38510960433632
leaf_count=176 652 5523 392 98 327 6543 7602 2249 10933 487 15513 32595 1003 8984
internal_value=-0.0016321 0.00429081 0.0184318 0.0330951 -0.00549246 -0.0200544 -0.0245065 0.0301178 0.0366371 0.0586651 -0.0239861 -0.0327272 0.0123388 0.00305807
internal_weight=4486.02 3768.98 1540.88 1148.8 2228.11 1226.42 392.081 1132.95 1036.88 528.89 1192.8 717.043 1001.68 829.838
internal_count=93077 60306 27284 19290 33022 22383 7994 19192 16943 6010 22056 32771 10639 9636
is_linear=0
shrinkage=0.1


Tree=28
num_leaves=15
num_cat=0
split_feature=4 17 17 19 21 8 22 4 0 22 6 16 16 18
split_gain=86.8009 74.5084 65.5897 80.2125 72.4047 115.077 81.0767 66.8908 62.3344 54.0931 51.9764 58.1067 51.459 61.1733
threshold=-23.749999999999996 23.750000000000004 -61.249999999999993 0.45077528774111236 48.875000000000007 448.32884829242136 -1.2583208084106443 41.250000000000007 7.5000000000000009 15.60667133331299 2381.6485881097919 -52.970087593984935 195.07500801630439 0.40318277172597511
decision_type=10 8 10 2 10 2 10 10 8 10 2 8 8 2
left_child=1 -1 7 4 6 -6 -4 -2 -7 10 -8 -12 13 -10
right_child=2 -3 3 -5 5 8 9 -9 12 -11 11 -13 -14 -15
leaf_value=0.036175606544692776 0.082017485832341794 -0.0089383253541959386 0.052584242038838103 -0.049227125750648748 -0.019480433376590424 0.026254826203120682 -0.03524234257909041 -0.0070672956234452688 0.21117906059116046 0.19736749186753591 -0.023180417206389588 0.13592643771198326 -0.0005215349850491869 0.04516462854678633
leaf_weight=939.82908031344414 143.5884352363646 598.72434441931546 139.92996370606124 572.13681689929217 315.14152704179287 160.00949228275567 1141.5515070995316 201.75416271388531 63.875950768589973 9.6272142091765982 55.550192383117974 37.831484584137797 27.61322623770684 34.740211432799697
leaf_count=9424 949 11591 1400 24396 5940 3301 31377 1169 1069 126 820 439 544 520
internal_value=-0.000570739 0.0186252 -0.010746 -0.0162704 -0.00675547 0.0221926 -0.0193366 0.0301027 0.0679817 -0.0274586 -0.0293696 0.0420354 0.120253 0.153736
internal_weight=4441.9 1538.55 2903.35 2558.01 1985.87 601.38 1384.49 345.343 286.239 1244.56 1234.93 93.3817 126.229 98.6162
internal_count=93065 21015 72050 69932 45536 11374 34162 2118 5434 32762 32636 1259 2133 1589
is_linear=0
shrinkage=0.1


Tree=29
num_leaves=15
num_cat=0
split_feature=12 17 19 21 8 2 11 2 9 16 4 2 5 12
split_gain=72.777 49.8536 38.1296 42.402 61.4176 69.3554 37.6246 36.7131 39.3375 55.0226 35.23 40.5033 32.1312 30.917
threshold=-26.833333333333339 1028.7500000000002 0.45077528774111236 149.37500000000003 424.73495061065734 57.500000000000007 -0.039905028822786438 -57.499999999999993 0.54728048944466867 -57.869954358974404 -16.249999999999996 -157.49999999999997 31.500000000000004 -509.49999999999994
decision_type=2 10 2 10 2 10 2 8 2 8 8 8 2 2
left_child=6 2 3 12 -5 -6 -1 8 9 -4 -8 -12 -2 -13
right_child=1 -3 7 4 5 -7 10 -9 -10 -11 11 13 -14 -15
leaf_value=-0.0034036060292168095 -0.0047714323303434244 -0.095614622738808969 0.20704795058176861 -0.010284384230556951 0.046739944978919382 0.23632246019192912 0.046713425238365074 -0.057787150973417301 -0.06756200413629275 0.0042568904028482905 0.048517746388350262 0.10860571016784765 -0.059940033796342086 -0.0046063330418578286
leaf_weight=870.41991596948355 1308.6433794265613 69.49486477766186 13.698046335950492 126.85773880500346 81.484646410681307 24.593010865151882 433.28955409768969 285.23383210133761 67.982960772700608 149.6794623658061 225.7134784180671 24.056742299348116 113.85990538820624 645.59825477562845
leaf_count=14110 25986 3067 206 1997 1041 372 5319 15816 1179 2851 1886 475 3493 15468
internal_value=-0.000166223 -0.0128435 -0.0101525 -0.00274383 0.0367135 0.0924892 0.0127558 -0.0338424 -0.00420037 0.0224156 0.0233366 0.0119845 -0.00922624 -0.000383419
internal_weight=4440.61 2241.53 2172.03 1655.44 232.935 106.078 2199.08 516.594 231.36 163.378 1328.66 895.368 1422.5 669.655
internal_count=93266 56008 52941 32889 3410 1413 37258 20052 4236 3057 23148 17829 29479 15943
is_linear=0
shrinkage=0.1


Tree=30
num_leaves=15
num_cat=0
split_feature=12 18 4 22 17 7 5 20 5 14 22 21 22 4
split_gain=66.3591 69.0677 46.244 52.9711 51.0486 40.2721 37.6198 47.4272 45.8104 44.8099 36.7198 36.5182 49.217 32.2172
threshold=-168.94444444444443 -0.50462962837920111 -28.749999999999996 7.1222243309021005 -11.249999999999998 1047.1748862545003 25.500000000000004 156.25000000000003 31.500000000000004 89.042600000000007 -2.1881322860717769 28.541666666666668 4.7676820755004892 23.750000000000004
decision_type=2 2 10 10 10 8 2 10 2 8 10 10 10 10
left_child=-1 -2 5 6 -5 -3 9 8 11 -4 -11 12 -8 -6
right_child=1 2 3 4 13 -7 7 -9 -10 10 -12 -13 -14 -15
leaf_value=0.025027729455864511 -0.039643598574620603 0.0253794764515985 -0.039568585256819444 0.023825497700970227 -0.067166656444696035 -0.028650570800085363 0.038440647132030534 -0.073144748033596593 -0.027162311021545496 0.1517064464797287 0.0057595227500289517 0.064322035181741608 -0.042319375268131898 -0.017127148163199671
leaf_weight=833.05871456116438 528.17748851515353 863.30770198255777 351.40961983427405 128.59515127260238 307.60931765474379 163.29091007076204 249.80941510386765 54.890268504619598 148.90458342432976 18.05581340007484 181.80627513863146 244.71723812352866 106.99818807281554 222.18523688428104
leaf_count=10500 28569 9051 7212 1184 11445 2456 3416 1337 2953 145 3128 3111 2519 5922
internal_value=-0.00036852 -0.00630048 -0.000499244 -0.00929951 -0.03255 0.0167659 0.00200022 0.0157705 0.0223629 -0.0181081 0.0196342 0.0346474 0.014172 -0.0462529
internal_weight=4402.82 3569.76 3041.58 2014.98 658.39 1026.6 1356.59 805.32 750.429 551.272 199.862 601.525 356.808 529.795
internal_count=92948 82448 53879 42372 18551 11507 23821 13336 11999 10485 3273 9046 5935 17367
is_linear=0
shrinkage=0.1


Tree=31
num_leaves=15
num_cat=0
split_feature=17 3 18 15 17 5 11 6 14 6 0 13 18 20
split_gain=63.0919 63.3736 52.3789 46.5339 47.4457 45.2871 41.9107 42.5696 34.8078 40.8143 37.8416 45.2695 33.5397 32.0346
threshold=828.75000000000011 15.000000000000002 -0.50462962837920111 -186.04639999999998 -76.249999999999986 30.500000000000004 -0.19135757795876629 523.49784882021663 77.782750000000007 1819.8214156102024 17.500000000000004 521.7437000000001 0.99846012810022822 -594.58333333333314
decision_type=10 10 2 10 8 2 2 2 10 2 10 2 2 8
left_child=1 2 6 -4 5 13 7 -1 10 -10 12 -12 -6 -5
right_child=-2 -3 3 4 8 -7 -8 -9 9 -11 11 -13 -14 -15
leaf_value=0.0098562531899402325 -0.076705060821213922 0.018737928232116511 0.023970669567721373 -0.049792096410670297 -0.031354696151337604 0.10102147410585027 -0.044865979407717305 0.30804127948136389 0.013779837457854521 0.22570913526393432 0.058505242054072773 -0.034801947442540636 0.049498054950592472 0.036383016360110064
leaf_weight=18.125401311554018 104.37114380951971 1438.5819387575611 567.04367947019637 65.95669936388731 1128.7942956965417 67.244152259081602 437.61926775984466 5.5408440958708516 188.33443186432123 8.5595330968499166 119.48166661150753 90.593012352474034 52.875579649582505 120.29708711802959
leaf_count=661 4479 16492 8127 484 25909 394 25523 201 4736 96 1302 3538 838 672
internal_value=-0.000254495 0.00161461 -0.00697056 -0.00105386 -0.00876571 0.0313298 -0.0378029 0.0893267 -0.0151794 0.024087 -0.0207478 0.018293 -0.027698 0.00576351
internal_weight=4413.42 4309.05 2870.47 2409.18 1842.14 253.498 461.286 23.6662 1588.64 196.894 1391.74 210.075 1181.67 186.254
internal_count=93452 88973 72481 46096 37969 1550 26385 862 36419 4832 31587 4840 26747 1156
is_linear=0
shrinkage=0.1


Tree=32
num_leaves=15
num_cat=0
split_feature=13 17 13 15 21 19 22 16 11 4 7 19 4 22
split_gain=58.2155 63.6047 57.3936 42.6413 64.7524 50.2492 42.0412 41.7393 38.6542 38.0374 37.3014 49.5059 34.1595 34.0866
threshold=520.00760000000002 271.25000000000006 509.93320000000006 114.12745000000002 9.7916666666666696 -0.31800055644052067 7.5089268684387216 164.85030750000007 -0.25058409460232006 inf 3497.8590958688765 -0.68432604233786842 -18.749999999999996 1.6517028808593752
decision_type=2 10 2 8 10 2 10 8 2 8 8 2 10 10
left_child=2 3 6 7 -5 -6 10 13 -8 -3 11 -1 -10 -2
right_child=1 9 -4 4 5 -7 8 -9 12 -11 -12 -13 -14 -15
leaf_value=0.044018281228875022 0.011212084858109567 -0.077122705955448817 0.060892152788216275 -0.010756389984359375 0.072759596951022895 -0.016088045714421354 0.1043701251150968 -0.065017948854695737 0.010224188869233241 0.034578440437140014 -0.027577485815285591 0.00085964693640964865 -0.053731503944209447 -0.021871021366612581
leaf_weight=514.79590229317546 478.61085036676377 201.79343313723803 212.50685011409223 467.0335598802194 226.06981332506984 88.012221516110003 21.444678481668234 154.23931241221726 129.36422316450626 35.283704561181366 177.98045539017767 548.40104881674051 233.19209369271994 887.97008661273867
leaf_count=3284 9495 9182 3073 9977 3905 2321 178 5335 1147 249 1324 6905 4822 32239
internal_value=-0.00140601 -0.011216 0.0121466 -0.00612412 0.0128563 0.0478906 0.00573912 -0.0158748 -0.0231378 -0.060423 0.0146846 0.0217786 -0.030946 -0.0102848
internal_weight=4376.7 2539.01 1837.69 2301.94 781.116 314.082 1625.18 1520.82 384.001 237.077 1241.18 1063.2 362.556 1366.58
internal_count=93436 72703 20733 63272 16203 6226 17660 47069 6147 9431 11513 10189 5969 41734
is_linear=0
shrinkage=0.1


Tree=33
num_leaves=15
num_cat=0
split_feature=3 22 15 18 18 6 11 11 19 6 21 13 15 2
split_gain=54.2975 62.069 33.7968 35.8287 39.4962 33.1889 41.5073 32.3939 71.6444 30.8267 70.1011 28.8532 30.0136 27.639
threshold=15.000000000000002 7.5089268684387216 -179.28450000000001 0.96602908662670139 0.97305990402711318 149.33034373659254 0.037391214637199653 -0.25947115526951664 -0.022574958201731964 2728.2776656018523 -18.229166666666661 578.95915000000014 -20.397649999999995 -17.499999999999996
decision_type=10 10 10 2 2 2 2 2 2 2 10 2 10 10
left_child=1 2 5 -4 -5 6 -1 8 -3 -7 -11 12 -2 -9
right_child=11 7 3 4 -6 9 -8 13 -10 10 -12 -13 -14 -15
leaf_value=0.076741902355455874 0.0018343068098039636 0.18467411600830991 -0.013303942721601906 0.12430732846753192 0.011062811117693583 -0.014470836258344401 -0.011538273139608028 -0.015427381710492342 -0.085681287836531922 -0.10176689879690635 0.16961522048554922 0.0021872488604932554 0.045800954498891149 -0.057966138749554065
leaf_weight=165.8166567934677 240.48584050405771 19.190052228048444 1428.9237402416766 35.789945853874087 190.65569533593953 251.41422978043556 77.891928628087044 260.24150430876762 18.19972471985966 13.607399088330565 27.004025679081678 798.10687355231494 437.5830888049677 372.0473409416154
leaf_count=2538 2506 169 35320 542 3159 5224 1611 6197 357 220 355 11113 3705 19975
internal_value=-0.000488797 -0.0085257 -0.00037765 -0.00744406 0.0294291 0.0214301 0.0485947 -0.0351448 0.0542729 -0.0013285 0.0784246 0.0150817 0.0302333 -0.0405098
internal_weight=4336.96 2860.78 2191.1 1655.37 226.446 535.734 243.709 669.679 37.3898 292.026 40.6114 1476.18 678.069 632.289
internal_count=92991 75667 48969 39021 3701 9948 4149 26698 526 5799 575 17324 6211 26172
is_linear=0
shrinkage=0.1


Tree=34
num_leaves=15
num_cat=0
split_feature=17 19 4 20 17 6 0 19 4 22 3 17 5 5
split_gain=45.3292 43.9148 62.2612 56.5581 49.1828 44.6204 39.3444 40.1796 38.7253 42.1664 46.6496 39.5617 37.2033 46.8559
threshold=841.25000000000011 -0.69669039502507846 -11.249999999999998 -594.58333333333314 31.250000000000004 1531.9758413334889 -82.499999999999986 0.70747208174348741 23.750000000000004 1.0000000180025095e-35 -904.99999999999989 271.25000000000006 27.500000000000004 32.500000000000007
decision_type=10 2 10 8 10 2 8 2 10 10 10 10 2 2
left_child=1 3 4 -1 5 6 -3 -8 9 10 -5 -10 -4 -14
right_child=-2 2 12 8 -6 -7 7 -9 11 -11 -12 -13 13 -15
leaf_value=0.082201662401428274 -0.070909220169822193 -0.012342947233047533 -0.036089268446725983 -0.047952711290200033 -0.033152262412192011 -0.061569308890227041 0.057864879058788149 0.0066928964798538305 0.037475199481784564 -0.014754054201825247 0.060413951918301671 -0.088334148492316508 0.0095494823812152969 -0.048020528021303195
leaf_weight=110.30256409104913 90.44654181972146 200.66335178632289 775.6267490061 51.10555521119386 210.71977974008769 61.051829802803695 399.80607859045267 249.08879439812154 472.26256238296628 746.83768115192652 168.03554861899465 25.455469630658627 563.7374098803848 187.59722200408578
leaf_count=570 4376 1612 25456 411 6556 1048 5206 4532 4868 11147 1189 565 18386 7233
internal_value=-0.00125419 0.000254338 -0.00760719 0.013478 0.0102802 0.0203561 0.0263089 0.0382622 0.00824645 -0.00343351 0.0350389 0.0308765 -0.020741 -0.00486963
internal_weight=4312.74 4222.29 2648.29 1574 1121.33 910.61 849.558 648.895 1463.7 965.979 219.141 497.718 1526.96 751.335
internal_count=93155 88779 70029 18750 18954 12398 11350 9738 18180 12747 1600 5433 51075 25619
is_linear=0
shrinkage=0.1


Tree=35
num_leaves=15
num_cat=0
split_feature=12 18 19 4 22 13 0 7 4 17 2 2 16 21
split_gain=47.7076 39.7825 36.8027 35.7233 51.9208 33.5828 35.8923 31.3578 30.8065 40.9389 37.7679 44.1889 39.4222 40.9751
threshold=-168.94444444444443 -0.1350501201252472 0.53493525241775031 -28.749999999999996 -1.4479880332946775 543.19950000000006 -17.499999999999996 420.41628360670398 36.250000000000007 -21.249999999999996 37.500000000000007 282.50000000000006 382.71564499999999 158.95833333333334
decision_type=2 2 2 8 10 2 10 8 10 8 8 8 8 8
left_child=-1 8 3 7 -5 -4 -7 -3 9 -2 -10 12 13 -12
right_child=1 2 5 4 -6 6 -8 -9 10 -11 11 -13 -14 -15
leaf_value=0.020260986566665095 0.023274094764123943 0.043467331823785316 0.018309894091142736 0.050609117225689497 -0.0066237093552970324 0.0057102616735044236 -0.063338012662256665 -0.0350684387774121 -0.028700493607817734 -0.04963206160950067 0.060310033793106232 -0.026775615908011138 -0.07622272388100669 0.25678417569630158
leaf_weight=838.8227481674403 90.951598346233368 342.78440910298377 126.60514287650585 174.60809727851301 1626.8120547807775 109.47341032419354 238.95462636183947 58.890703908167779 127.19801386352628 483.85115703707561 23.665040526539091 37.292886242736131 8.3998500900343043 19.541169065050777
leaf_count=10603 1346 3257 3173 1224 24222 1910 9968 490 4961 28438 875 2186 307 382
internal_value=-0.0011256 -0.00630129 -0.000478755 0.00496727 -0.00105124 -0.0256935 -0.0416893 0.0318945 -0.025992 -0.0380757 0.00617721 0.0558449 0.114924 0.152969
internal_weight=4307.85 3469.03 2678.13 2203.1 1801.42 475.033 348.428 401.675 790.9 574.803 216.097 88.8989 51.6061 43.2062
internal_count=93342 82739 44244 29193 25446 15051 11878 3747 38495 29784 8711 3750 1564 1257
is_linear=0
shrinkage=0.1


Tree=36
num_leaves=15
num_cat=0
split_feature=17 21 18 19 20 17 4 1 0 0 0 19 21 6
split_gain=38.1085 35.8369 36.394 34.3868 46.0644 36.2558 67.6029 48.7023 33.068 28.8592 28.1085 30.8092 31.4973 30.7214
threshold=1028.7500000000002 -299.37499999999994 0.99761913169647187 -0.71500281916182284 -631.24999999999989 -11.249999999999998 48.750000000000007 -2634.9999999999995 22.500000000000004 42.500000000000007 7.5000000000000009 0.36447543099728863 300.62500000000006 156.3648759715592
decision_type=10 8 2 2 8 8 10 8 8 8 10 2 10 2
left_child=1 8 3 4 -3 6 -5 -7 -1 -4 -9 13 -13 -12
right_child=-2 2 9 5 -6 7 -8 10 -10 -11 11 12 -14 -15
leaf_value=0.023246274622172547 -0.075803697911734358 0.083837025299436305 0.04908535580449902 0.024182159021713535 0.003994059421452068 0.13669175046940885 -0.050437497313915683 -0.029398003612117769 0.14161576712564214 -0.058749575516735181 0.055317666686654603 -0.040231880706220247 0.1412742020422931 -0.012671681640733044
leaf_weight=99.210148661397398 66.131684732623398 75.21967342402786 209.36828420870006 547.65115818940103 1393.4297735327855 18.764024768956006 154.93091468699276 1183.6374056106433 30.19685366563499 27.283796517178416 134.10323610529304 180.47145747113973 9.1243676682934147 130.20636984799057
leaf_count=1405 3662 401 2408 4948 17687 301 1221 44773 396 377 4055 7736 318 3215
internal_value=-0.00105587 0.000140671 -0.00151467 -0.00387139 0.00813763 -0.0113485 0.007679 -0.0194195 0.0517417 0.0364581 -0.0212906 -0.000131095 -0.0308014 0.0219027
internal_weight=4259.73 4193.6 4064.19 3827.54 1468.65 2358.89 702.582 1656.31 129.407 236.652 1637.54 453.905 189.596 264.31
internal_count=92903 89241 87440 84655 18088 66567 6169 60398 1801 2785 60097 15324 8054 7270
is_linear=0
shrinkage=0.1


Tree=37
num_leaves=15
num_cat=0
split_feature=12 22 3 5 5 21 2 12 14 17 7 11 10 22
split_gain=38.77 38.0888 56.306 50.6092 57.769 38.736 36.8657 34.0374 35.8276 30.6841 28.759 28.3014 27.218 27.1081
threshold=184.08333333333334 7.569653034210206 45.000000000000007 25.500000000000004 31.500000000000004 149.37500000000003 82.500000000000014 -265.74999999999994 89.042600000000007 -28.749999999999996 2186.9168607690167 -0.21274429489592908 0.67204301075268824 -0.15559101104736325
decision_type=2 10 10 2 2 10 10 2 8 10 10 2 2 10
left_child=1 3 -3 7 5 10 12 -1 11 -6 -5 -9 -7 -13
right_child=-2 2 -4 4 9 6 -8 8 -10 -11 -12 13 -14 -15
leaf_value=0.034546795772071995 -0.034641106615202998 -0.029105894339259548 0.026875935115668111 0.020235627419053746 0.028571536652740478 -0.062074730799885826 0.19160726100579009 0.049340347040228355 0.0062909185162230196 -0.04567977418222078 0.15142074732769784 -0.0022801327791872545 0.070265826764090281 -0.045839998030712197
leaf_weight=184.82621907442808 317.85125440731645 738.45888650650159 236.45996232330799 1001.8911134582013 80.397166335955262 16.80228474130854 22.157593785319477 44.974518001079559 623.04427557159215 175.89039086969569 16.024489807896316 210.10396047495306 132.87595614092425 446.13988770218566
leaf_count=2139 9173 27754 2275 18432 563 298 385 763 8770 5204 177 3230 1536 12476
internal_value=-0.00110476 0.00161569 -0.0155143 0.00727032 0.0206327 0.0299063 0.0737058 -0.00553896 -0.0111555 -0.0223667 0.0224474 -0.0266439 0.0550964 -0.0319185
internal_weight=4247.9 3930.05 974.919 2955.13 1446.04 1189.75 171.836 1509.09 1324.26 256.288 1017.92 701.218 149.678 656.244
internal_count=93175 84002 30029 53973 26595 20828 2219 27378 25239 5767 18609 16469 1834 15706
is_linear=0
shrinkage=0.1


Tree=38
num_leaves=15
num_cat=0
split_feature=12 3 22 11 21 5 12 17 13 2 11 4 10 13
split_gain=41.7487 30.6598 28.9542 25.1825 23.9192 35.2134 31.2005 27.4467 27.1407 26.7369 24.5701 24.2572 33.4444 23.237
threshold=50.250000000000007 35.000000000000007 9.9775857925415057 -0.23332696182973797 158.95833333333334 26.500000000000004 164.08333333333337 3.7500000000000004 518.91120000000012 82.500000000000014 0.023296497563154221 -11.249999999999998 0.98387096774193561 654.57430000000011
decision_type=2 10 10 2 10 2 2 8 2 10 2 8 2 2
left_child=1 2 13 -4 7 -6 9 10 -9 -7 11 12 -2 -1
right_child=4 -3 3 -5 5 6 -8 8 -10 -11 -12 -13 -14 -15
leaf_value=0.0073893938011734498 -0.020280141703802591 0.022488603264754478 0.05328151179979837 -0.04861585148264163 -0.069939535607539613 0.043148247279673028 -0.030472056530824916 -0.012580608945843933 -0.059128533938617389 0.18070260989069853 -0.029855647047912048 -0.0014557219866739755 0.13854575648342046 -0.020301728276324951
leaf_weight=1799.0385616333224 21.519637839868665 744.08265353552997 26.979884141590446 188.20897424919531 39.045700004324317 91.704208821523935 49.197007044218481 215.37235334329307 300.61910390201956 15.981097380165009 198.37989891692996 148.99943196307868 32.606597186997533 363.39771291613579
leaf_count=35304 256 6800 342 7822 991 1255 1038 2933 14446 277 4500 3006 409 13750
internal_value=-0.00114218 0.00478796 -0.000758612 -0.0356528 -0.0177579 0.0139044 0.0350828 -0.024527 -0.0397616 0.0650369 -0.00489838 0.0195027 0.076177 0.00272866
internal_weight=4235.13 3121.71 2377.63 215.189 1113.43 195.928 156.882 917.497 515.991 107.685 401.506 203.126 54.1262 2162.44
internal_count=93129 64018 57218 8164 29111 3561 2570 25550 17379 1532 8171 3671 665 49054
is_linear=0
shrinkage=0.1


Tree=39
num_leaves=15
num_cat=0
split_feature=12 1 12 0 19 17 20 0 22 5 9 3 19 0
split_gain=35.3783 38.9209 28.9623 30.3659 27.0542 35.9528 35.1696 33.4148 30.4061 35.3459 41.1006 33.1153 29.031 31.9508
threshold=121.05555555555557 -92.499999999999986 -559.24999999999989 -2829.9999999999995 -0.69669039502507846 -38.749999999999993 -594.58333333333314 -747.49999999999989 8.3835916519165057 31.500000000000004 0.11448082405959716 2085.0000000000005 0.68271863572013503 7.5000000000000009
decision_type=2 10 2 8 2 10 8 8 10 2 2 8 2 10
left_child=2 -2 -1 -4 6 7 -5 -6 9 10 -8 -12 13 -7
right_child=1 -3 3 4 5 12 8 -9 -10 -11 11 -13 -14 -15
leaf_value=0.049518792701696561 0.011929043154516898 -0.044695498867321368 0.16319238574407832 0.073630692081115057 -0.058564085680310234 -0.013028153529282584 0.054773224434121852 0.02602451801377478 -0.023572917597562384 -0.041773839821480301 0.018049221955877087 -0.044560595378101503 -0.033784034388915897 0.025039692662284004
leaf_weight=135.15952508710325 192.8258143728599 325.04729021852836 10.724493206478654 88.738658579997718 50.785224849358201 933.43371933232993 272.38921280764043 479.18930607568473 234.75932840444148 94.336905201897025 559.78185188258067 98.487434655427933 448.28038729168475 287.58358859177679
leaf_count=1460 3452 11373 172 463 380 29282 3125 3742 4542 1428 5861 1037 18286 8343
internal_value=0.000822051 -0.0236295 0.00425578 0.00252315 0.00199162 -0.00484598 0.0131385 0.0178237 0.00882229 0.0162577 0.0221786 0.00862843 -0.0120496 -0.00404896
internal_weight=4211.52 517.873 3693.65 3558.49 3547.77 2199.27 1348.49 529.975 1259.75 1025 930.658 658.269 1669.3 1221.02
internal_count=92946 14825 78121 76661 76489 60033 16456 4122 15993 11451 10023 6898 55911 37625
is_linear=0
shrinkage=0.1


Tree=40
num_leaves=15
num_cat=0
split_feature=3 1 17 20 13 0 6 7 6 5 20 2 18 13
split_gain=34.2057 46.3759 41.5592 35.5586 26.7962 46.1674 28.5298 28.3004 26.439 50.412 30.2537 28.7385 42.115 24.044
threshold=1.0000000180025095e-35 -37.499999999999993 1331.2500000000002 -1168.1666666666663 520.44195000000002 67.500000000000014 146.6252141939722 -1871.3784477113704 2220.011261204138 24.500000000000004 -8.1666666666666661 -12.499999999999998 0.97870062042932215 419.97000000000008
decision_type=10 10 8 8 2 10 2 10 2 2 8 8 2 2
left_child=1 13 4 -3 5 7 -6 -2 11 -10 -11 12 -5 -1
right_child=2 3 -4 8 6 -7 -8 -9 9 10 -12 -13 -14 -15
leaf_value=0.04645039452929059 -0.06247589225668302 0.098556147090455307 -0.084322669257065205 -0.013844940349716423 0.033454822223566709 0.12195022473848101 -0.0050475321349901202 0.025801457826824442 -0.063599906275887172 -0.025593940394396403 0.13750667752099033 -0.042555464843363602 0.14736022930532067 -0.00038150969803741756
leaf_weight=120.24820391461253 37.766329091973603 21.993355037178844 45.161338879261166 208.51737522799522 240.15935945371166 47.277820353396237 952.00611929176375 587.06883161747828 37.03078442113474 16.05870708823204 35.793452826328576 686.60144365951419 16.564844693988562 1143.7538047134876
leaf_count=576 292 383 1059 5870 5254 308 17713 5759 1111 365 525 36044 242 17792
internal_value=-0.000453763 -0.00870279 0.00942387 -0.0245256 0.0117388 0.0276901 0.00273023 0.0203745 -0.0273268 0.0245207 0.0874656 -0.0324029 -0.00138178 0.00410694
internal_weight=4196 2286.56 1909.44 1022.56 1864.28 672.113 1192.17 624.835 1000.57 88.8829 51.8522 911.684 225.082 1264
internal_count=93293 62908 30385 44540 29326 6359 22967 6051 44157 2001 890 42156 6112 18368
is_linear=0
shrinkage=0.1


Tree=41
num_leaves=15
num_cat=0
split_feature=17 4 17 2 4 4 3 13 19 4 5 5 17 1
split_gain=30.8402 29.6023 33.4909 48.6666 48.8511 43.3584 38.3866 31.564 30.7096 39.6733 36.7081 39.5552 33.4885 32.8833
threshold=828.75000000000011 -23.749999999999996 3.7500000000000004 -37.499999999999993 -173.74999999999997 -603.74999999999989 225.00000000000003 660.00900000000013 -0.6587658185941293 18.750000000000004 27.500000000000004 32.500000000000007 -36.249999999999993 252.50000000000003
decision_type=10 10 8 8 10 8 10 2 2 10 2 2 10 10
left_child=1 2 3 -1 -5 -4 7 -7 9 12 -10 -12 -3 -11
right_child=-2 8 5 4 -6 6 -8 -9 10 13 11 -13 -14 -15
leaf_value=0.013328175733489992 -0.063550916468470178 0.081620320887078435 0.12758411317629967 0.017396444410914157 0.12757562293110056 -0.0056170764943321658 0.055461042798086703 -0.062577713987379893 -0.031662404158464934 0.02754221471241057 0.011990511371779899 -0.041158355546563503 -0.021968425432465563 -0.086522043232238846
leaf_weight=613.25199053250253 75.383358580060303 32.5269715487957 23.368011120706797 77.502279497683048 83.527922756969929 506.91184094548225 82.91008629091084 119.46175695769489 711.39296815451235 617.24817608110607 603.95137771265581 181.20286765927449 454.61138800205663 25.39518135227263
leaf_count=4418 4478 162 313 1148 1181 8427 657 3470 26009 6679 19442 7716 8600 682
internal_value=-0.00058829 0.00057513 0.011743 0.0262307 0.0749821 -0.00358275 -0.0080777 -0.016563 -0.00583482 0.00660744 -0.0152259 -0.000312272 -0.0148986 0.0229073
internal_weight=4208.65 4133.26 1506.93 774.282 161.03 732.652 709.284 626.374 2626.33 1129.78 1496.55 785.154 487.138 642.643
internal_count=93382 88904 19614 6747 2329 12867 12554 11897 69290 16123 53167 27158 8762 7361
is_linear=0
shrinkage=0.1


Tree=42
num_leaves=15
num_cat=0
split_feature=18 4 17 2 13 22 4 17 11 17 13 6 4 11
split_gain=30.5292 25.1665 31.7228 39.5827 27.6019 27.0537 34.9738 55.607 49.8371 24.4373 43.1547 24.3137 23.6929 23.1024
threshold=-0.91201878827502736 -18.749999999999996 23.750000000000004 -37.499999999999993 542.56190000000004 5.1630907058715829 23.750000000000004 -38.749999999999993 -0.21904602694595091 861.25000000000011 452.35750000000002 4321.3713100314917 516.25000000000011 -0.12834581713113549
decision_type=2 8 10 8 2 10 8 10 2 8 2 2 10 2
left_child=-1 2 3 -2 -5 9 7 -7 -9 10 -3 12 -12 -6
right_child=1 5 -4 4 13 6 -8 8 -10 -11 11 -13 -14 -15
leaf_value=-0.038851326423737134 0.011495172955577069 0.056893584519944043 -0.015037271279162018 0.026712730660111091 -0.025917854535505852 0.060821121963303498 -0.00015822708989789475 0.07249487813781437 -0.050763374579518565 -0.03575538353889423 0.0082490383635572158 -0.092552413802741623 -0.049236708250967723 0.12164782440000642
leaf_weight=201.8903136914596 604.13907905295491 164.93384198285639 278.5210369345732 100.14137197565287 11.83392841555178 56.655278624966741 764.51618753140792 34.259203557856381 495.93962057074532 132.62683369778097 1142.0830460959114 25.29094047518447 75.501727228518575 80.5158302616328
leaf_count=13634 4777 985 7125 1474 233 414 15146 545 21946 2729 21241 378 1173 1502
internal_value=-0.00101608 0.000918775 0.0139742 0.0241234 0.0634931 -0.00393827 -0.0142599 -0.0325992 -0.0426775 0.00511993 0.00899335 0.0025962 0.0046469 0.102663
internal_weight=4168.85 3966.96 1075.15 796.63 192.491 2891.81 1351.37 586.854 530.199 1540.44 1407.81 1242.88 1217.58 92.3498
internal_count=93302 79668 15111 7986 3209 64557 38051 22905 22491 26506 23777 22792 22414 1735
is_linear=0
shrinkage=0.1


Tree=43
num_leaves=15
num_cat=0
split_feature=0 17 17 13 8 4 4 18 0 21 0 5 3 3
split_gain=25.7089 44.1759 40.5384 36.3755 54.7112 41.8861 39.1958 34.4753 29.9685 29.7055 31.5247 39.9317 39.0126 26.3014
threshold=7.5000000000000009 8.7500000000000018 1331.2500000000002 518.91120000000012 590.76219525855129 18.750000000000004 -148.74999999999997 0.96602908662670139 -92.499999999999986 25.208333333333339 -247.49999999999997 20.500000000000004 25.000000000000004 45.000000000000007
decision_type=10 10 8 2 2 10 8 2 10 10 10 2 8 10
left_child=1 7 3 -2 6 -6 -5 13 -9 -3 11 12 -11 -1
right_child=2 9 -4 4 5 -7 -8 8 -10 10 -12 -13 -14 -15
leaf_value=-0.0088868248045347979 0.043239348713432248 -0.039482037181250561 -0.091590296328513232 0.074817043231383634 0.011168977107020538 0.14044318630467437 -0.014891582042556795 -0.010779701459449235 0.053095540595115093 0.28617757430574547 -0.018145853753330134 -0.0097220792847442245 0.052713589066478543 0.022450688419916619
leaf_weight=1571.1578532760032 329.30962874600664 532.12475293874741 35.464871121570468 52.109196709934622 53.810818353202194 46.226591030135751 587.28481859154999 110.42377088498324 216.64037276338786 10.870937332976608 217.33646622067317 37.737758295610547 19.514397285878662 321.8359516877681
leaf_count=32064 3814 20336 1344 976 1878 1176 15792 703 3062 295 7918 875 518 2218
internal_value=-0.000935927 -0.00568601 0.0121248 0.0156488 0.00331944 0.0717045 -0.00747511 0.00163481 0.0315628 -0.0255426 0.000488971 0.059343 0.142697 -0.00354996
internal_weight=4141.85 3037.64 1104.21 1068.74 739.431 100.037 639.394 2220.06 327.064 817.584 285.46 68.1231 30.3853 1892.99
internal_count=92969 67989 24980 23636 19822 3054 16768 38047 3765 29942 9606 1688 813 34282
is_linear=0
shrinkage=0.1


Tree=44
num_leaves=15
num_cat=0
split_feature=3 18 17 15 22 14 6 3 5 22 14 2 3 20
split_gain=24.1616 28.9241 26.8318 24.1192 31.8803 32.2111 32.9048 25.1622 24.7421 23.8098 22.5587 22.3746 21.7788 23.3678
threshold=1.0000000180025095e-35 0.96602908662670139 1331.2500000000002 -235.25554999999991 -0.48234176635742182 -58.219000000000015 899.16625299533018 -314.99999999999994 25.500000000000004 4.9900221824646005 9.2139499999999561 -702.49999999999989 -184.99999999999997 88.750000000000014
decision_type=10 2 8 10 10 8 2 8 2 10 8 10 8 8
left_child=1 3 -2 -1 5 -5 11 9 -9 10 -6 -7 -3 -14
right_child=2 12 -4 4 7 6 -8 8 -10 -11 -12 -13 13 -15
leaf_value=0.010388011646855114 0.0080962628581121628 -0.033641254065931145 -0.076881614444604396 -0.061405690231534527 0.01131137864032505 0.10746178635211878 -0.012885003017367898 -0.046046546543929041 -0.016751394574371827 -0.040224601580457368 0.15056114335901591 0.025649538328587212 0.044828112763561259 -0.043745443974981833
leaf_weight=347.03974519949406 1857.4543997822329 61.086966236121953 36.920792037155479 54.419712855946273 26.36361767584458 51.259027566295117 139.34851043205708 516.76488607050851 654.77272823126987 29.335240179672837 20.076817187480628 95.288865320384502 213.88183406647295 33.761228741146624
leaf_count=9349 29311 539 1037 803 683 694 1641 17353 24560 985 295 1472 3609 877
internal_value=-0.00191352 -0.00893368 0.00640038 -0.0134704 -0.0186888 0.00842075 0.0218798 -0.0260862 -0.0297017 0.0294709 0.0734156 0.0547999 0.0194473 0.0326255
internal_weight=4137.77 2243.4 1894.38 1934.67 1587.63 340.316 285.896 1247.31 1171.54 75.7757 46.4404 146.548 308.73 247.643
internal_count=93208 62860 30348 57835 48486 4610 3807 43876 41913 1963 978 2166 5025 4486
is_linear=0
shrinkage=0.1


Tree=45
num_leaves=15
num_cat=0
split_feature=12 12 1 19 18 0 4 17 14 21 22 11 11 5
split_gain=31.1775 21.7626 26.5781 23.0728 34.9032 35.4625 28.2277 28.7364 29.9564 26.5584 25.6805 43.1428 25.1917 24.8371
threshold=-559.24999999999989 135.25000000000003 -92.499999999999986 -0.69669039502507846 0.96602908662670139 87.500000000000014 398.75000000000006 -23.749999999999996 -87.323249999999959 58.875000000000007 2.1988296508789067 -0.21274429489592908 0.17427676495298419 27.500000000000004
decision_type=2 2 10 2 2 8 10 10 8 10 10 2 2 2
left_child=-1 3 -3 -2 6 12 7 -5 9 -9 11 -10 13 -6
right_child=1 2 -4 4 5 -7 -8 8 10 -11 -12 -13 -14 -15
leaf_value=0.046706311503565613 0.011001901193757673 0.0086112768451312178 -0.042430601773246333 0.01119268883396521 0.001951574044590702 -0.076799587013781229 -0.078140008274157305 -0.0014868630470675449 0.18270616415327898 0.087006786433348027 -0.037563011738777567 -0.01007827494647834 0.14646973587329415 0.050960278662278237
leaf_weight=136.16930142976344 1364.2052754275501 164.43798369728029 266.49594751186669 469.19924568291754 265.14047506824136 35.473681664094329 61.645454561337829 187.48885737638921 11.049536407925187 40.394490148406476 630.1734546343796 316.10329298023134 15.680070343427358 168.61290379334241
leaf_count=1457 16919 3089 10196 4307 3599 638 1450 7025 289 1193 31765 8648 189 2729
internal_value=-0.000171308 -0.00177997 -0.0229789 0.000788142 -0.0055447 0.0181205 -0.0122384 -0.00973715 -0.0180253 0.0145111 -0.0257773 -0.00303008 0.0257664 0.0210761
internal_weight=4132.27 3996.1 430.934 3565.17 2200.96 484.907 1716.05 1654.41 1185.21 227.883 957.326 327.153 449.433 433.753
internal_count=93493 92036 13285 78751 61832 7155 54677 53227 48920 8218 40702 8937 6517 6328
is_linear=0
shrinkage=0.1


Tree=46
num_leaves=15
num_cat=0
split_feature=6 21 19 17 13 16 6 15 13 2 14 13 22 12
split_gain=25.2704 35.9941 33.6042 24.2451 23.1454 32.6112 43.1005 29.5144 21.3954 32.6858 50.3577 22.6728 21.3045 20.1241
threshold=142.65245733414125 70.208333333333357 -0.91249077947840473 8.7500000000000018 660.00900000000013 62.39678333333331 899.16625299533018 213.95515 520.00760000000002 152.50000000000003 10.35085000000001 523.74455000000012 -1.6401939392089842 -235.24999999999997
decision_type=2 10 2 10 2 10 2 8 2 10 8 2 10 2
left_child=1 3 -3 -1 5 8 -7 -6 9 -2 -11 -10 -5 -13
right_child=4 2 -4 12 7 6 -8 -9 11 10 -12 13 -14 -15
leaf_value=0.019429927320274976 0.00028889873554923133 0.13942789363339128 0.031011068013355344 0.10426357128152182 -0.04262564933978015 0.015832437080622552 0.12762382236675759 -0.00089436154241584291 -0.062013866990192679 -0.04334054929946609 0.13498373937835517 0.024737558023053458 -0.033639408341607439 -0.016856326154466864
leaf_weight=371.42352294828743 1379.4551936900243 38.502116497140378 106.658357700333 11.010872754268346 325.9854407645762 249.29410555679351 39.104959494899958 351.92342813685536 93.591537320520729 24.117357701063156 43.027204063721001 136.36288196966052 172.93792525772005 761.07761086011305
leaf_count=8244 15470 355 2521 184 14359 4983 611 7329 1850 440 344 1990 7150 27277
internal_value=-0.000913301 0.0163693 0.0605246 0.00474015 -0.00447383 -0.000359186 0.0313792 -0.0209949 -0.00412552 0.00362888 0.0712362 -0.0154368 -0.0248657 -0.0105158
internal_weight=4104.47 700.533 145.16 555.372 3403.94 2726.03 288.399 677.909 2437.63 1446.6 67.1446 991.032 183.949 897.44
internal_count=93107 18454 2876 15578 74653 52965 5594 21688 47371 16254 784 31117 7334 29267
is_linear=0
shrinkage=0.1


Tree=47
num_leaves=15
num_cat=0
split_feature=0 20 13 13 22 8 3 12 11 11 1 22 22 11
split_gain=27.4609 37.3859 24.6624 22.9902 27.5916 27.3633 25.2064 17.5338 19.8799 23.5286 34.5329 20.9447 25.009 17.7387
threshold=17.500000000000004 -594.58333333333314 548.93610000000012 518.91120000000012 4.9900221824646005 546.07688695407694 25.000000000000004 -27.888888888888882 -0.039905028822786438 -0.23332696182973797 -3634.9999999999995 10.529664993286135 0.16610884666442874 -0.034225707052981301
decision_type=10 8 2 2 8 2 8 2 2 2 10 10 8 2
left_child=7 2 -2 4 -3 6 -5 8 9 10 -1 12 -11 -10
right_child=1 3 -4 5 -6 -7 -8 -9 13 11 -12 -13 -14 -15
leaf_value=0.16032703377187249 0.18021679305982014 0.078745774286797937 0.026477972759611564 -0.050351828048441065 0.0082197888775157654 0.045456638387483685 0.0045978704366466394 -0.011734695408213888 0.081186125374823045 -0.035847236693171788 0.0044775162703207362 -0.075316204759741268 0.0060401471288356792 0.0091309304646908888
leaf_weight=17.72248765360564 21.462476816028357 94.481087397783995 20.237364219501615 121.75866767088883 133.02019905298948 100.25899875489995 260.44434071378782 1574.6646598866209 34.385709493886679 236.54158232314512 59.339521240442991 53.906899108551443 355.8023895137012 1012.1952244210988
leaf_count=242 199 747 271 6346 1436 2543 3658 46268 535 2804 661 1967 6412 19112
internal_value=-0.000179295 0.0170789 0.107973 0.0115958 0.0377256 -0.000778019 -0.0129932 -0.00406188 0.00276735 -0.00997298 0.041914 -0.0162154 -0.010719 0.0115736
internal_weight=4096.22 751.663 41.6998 709.963 227.501 482.462 382.203 3344.56 1769.89 723.313 77.062 646.251 592.344 1046.58
internal_count=93201 15200 470 14730 2183 12547 10004 78001 31733 12086 903 11183 9216 19647
is_linear=0
shrinkage=0.1


Tree=48
num_leaves=15
num_cat=0
split_feature=22 21 0 11 7 22 12 11 20 0 18 0 13 3
split_gain=23.5315 23.731 26.9763 20.6859 32.2264 16.466 16.4552 18.1955 23.9899 27.8355 17.6554 17.3837 19.4166 15.8202
threshold=10.590743541717531 -466.45833333333331 -2829.9999999999995 0.051018259512869486 21.660444506814091 1.0000000180025095e-35 188.16666666666669 -0.030713550385328824 -29.583333333333332 27.500000000000004 0.99846012810022822 17.500000000000004 405.05580000000003 -64.999999999999986
decision_type=10 8 8 2 8 10 2 2 10 8 2 10 2 8
left_child=1 3 -3 4 5 -1 10 13 9 -9 11 12 -4 -8
right_child=-2 2 6 -5 -6 -7 7 8 -10 -11 -12 -13 -14 -15
leaf_value=0.11191290076915716 -0.029070817401427848 0.14894092025581571 0.05103004764173083 -0.0031794314298830926 0.19411522777011606 -0.041969349828086075 -0.079959764981562056 -0.04373409469430628 -0.084807755327885662 0.072279561388146757 0.032604748293514278 0.015959518626183462 -0.0041365196416455327 0.035757387148680514
leaf_weight=11.279377705417575 256.40064561367035 11.286304666195063 64.385957950726151 34.269984008278698 19.238393803592771 15.172421026974915 13.387339295353739 68.912612673826516 74.232380842091516 28.382806616835296 181.23066145926714 603.46143055241555 2634.0611493592151 65.619050785666332
leaf_count=105 8400 173 452 641 313 364 393 1733 3423 653 1806 11399 61457 1907
internal_value=0.000196409 0.0021654 0.00100715 0.0557301 0.099037 0.0253344 0.000520207 -0.0241811 -0.0423936 -0.00949982 0.00230334 0.000630832 -0.00280181 0.0153952
internal_weight=4081.32 3824.92 3744.96 79.9602 45.6902 26.4518 3733.67 250.534 171.528 97.2954 3483.14 3301.91 2698.45 79.0064
internal_count=93219 84819 83396 1423 782 469 83223 8109 5809 2386 75114 73308 61909 2300
is_linear=0
shrinkage=0.1


Tree=49
num_leaves=15
num_cat=0
split_feature=12 5 20 5 0 17 11 15 13 18 9 4 10 11
split_gain=20.5944 26.9436 28.1554 27.8051 30.8821 26.1302 23.9771 25.2094 23.6643 21.6509 19.2353 22.7007 20.8261 20.1285
threshold=-28.874999999999996 22.500000000000004 357.08333333333343 31.500000000000004 17.500000000000004 -21.249999999999996 -0.039905028822786438 -179.28450000000001 1014.4092500000002 0.99846012810022822 0.16473930481283425 186.25000000000003 0.44222222222222224 0.17427676495298419
decision_type=2 2 10 2 10 10 2 8 2 2 2 10 2 2
left_child=6 -2 3 4 9 -5 7 -1 10 -3 11 13 -12 -8
right_child=1 2 -4 5 -6 -7 8 -9 -10 -11 12 -13 -14 -15
leaf_value=0.039048776775058539 -0.020637707224112529 0.00057967804239897217 -0.077179190618784033 0.034541626606081739 0.050101885732475364 -0.053378398983171975 0.035542556666700129 -0.012222273492061828 0.083481252673388281 0.080591894049397206 0.053780032349157014 -0.049882859139829046 -0.0044499131850112466 -0.085249999622643222
leaf_weight=109.64036392699927 798.78696012939326 753.25110200885683 41.107815192081034 44.901728434488177 178.88180075446144 129.01311408635229 513.9210103424266 719.44909072993323 49.676563296932727 34.409678510390222 67.807335935533047 34.971634414512664 571.2242197082378 13.250632828567175
leaf_count=1608 19876 22326 2686 417 4326 6346 9275 12376 1356 505 725 479 10368 340
internal_value=0.000833543 -0.00646357 0.00312808 0.00608783 0.0127161 -0.0306113 0.00778104 -0.00540322 0.0165172 0.00417284 0.0136806 0.0271554 0.00180321 0.0323507
internal_weight=4060.29 1980.35 1181.57 1140.46 966.543 173.915 2079.94 829.089 1250.85 787.661 1201.17 562.143 639.032 527.172
internal_count=93009 56482 36606 33920 27157 6763 36527 13984 22543 22831 21187 10094 11093 9615
is_linear=0
shrinkage=0.1


Tree=50
num_leaves=15
num_cat=0
split_feature=3 22 17 19 17 22 9 15 11 7 19 7 14 8
split_gain=18.7376 29.6619 28.3207 27.0787 26.754 30.9764 23.7971 24.6891 29.6588 24.6729 24.2414 31.4455 22.5415 21.3376
threshold=15.000000000000002 5.9495010375976571 1331.2500000000002 -0.96173812686902471 -6.2499999999999991 15.60667133331299 0.16473930481283425 -179.28450000000001 0.034868791185246668 -332.52962235503225 0.9483965485850524 -23.676542922469249 -19.405900000000027 127.27679557769609
decision_type=10 10 8 2 10 10 2 10 2 10 2 10 8 2
left_child=1 6 12 -3 -5 -6 7 8 9 -1 -9 -12 -2 -8
right_child=2 3 -4 4 5 -7 13 10 -10 -11 11 -13 -14 -15
leaf_value=0.16425406431157885 0.051999280842225805 0.034231329314105573 -0.084101514739410507 0.0039762675544639334 -0.037802381430565857 0.10215812123495771 0.02141804527786054 -0.0039827023937360467 -0.024688296223964304 0.05307378650897026 0.15846956563602921 0.017649753595131216 0.0075243900938467487 -0.012773298538294869
leaf_weight=25.20185556076467 124.32985605485737 87.835140403360128 30.674503703135997 252.21379975741729 635.59594521857798 15.279323800466953 231.4049481805414 351.79573311866261 36.236613652668893 92.156993209850043 21.135881981346756 56.992001731414348 1263.4158933679573 849.90723708597943
leaf_count=402 2108 2246 764 4342 33241 225 4616 6708 492 984 239 876 14352 21386
internal_value=0.000141565 -0.00481423 0.00941733 -0.0185034 -0.0236646 -0.0343651 0.00333992 0.0195973 0.0538738 0.0781349 0.00725495 0.0572669 0.0115435 -0.00544319
internal_weight=4074.18 2655.76 1418.42 990.924 903.089 650.875 1664.83 583.519 153.595 117.359 429.924 78.1279 1387.75 1081.31
internal_count=92981 75757 17224 40054 37808 33466 35703 9701 1878 1386 7823 1115 16460 26002
is_linear=0
shrinkage=0.1


Tree=51
num_leaves=15
num_cat=0
split_feature=17 4 5 5 1 22 17 1 20 11 2 4 9 11
split_gain=20.845 19.3307 21.1614 47.5779 40.4056 23.6059 21.9835 20.331 43.9012 49.7387 25.6293 33.1127 25.4164 18.8612
threshold=1331.2500000000002 406.25000000000006 31.500000000000004 28.500000000000004 -2634.9999999999995 6.7236862182617196 8.7500000000000018 12.500000000000002 162.08333333333334 0.11354765380048294 72.500000000000014 128.75000000000003 0.12202212138400455 -0.25058409460232006
decision_type=10 10 2 2 8 10 10 8 8 2 10 10 2 2
left_child=1 2 3 4 -1 7 -7 12 9 10 -9 -12 -5 -6
right_child=-2 -3 -4 5 13 6 -8 8 -10 -11 11 -13 -14 -15
leaf_value=0.13008233024957425 -0.082759628336950539 -0.032536974662548505 -0.021702501457610282 0.056025003332857273 0.056445625017063829 0.031808736351370624 -0.018794988259372512 0.041075635162864249 -0.017753477771504593 0.30363766560397787 0.04163112568369965 0.26619963450779366 0.0045340388468262391 -0.0044265293497191471
leaf_weight=21.927240047603846 29.100933405803517 166.1197432121262 337.29827320598997 167.08062076359056 50.916007529944181 157.82503222115338 185.87610413180664 56.408276903443038 38.290952107869089 10.636352818459271 13.023254688829185 13.208371098153291 223.5666359779425 2611.5047512205783
leaf_count=274 2516 2898 11041 2434 732 4082 7278 1157 1078 214 294 130 3816 55361
internal_value=0.000149943 0.000765405 0.00219645 0.00447248 -0.00210456 0.0248403 0.00446674 0.0382152 0.0721131 0.108801 0.080394 0.160331 0.0266436 -0.00324166
internal_weight=4082.78 4053.68 3887.56 3550.26 2684.35 865.916 343.701 522.214 131.567 93.2763 82.6399 26.2316 390.647 2662.42
internal_count=93305 90789 87891 76850 56367 20483 11360 9123 2873 1795 1581 424 6250 56093
is_linear=0
shrinkage=0.1


Tree=52
num_leaves=15
num_cat=0
split_feature=17 12 0 0 5 5 17 1 21 6 4 11 1 2
split_gain=19.5024 19.2885 15.939 15.2299 15.8133 31.9545 31.1126 23.2176 22.7759 39.1729 41.3227 28.4163 25.3316 20.3071
threshold=828.75000000000011 -509.49999999999994 -2829.9999999999995 -1554.9999999999998 31.500000000000004 28.500000000000004 -68.749999999999986 -2634.9999999999995 17.708333333333339 2381.6485881097919 -61.249999999999993 -0.0080198275687052272 222.50000000000003 222.50000000000003
decision_type=10 2 8 8 2 2 10 8 10 2 10 2 10 8
left_child=1 -1 -3 -4 5 7 -6 -5 9 10 11 -7 -10 -9
right_child=-2 2 3 4 6 8 -8 13 12 -11 -12 -13 -14 -15
leaf_value=0.033141979116330204 -0.05810826486140272 0.10327921002069528 -0.078692907621558228 0.11242826471962337 0.041595519892045019 -0.018656835664558249 -0.035396867555140904 -0.0089407238900264512 0.043586098347676128 0.10167743190037058 -0.021235476140530143 0.078356425164267773 -0.078904050201847223 0.016894241736698391
leaf_weight=168.36385173816234 57.372190505033359 13.509344989433883 24.54129991075024 15.819878639653323 63.278593614697456 46.065902714151889 287.38638600381091 2247.0765119446442 327.77445510867983 37.250747695565224 352.96846499480307 84.854266744572669 16.900523381773382 350.93168951757252
leaf_count=1808 4452 190 305 185 378 813 10812 43977 5813 401 11334 1168 536 11131
internal_value=-0.000719901 0.000109925 -0.00133593 -0.00172925 -0.00121572 0.00082642 -0.0214246 -0.00468971 0.0174654 0.00425496 -0.00343905 0.0443384 0.0373691 -0.00544585
internal_weight=4094.09 4036.72 3868.36 3854.85 3830.31 3479.64 350.665 2613.83 865.814 521.139 483.889 130.92 344.675 2598.01
internal_count=93303 88851 87043 86853 86548 75358 11190 55293 20065 13716 13315 1981 6349 55108
is_linear=0
shrinkage=0.1


Tree=53
num_leaves=15
num_cat=0
split_feature=22 5 5 17 7 9 20 21 0 18 5 16 4 18
split_gain=18.4376 18.1265 31.4592 28.0457 23.4518 19.6185 25.1765 30.9053 25.8399 24.8021 26.4147 23.8767 18.5517 33.6193
threshold=8.6581230163574237 31.500000000000004 28.500000000000004 -348.74999999999994 569.8606255384035 0.56720782054639096 -347.91666666666657 37.291666666666679 1.0000000180025095e-35 0.92593442661121883 29.500000000000004 -1.432218749999947 -1.0000000180025095e-35 0.55923163791368669
decision_type=10 2 2 10 10 2 10 10 10 2 2 10 10 2
left_child=1 2 -1 -3 5 6 8 -8 -4 10 -9 -7 13 -5
right_child=-2 3 4 12 -6 11 7 9 -10 -11 -12 -13 -14 -15
leaf_value=-7.5620244610532443e-05 -0.015684805026718599 0.067192195964495147 0.044506581398185842 -0.05658286966385298 0.098852993949156462 -0.065935794820980734 -0.0019414170666975706 0.10585142593094859 0.16736304556917642 -0.051285710547537014 0.024449804131085214 0.028488830364769333 -0.049998570071989885 0.068826227967686601
leaf_weight=2418.4911792688072 600.38967927196063 31.423477780073881 83.455884128808975 41.10844041639939 38.064072748878971 54.499720325693488 320.82904919283465 75.031759069301188 20.988516930490732 20.79346651956439 85.469915614230558 50.924029377289116 174.52932448359206 42.429838987067342
leaf_count=48304 21031 165 840 1178 562 1345 8893 1205 208 362 1264 827 6221 738
internal_value=0.000476257 0.00328589 0.00547622 -0.0206241 0.0233539 0.0191846 0.0261018 0.0167349 0.0705482 0.0496149 0.0629235 -0.0204857 -0.0315351 0.00717421
internal_weight=4058.43 3458.04 3168.55 289.491 750.056 711.992 606.569 502.124 104.444 181.295 160.502 105.424 258.068 83.5383
internal_count=93143 72112 63810 8302 15506 14944 12772 11724 1048 2831 2469 2172 8137 1916
is_linear=0
shrinkage=0.1


Tree=54
num_leaves=15
num_cat=0
split_feature=17 22 6 4 6 7 19 18 14 4 14 2 19 4
split_gain=16.1177 16.5595 19.5774 16.1907 20.4017 16.3436 24.1995 26.6017 21.5833 19.9451 18.3286 17.0624 16.4038 16.8262
threshold=1331.2500000000002 10.590743541717531 142.65245733414125 -336.24999999999994 1033.4650224369145 102.47508741669607 -0.71500281916182284 0.30975593425560216 -312.21264999999994 33.750000000000007 -92.30444999999996 -157.49999999999997 0.071972700440407641 -6.2499999999999991
decision_type=10 10 2 8 2 10 2 2 8 8 8 10 2 10
left_child=1 2 -1 4 -4 8 7 -7 -5 10 11 -8 -13 -14
right_child=-2 -3 3 5 -6 6 9 -9 -10 -11 -12 12 13 -15
leaf_value=0.018458348370474175 -0.078046924979010959 -0.024017327510447831 0.050382781303936468 -0.087338149654928476 -0.067416189211257013 -0.01042064580631321 0.19203059549861093 0.073399447639192358 -0.004477586441385348 -0.035563051313774248 0.0016894323261689957 -0.0038864888453156278 0.006940679064876408 0.23850983705853468
leaf_weight=641.01002221554518 25.02768943994306 249.23059659847058 107.56851404346526 30.845788119360805 16.119747431948781 56.906510888598859 8.374892629683016 110.81962939538062 2466.6619023557287 112.46713224682026 200.08222334855236 27.117816565791145 5.8329661956522614 5.9501054529100639
leaf_count=15883 2517 8368 1341 322 331 826 141 640 55002 2201 4684 556 163 282
internal_value=0.000393391 0.000898647 0.00254313 -0.00070166 0.034613 -0.00215656 0.0138201 0.0450676 -0.00553551 -0.000829881 0.015042 0.0703475 0.0399945 0.133387
internal_weight=4064.02 4038.99 3789.76 3148.75 123.688 3025.06 527.551 167.726 2497.51 359.825 247.358 47.2758 38.9009 11.7831
internal_count=93257 90740 82372 66489 1672 64817 9493 1466 55324 8027 5826 1142 1001 445
is_linear=0
shrinkage=0.1


Tree=55
num_leaves=15
num_cat=0
split_feature=0 17 21 20 13 8 4 16 1 4 16 0 16 0
split_gain=18.1819 30.441 40.3362 31.9911 29.1432 26.408 31.7978 25.4169 30.8396 31.2046 37.6352 27.3729 25.1151 24.6998
threshold=17.500000000000004 8.7500000000000018 6.7708333333333348 -347.91666666666657 518.91120000000012 580.86119964591092 -108.74999999999999 62.39678333333331 17.500000000000004 -1.0000000180025095e-35 65.586426048951083 -1.0000000180025095e-35 195.07500801630439 87.500000000000014
decision_type=10 10 10 8 2 2 10 10 8 8 10 8 10 10
left_child=1 7 3 -3 -2 6 -6 -1 9 -9 11 -11 -10 -8
right_child=4 2 -4 -5 5 -7 13 8 12 10 -12 -13 -14 -15
leaf_value=-0.001720297631695856 0.042848097159692441 0.059265374157844053 0.0021954892436409175 -0.044441653268264866 0.03751825566769415 0.053645410529390092 -0.003620183765346216 0.055721180046518687 0.18411484558052571 -0.015805024525028733 -0.033577876061697147 0.12641189924751914 0.029668037872719745 -0.060489938826353444
leaf_weight=1941.6556314062327 235.36809138674289 30.893846367951483 496.4832786237821 471.87305177538656 108.0512984090019 77.82029710104689 204.79883351176977 123.68852740898728 20.215219264384359 23.994868821464479 149.35952032217756 29.460895570926368 21.816900153178722 120.91792770964094
leaf_count=33282 2237 600 18071 19112 1468 1661 5608 1405 404 263 4320 409 231 4140
internal_value=-0.000273416 -0.00345489 -0.0180283 -0.0379641 0.0138081 0.000390029 -0.00926568 0.00285378 0.0268921 0.0163498 -0.00781677 0.0634566 0.106501 -0.0248528
internal_weight=4056.4 3309.44 999.25 502.767 746.956 511.588 433.768 2310.19 368.536 326.504 202.815 53.4558 42.0321 325.717
internal_count=93211 78097 37783 19712 15114 12877 11216 40314 7032 6397 4992 672 635 9748
is_linear=0
shrinkage=0.1


Tree=56
num_leaves=15
num_cat=0
split_feature=13 15 17 21 11 7 22 1 5 16 9 13 14 5
split_gain=18.0506 25.1033 24.562 25.313 19.649 20.9685 29.4382 20.2148 16.6057 25.2014 40.3839 30.7562 26.6013 25.4199
threshold=726.60985000000016 213.95515 131.25000000000003 4.791666666666667 0.035718355867032293 -8.6570828077259545 6.379387855529786 -1742.4999999999998 28.500000000000004 62.39678333333331 0.70105894217839537 710.36405000000013 77.782750000000007 10.500000000000002
decision_type=2 8 8 10 2 8 10 10 2 10 2 2 10 2
left_child=8 -2 3 -3 5 -5 -7 -6 9 11 -11 13 -12 -1
right_child=1 2 -4 4 7 6 -8 -9 -10 10 12 -13 -14 -15
leaf_value=0.010274779965697103 -0.047245835152353421 -0.025771415623487871 -0.067258497764342659 -0.0098482028061942749 0.10278684989273022 0.21503952179589972 0.056093872061057364 -0.049176676476950398 0.011717896055382955 0.009193926176686483 0.029228877401104875 0.12533082008657145 0.18914055115780151 -0.014173887956963928
leaf_weight=575.73948718979955 190.08823986118659 83.907186336349696 42.12829112703912 20.184030130039901 11.003387565258889 16.823043816722929 36.817625681404024 31.372816457413137 1096.0885749775916 256.53663455601782 20.137731925584376 16.504258598200977 21.513781351968646 1619.7008209680207
leaf_count=5375 10471 2031 1992 356 199 193 716 576 26411 5822 570 583 162 37752
internal_value=-0.000862069 -0.0201463 0.00122618 0.0159068 0.0459653 0.0767844 0.108966 -0.00825792 0.00145472 -0.00302973 0.0242118 -0.00671139 0.114324 -0.00776063
internal_weight=4038.55 432.325 242.236 200.108 116.201 73.8247 53.6407 42.3762 3606.22 2510.13 298.188 2211.94 41.6515 2195.44
internal_count=93209 16534 6063 4071 2040 1265 909 775 76675 50264 6554 43710 732 43127
is_linear=0
shrinkage=0.1


Tree=57
num_leaves=15
num_cat=0
split_feature=12 2 5 5 12 5 0 3 3 15 5 21 5 13
split_gain=15.8845 18.8852 14.8827 25.1647 23.3515 20.7657 20.6089 18.1199 24.5226 27.519 25.9963 24.774 22.8074 22.405
threshold=184.08333333333334 -2172.4999999999995 25.500000000000004 18.500000000000004 -278.87499999999994 31.500000000000004 -652.49999999999989 75.000000000000014 -94.999999999999986 400.04765000000003 15.500000000000002 -1144.9999999999998 9.5000000000000018 483.41445000000004
decision_type=2 8 2 2 2 2 8 10 8 8 2 10 2 2
left_child=2 -2 3 7 6 -4 -5 8 -1 10 -10 -12 -11 -9
right_child=1 -3 5 4 -6 -7 -8 13 9 12 11 -13 -14 -15
leaf_value=0.038412031342922967 0.13594230999997786 -0.028013202143899282 0.011945663396029302 -0.077494194793882878 -0.027193980339554093 -0.015246369723837909 0.041565845906081263 0.077528555220934617 -0.030666244831956624 -0.028753120332354717 0.16213597134364327 0.0060455479043579072 0.067976462724516129 0.0081801988916797679
leaf_weight=125.75574935181066 6.2400042819790542 262.22736744163558 1654.7033789362758 16.292954435572028 611.99022868950851 337.3156124423258 91.765738096088171 68.067758671939373 429.64823624258861 35.539828252978623 9.9466755464673025 144.3742599808611 73.508512787055224 143.99491667328402
leaf_count=1439 79 8998 36432 150 16892 10939 1204 403 8570 908 258 3509 2043 1329
internal_value=-0.000262137 -0.023712 0.00142574 -0.00529861 -0.0196295 0.0073358 0.0230682 0.004721 -0.00203655 -0.00942117 -0.0180397 0.0170854 0.0364766 0.030699
internal_weight=4011.37 268.467 3742.9 1750.88 720.049 1992.02 108.059 1030.84 818.773 693.018 583.969 154.321 109.048 212.063
internal_count=93153 9077 84076 36705 18246 47371 1354 18459 16727 15288 12337 3767 2951 1732
is_linear=0
shrinkage=0.1


Tree=58
num_leaves=15
num_cat=0
split_feature=1 22 11 19 11 2 4 18 4 8 12 18 17 11
split_gain=14.6527 31.0132 42.6603 37.4926 26.4749 28.1285 24.6373 23.5517 23.4389 34.933 28.0397 31.7959 24.1911 19.4797
threshold=-32.499999999999993 2.3527889251708989 0.049890478397761541 0.35041260675351149 0.16036777162889626 -2504.9999999999995 -318.74999999999994 0.66511697943308767 63.750000000000007 599.66648127543408 -78.785714285714278 -0.52124116483261962 3.7500000000000004 -0.0025100178765110333
decision_type=10 10 2 2 2 8 8 2 10 2 2 2 8 2
left_child=-1 4 3 8 5 -2 -4 -6 10 13 11 -3 -13 -10
right_child=1 2 6 -5 7 -7 -8 -9 9 -11 -12 12 -14 -15
leaf_value=0.0055037991248393925 0.17705993368403167 -0.064880719620385316 0.1247714002710042 -0.042952833387939746 -0.0049182341484326564 0.0039263834050754622 -0.050169398155840428 0.1585529399435307 -0.02609981538834687 0.10758557481642959 -0.020398402429327497 0.10058262030631311 0.016378306521164766 0.047763654498281308
leaf_weight=2196.1248778742738 8.5525435265153629 29.703647032845765 7.3254370710346848 196.86894900514744 14.406661311630158 535.79019256541505 326.65864765807055 21.464710169937462 71.166641216957942 49.469990438781679 363.75667563523166 52.844778296537697 94.475794997997582 69.746105195721611
leaf_count=27502 83 1814 299 13336 405 13596 15733 238 1737 881 13546 796 1701 1411
internal_value=-1.2036e-05 -0.00658689 -0.0153808 -0.00433416 0.0125343 0.00696629 -0.0459713 0.0945469 0.00610854 0.0361861 -0.00452756 0.0280159 0.0470574 0.0105386
internal_weight=4038.36 1842.23 1262.02 928.033 580.214 544.343 333.984 35.8714 731.164 190.383 540.781 177.024 147.321 140.913
internal_count=93078 65576 51254 35222 14322 13679 16032 643 21886 4029 17857 4311 2497 3148
is_linear=0
shrinkage=0.1


Tree=59
num_leaves=15
num_cat=0
split_feature=13 19 4 2 15 1 11 11 8 19 11 19 11 3
split_gain=14.8879 29.0544 28.3298 22.0598 20.8435 29.8482 19.75 18.2897 17.4614 27.1335 30.665 24.5071 22.9069 19.439
threshold=660.00900000000013 -0.27693019561494486 8.7500000000000018 282.50000000000006 114.12745000000002 -7.4999999999999991 -0.055746914998354227 -0.032181209211217456 502.59229031997256 -0.67801649466304881 -0.012063691968016653 -0.39036009226888674 0.053707610051917105 435.00000000000006
decision_type=2 2 10 10 10 10 2 2 2 2 2 2 2 8
left_child=4 2 -2 6 -1 7 -4 -6 12 10 -10 -11 13 -8
right_child=1 -3 3 -5 5 -7 8 -9 9 11 -12 -13 -14 -15
leaf_value=0.0010568512501286128 -0.020464029289468597 -0.042565055086576764 -0.026958906188959294 -0.073768573261145318 0.011958478760793033 -0.014121391116601743 -0.04935286185612809 0.096955605342898654 0.14714911360147356 0.23623132946520808 -0.013308773834425094 0.03331849152972903 0.092966343117710487 0.052702420861055636
leaf_weight=3057.8879314034712 301.99455198436044 225.06223422382027 42.441557079786435 19.765315709402785 38.950443973764777 73.001560939941555 45.324126129271463 73.016967135481536 16.915542938746512 16.421044619986791 35.098733398132026 9.6058967036660743 30.597252706997097 30.276058361399919
leaf_count=64112 9207 9812 1303 1758 306 1364 1188 603 277 636 760 478 1016 361
internal_value=5.98049e-05 -0.0123972 3.7708e-05 0.0251417 0.00303401 0.0355387 0.0340523 0.067755 0.0481766 0.0838119 0.040665 0.165345 0.0214518 -0.00832771
internal_weight=4016.36 773.502 548.44 246.446 3242.86 184.969 226.68 111.967 184.239 78.0412 52.0143 26.0269 106.197 75.6002
internal_count=93181 26796 16984 7777 66385 2273 6019 909 4716 2151 1037 1114 2565 1549
is_linear=0
shrinkage=0.1


Tree=60
num_leaves=15
num_cat=0
split_feature=3 17 2 14 4 7 16 2 1 3 11 17 8 20
split_gain=23.9987 19.53 19.0829 23.0611 20.9133 16.1064 19.4664 15.7232 26.1482 25.8538 31.4539 26.2315 17.4155 17.3765
threshold=1.0000000180025095e-35 861.25000000000011 7.5000000000000009 -75.706750000000014 -78.749999999999986 -2673.7822300278444 -85.329963142857068 -17.499999999999996 -2984.9999999999995 -444.99999999999994 -0.101033311085164 11.250000000000002 94.72135954999581 -165.41666666666666
decision_type=10 8 8 8 10 10 10 10 10 8 2 8 2 10
left_child=7 2 5 -4 -5 6 -2 12 9 -9 11 -11 -1 -10
right_child=1 -3 3 4 -6 -7 -8 8 13 10 -12 -13 -14 -15
leaf_value=0.052661897738131437 -0.10734541137107652 -0.056524957000468959 0.095512936069010068 0.054484201962464833 0.0082379470561228015 0.005422812716442689 0.0010410376024566027 0.16297278576247354 0.069745311085026671 0.25494533763057275 -0.015819586558266398 0.00742026182118888 -0.0031586420341651517 -0.028150623929847865
leaf_weight=57.392879393184558 27.656961659900844 44.565877731656656 41.547215568600222 126.5109185683541 421.55922551779076 1158.8917217522394 39.243624456692487 11.364971083356066 17.700770622817799 7.6829823153093457 83.078954819357023 8.5678884950466472 1303.952173816273 678.11243272246793
leaf_count=769 230 1572 1117 1575 10377 15056 331 186 879 164 3064 389 22223 35207
internal_value=-0.000178234 0.00815278 0.00977078 0.0245373 0.0189927 0.00265373 -0.0446874 -0.00732655 -0.0183817 0.026588 0.0095145 0.132439 -0.000768379 -0.0255637
internal_weight=4027.83 1859.98 1815.41 589.617 548.07 1225.79 66.9006 2167.85 806.508 110.695 99.3298 16.2509 1361.35 695.813
internal_count=93139 30258 28686 13069 11952 15617 561 62881 39889 3803 3617 553 22992 36086
is_linear=0
shrinkage=0.1


Tree=61
num_leaves=15
num_cat=0
split_feature=7 6 2 11 18 22 9 2 4 0 8 14 22 11
split_gain=14.5967 18.2341 18.624 21.1279 27.6659 23.1903 20.0748 16.0879 34.4408 34.8479 30.6369 27.2838 23.5392 20.9715
threshold=102.47508741669607 252.09107776138137 -2504.9999999999995 -0.12304796269058065 0.082691702092476851 -0.23258399963378903 0.9122214319582741 -17.499999999999996 66.250000000000014 -3494.9999999999995 460.2172886644268 -249.60944999999995 15.60667133331299 -0.064323452242390597
decision_type=10 2 10 2 2 10 2 8 10 8 2 8 8 2
left_child=1 7 3 4 -3 -5 -4 11 9 -9 -10 -1 -11 -13
right_child=-2 2 6 5 -6 -7 -8 8 10 12 -12 13 -14 -15
leaf_value=-0.091303394438328023 0.014522570319870845 0.21186475310748631 -0.026000783662204742 0.044301931410119212 -0.010338451081043648 -0.041580655871624704 0.058905061614744861 0.2335540028970669 -0.026538259695769909 -0.020637041339241199 0.043200107635010941 -0.0074020965937678391 0.10216883823158558 0.01921512512566876
leaf_weight=25.692697009537369 583.24648327589966 10.776357196737083 653.78407503501512 61.068955551832914 10.520094620063899 62.716977922944352 28.159696621121839 4.5264227548614144 89.169241356430575 866.52557748230174 209.15190914296545 432.42372978571802 14.917574080405755 934.27881411998533
leaf_count=210 10822 304 13781 828 123 2123 414 75 2906 39157 5050 4687 224 12229
internal_value=-8.0392e-05 -0.00258623 -0.0154959 0.0169512 0.106559 0.000804425 -0.0224136 0.00156171 -0.00700293 -0.0168959 0.022336 0.00884611 -0.0184452 0.0107942
internal_weight=3986.96 3403.71 827.026 145.082 21.2965 123.786 681.944 2576.69 1184.29 885.97 298.321 1392.4 881.443 1366.7
internal_count=92933 82111 17573 3378 427 2951 14195 64538 47412 39456 7956 17126 39381 16916
is_linear=0
shrinkage=0.1


Tree=62
num_leaves=15
num_cat=0
split_feature=18 6 12 21 19 20 5 5 11 18 7 20 16 21
split_gain=16.2307 13.8479 11.8354 13.2661 14.662 13.0207 12.7773 28.1658 28.8475 24.3347 20.8789 19.0355 28.6973 32.2764
threshold=-0.97876850416056738 4730.9676258638256 -559.24999999999989 113.95833333333336 0.40418040343369127 712.08333333333337 22.500000000000004 18.500000000000004 -0.17465293225422679 0.99846012810022822 -236.48477303472748 107.08333333333336 -33.395788194444485 -23.958333333333332
decision_type=2 2 2 10 2 10 2 2 2 2 10 10 8 10
left_child=-1 2 3 4 -2 6 7 11 -9 -8 -10 -4 -13 -14
right_child=1 -3 5 -5 -6 -7 9 8 10 -11 -12 12 13 -15
leaf_value=-0.045580668924609644 0.01901703219091859 -0.056348224465691737 -0.0020257430736811458 -0.038684880057637712 0.097717176011754503 -0.054105922388707123 0.0033791917843835127 0.0255177695653055 -0.0020910914820611664 0.061442369650008523 -0.054306765277517467 0.11970126766324166 0.060447883313027764 -0.075914785285974853
leaf_weight=77.583769798045978 72.687310199253261 41.657193893333897 917.91355288075283 22.115015530958772 34.586162404157221 43.099132913048379 2163.3309801467694 83.662268153158948 107.78068540082313 73.680564662907273 264.21981259691529 32.275173420552164 43.209649082273245 27.585282249376178
leaf_count=6492 737 655 16313 214 314 3060 51946 1346 2086 941 7220 386 525 1041
internal_value=-0.000581878 0.000318335 0.000940107 0.0305586 0.045059 -8.7861e-05 0.000553446 -0.00666355 -0.0273075 0.00531822 -0.0392243 0.00256749 0.0430999 0.00699679
internal_weight=4005.39 3927.8 3886.15 129.388 107.273 3756.76 3713.66 1476.65 455.663 2237.01 372 1020.98 103.07 70.7949
internal_count=93276 86784 86129 1265 1051 84864 81804 28917 10652 52887 9306 18265 1952 1566
is_linear=0
shrinkage=0.1


Tree=63
num_leaves=15
num_cat=0
split_feature=3 14 8 22 16 6 16 21 9 19 11 8 19 3
split_gain=15.9225 29.9805 30.0617 24.7465 20.1337 24.1638 17.1751 20.0189 18.8005 14.1604 20.95 22.3032 13.873 34.5847
threshold=35.000000000000007 67.191999999999965 94.72135954999581 8.1959285736084002 132.69480740740747 165.22683929858746 -73.171360952380908 -111.45833333333333 0.17454990944923834 -0.98187525927109598 -0.039522611240376197 584.80726069629372 0.69674355214024553 -34.999999999999993
decision_type=10 10 2 10 10 2 8 8 2 2 2 2 2 10
left_child=3 4 -3 12 6 -6 8 -8 -2 10 -5 -12 -1 -14
right_child=1 2 -4 9 5 -7 7 -9 -10 -11 11 -13 13 -15
leaf_value=0.0036148749851890997 -0.010834921922171845 -0.12405970556198001 -0.0062912503259994999 -0.077148876005490183 0.19275905804659613 0.028644119797248319 0.071700523231918431 0.0055527523964822066 0.090482819715155455 -0.029530395992746025 0.0058022995409623438 0.18125082652562186 0.030675507232221285 -0.029994003244641489
leaf_weight=2017.5334722319385 26.090730438940227 22.447662378195673 288.58563832333311 11.791044064331798 13.844873977359383 23.763689333107322 49.33832336217165 504.84816072694957 58.929721769411117 456.8402574446518 18.287471522577111 11.075239803642033 124.09571540285833 377.49092154041864
leaf_count=44516 272 209 3340 294 176 360 415 4826 469 21764 423 242 2705 13162
internal_value=-0.000508624 0.0105044 -0.0151611 -0.00411674 0.0223041 0.0924877 0.0180367 0.0115603 0.0596263 -0.0244621 0.0311655 0.0757692 -8.66376e-05 -0.0149528
internal_weight=4004.96 987.849 311.033 3017.11 676.815 37.6086 639.207 554.186 85.0205 497.994 41.1538 29.3627 2519.12 501.587
internal_count=93173 10067 3549 83106 6518 536 5982 5241 741 22723 959 665 60383 15867
is_linear=0
shrinkage=0.1


Tree=64
num_leaves=15
num_cat=0
split_feature=4 14 3 0 3 21 0 13 8 3 1 21 0 13
split_gain=13.0752 12.4814 23.2717 24.7282 23.0579 24.4599 35.4054 24.3883 22.6008 19.1114 18.9836 18.5804 18.2241 17.189
threshold=861.25000000000011 -6.5314499999999489 25.000000000000004 -3494.9999999999995 -74.999999999999986 -34.479166666666664 -72.499999999999986 419.97000000000008 242.48571034191013 655.00000000000011 -257.49999999999994 48.875000000000007 -7.4999999999999991 521.7437000000001
decision_type=10 8 10 8 8 10 10 2 2 10 10 10 10 2
left_child=1 2 3 -1 5 6 -3 8 -6 12 -7 -12 -4 -9
right_child=-2 4 9 -5 7 10 -8 13 -10 -11 11 -13 -14 -15
leaf_value=0.1532814208363823 -0.041256351921715978 -0.049496576395449798 0.0063208431724099236 -0.015387513552234534 0.016422778054828648 0.12832268942263403 0.068815088445277769 0.014597720388771065 -0.094457511804023897 -0.063871692250975096 0.070616195052346994 -0.077084179316708884 0.078244650612913497 -0.0024481151216663717
leaf_weight=7.7791568757966161 73.702994534978643 53.226986746536568 75.375470889732242 949.42048231628723 29.035595744848251 39.534448351711035 46.414158886764199 936.99150301422924 47.908507201820612 19.300162573345006 30.204139566747472 10.795125555712728 65.461431765928864 1601.227281952044
leaf_count=105 1378 389 751 33681 211 408 518 10195 439 212 816 364 948 42749
internal_value=0.0001865 0.0009775 -0.00795156 -0.0138582 0.00454814 0.0390482 0.00575072 0.0021572 -0.0529419 0.0272216 0.07967 0.0308172 0.0400672 0.00384768
internal_weight=3986.38 3912.67 1117.34 957.2 2795.34 180.175 99.6411 2615.16 76.9441 160.137 80.5337 40.9993 140.837 2538.22
internal_count=93164 91786 35697 33786 56089 2495 907 53594 650 1911 1588 1180 1699 52944
is_linear=0
shrinkage=0.1


Tree=65
num_leaves=15
num_cat=0
split_feature=7 14 19 18 3 21 1 14 22 22 2 11 19 11
split_gain=13.1809 22.3332 18.9009 28.4734 20.9783 14.56 20.5184 21.0703 14.524 12.384 24.2342 26.9572 28.161 28.478
threshold=60.755720617247697 -260.72654999999992 -0.71500281916182284 0.30975593425560216 1005.0000000000001 80.625000000000014 -3634.9999999999995 89.042600000000007 11.49969530105591 2.0541501045227055 -12.499999999999998 0.051018259512869486 -0.91595872546125101 -0.055746914998354227
decision_type=10 8 2 2 10 8 10 8 8 10 8 2 2 2
left_child=1 -1 3 -2 5 6 7 -4 -8 -3 -11 12 13 -12
right_child=2 9 4 -5 -6 -7 8 -9 -10 10 11 -13 -14 -15
leaf_value=-0.067870485337571826 -0.011253926514595678 0.0059741844819039061 0.031065290063362935 0.065494130862070427 -0.082101986959817283 -0.028924584186192689 0.0028571533990738073 0.20311877128247097 0.090991362380191398 0.0039946470821747831 -0.038897543239053721 -0.044356526583027168 -0.018879481485836423 0.051200240529729914
leaf_weight=51.354671857319772 75.993126853136346 1209.4650912119541 20.970917969709262 130.60755890514702 27.401268898043782 92.046016128268093 318.32795950397849 10.143255599774422 18.870464453473687 1025.4696201619226 47.215972877107561 276.78401157981716 547.8642788999714 128.99476657412015
leaf_count=1040 1237 18276 618 769 268 1733 7908 114 307 15044 1182 14364 28068 2307
internal_value=-0.000434063 -0.00307922 0.0120747 0.037346 0.00131604 0.00644841 0.015343 0.0917332 0.00804383 -0.00203028 -0.00680854 -0.0178703 -0.0076985 0.0269751
internal_weight=3981.51 3287.15 694.361 206.601 487.76 460.359 368.313 31.1142 337.198 3235.79 2026.33 1000.86 724.075 176.211
internal_count=93235 80281 12954 2006 10948 10680 8947 732 8215 79241 60965 45921 31557 3489
is_linear=0
shrinkage=0.1


Tree=66
num_leaves=15
num_cat=0
split_feature=22 13 11 14 18 5 14 7 5 5 19 22 5 7
split_gain=14.7402 13.0162 19.9454 13.4007 17.6746 23.7213 27.7031 26.8735 17.3749 21.8428 19.9739 21.6091 19.8575 19.5223
threshold=10.590743541717531 405.05580000000003 0.019455651497042332 -7.2101499999999978 0.86939742797584552 27.500000000000004 -92.30444999999996 -311.85189674911163 31.500000000000004 22.500000000000004 0.9739916127851781 -1.9244709014892576 18.500000000000004 1586.6108201498776
decision_type=10 2 2 8 2 2 10 8 2 2 2 10 2 10
left_child=1 2 -1 4 -3 6 -6 -7 9 12 11 -11 13 -5
right_child=-2 3 -4 8 5 7 -8 -9 -10 10 -12 -13 -14 -15
leaf_value=0.084678701048439567 -0.024810080340026054 -0.019522490984923292 -0.023818272345844594 0.0060883020887675318 0.025858105168649614 0.18587856910376355 -0.055362020374895043 0.027032668372280591 -0.024106868078679893 0.061435521113581908 -0.021111934856397261 0.014937827522419367 -0.025143494991580684 -0.088719299407467478
leaf_weight=43.103675581514835 237.86454336997122 647.6585759925656 26.928859506733716 913.85712156351656 82.049805982038379 10.737042017281054 84.098515422781929 122.33029624773189 208.45054933102801 110.11699801706709 134.51568296388723 1011.1175009391736 315.22939887456596 21.249093315331265
leaf_count=283 8455 24961 240 15423 1755 147 1763 2548 6433 1073 2660 20851 6238 268
internal_value=-0.000727474 0.000813931 0.0432115 -8.5933e-06 -0.0102456 0.00983259 -0.015338 0.0411406 0.0035647 0.00587505 0.0151855 0.0195551 -0.00348037 0.00384145
internal_weight=3969.31 3731.44 70.0325 3661.41 946.874 299.216 166.148 133.067 2714.54 2506.09 1255.75 1121.23 1250.34 935.106
internal_count=93098 84643 523 84120 31174 6213 3518 2695 52946 46513 24584 21924 21929 15691
is_linear=0
shrinkage=0.1


Tree=67
num_leaves=15
num_cat=0
split_feature=12 22 17 10 16 13 21 12 20 19 17 4 1 21
split_gain=14.5678 18.3222 14.4039 15.4643 21.6389 19.1111 13.6699 14.827 13.5598 12.8344 20.4876 20.2696 19.5 17.7186
threshold=50.250000000000007 6.1900882720947275 461.25000000000006 0.98387096774193561 -130.71915999999985 452.35750000000002 -125.72916666666664 352.07142857142861 -38.166666666666664 0.81797259176656401 -23.749999999999996 216.25000000000003 162.50000000000003 1.0000000180025095e-35
decision_type=2 8 8 2 8 2 8 2 8 2 8 10 10 8
left_child=9 2 3 5 -5 -2 -6 -8 -3 -1 11 13 -12 -11
right_child=1 8 -4 4 6 -7 7 -9 -10 10 12 -13 -14 -15
leaf_value=0.0057661303006366141 0.062016444485950298 -0.006745009591255605 -0.041639402929839503 0.1272313989195934 0.083988877845193988 -0.023185259641107517 0.013082051466609929 -0.082340167948465159 -0.045560951264928123 -0.0018933136121413751 -0.036245328331440715 -0.073313788465067586 0.13562004109296405 0.059464400815337597
leaf_weight=2488.7062402816955 28.86673429608345 158.75246171187609 74.397296501556411 16.856679854914546 24.10226036561653 222.80131089594215 237.79573352914304 16.480889452155679 208.02069329889491 130.94028348661959 245.33704127091914 25.19455067999661 5.8194146626628926 72.421076721511781
leaf_count=51679 195 3201 3725 302 367 5732 5289 483 9914 992 10377 208 171 594
internal_value=-0.000622644 -0.0111337 -0.000661033 0.00497923 0.0204729 -0.0132057 0.0135761 0.00659895 -0.0288241 0.00287867 -0.0120821 0.00956505 -0.0317411 0.0201415
internal_weight=3956.49 988.074 621.301 546.904 295.236 251.668 278.379 254.277 366.773 2968.42 479.712 228.556 251.156 203.361
internal_count=93229 29208 16093 12368 6441 5927 6139 5772 13115 64021 12342 1794 10548 1586
is_linear=0
shrinkage=0.1


Tree=68
num_leaves=15
num_cat=0
split_feature=0 14 8 13 11 18 21 19 20 14 5 5 15 11
split_gain=10.3919 26.4389 15.3454 23.5094 29.6767 27.2133 19.705 19.9513 18.1864 17.9408 16.8425 17.6338 14.7167 12.7856
threshold=7.5000000000000009 -249.60944999999995 584.80726069629372 518.91120000000012 -0.10433386532384524 0.53490278810886338 10.458333333333334 0.45077528774111236 -711.24999999999989 497.20044999999999 4.5000000000000009 5.5000000000000009 -12.037599999999967 -0.041540984956311026
decision_type=10 8 2 2 2 2 10 2 8 8 2 2 10 2
left_child=1 -1 3 4 5 -2 -4 9 -5 -8 -10 -12 -6 -13
right_child=2 -3 6 8 12 -7 7 -9 10 -11 11 13 -14 -15
leaf_value=-0.084032264210970778 0.016259610425827915 -0.0022871584685596339 -0.00027764748267781884 0.060510757950993269 -0.0091732720935461774 0.17294162020415271 0.099738473241424527 -0.063069527534968695 -0.1426937179778637 -0.0095220703743208821 0.10870699998322253 -0.037087300931369929 0.042584896195673919 -0.0034651728035870362
leaf_weight=39.128037383779883 20.801100591663271 2832.1780828261981 92.315503111109138 35.026980325579643 133.10144827375188 23.302865645382553 74.11056246701628 10.482390591641886 8.8100376874208433 18.581619972828776 11.160421011969445 157.34206099959556 92.212769176345319 396.71754171035718
leaf_count=846 232 67071 2454 500 1643 222 1262 570 40 202 56 4934 900 12114
internal_value=-0.000291132 -0.00342999 0.00809616 0.00244263 0.0269832 0.101043 0.0333597 0.0631706 -0.00843942 0.0779676 -0.0127446 -0.0104707 0.012104 -0.0130628
internal_weight=3945.27 2871.31 1073.97 878.475 269.418 44.104 195.49 103.175 609.057 92.6922 574.03 565.22 225.314 554.06
internal_count=93046 67917 25129 20641 2997 454 4488 2034 17644 1464 17144 17104 2543 17048
is_linear=0
shrinkage=0.1


Tree=69
num_leaves=15
num_cat=0
split_feature=12 11 18 11 2 11 11 16 11 0 9 11 13 0
split_gain=13.0313 19.7255 21.2112 29.6408 39.5953 44.6917 57.5075 38.807 31.8241 23.9261 21.2232 17.5395 23.8459 17.9554
threshold=42.750000000000007 -0.039905028822786438 0.53490278810886338 -0.087988713924619197 -42.499999999999993 -0.11081626910918892 -0.10433386532384524 -20.905255217391296 -0.2062606970545344 -7.4999999999999991 0.072416094584286786 -0.034225707052981301 705.61820000000012 -37.499999999999993
decision_type=2 2 2 2 8 2 2 10 2 10 2 2 2 8
left_child=1 2 -1 4 9 7 -7 8 -6 -4 -5 12 -3 -13
right_child=-2 11 3 10 5 6 -8 -9 -10 -11 -12 13 -14 -15
leaf_value=-0.020634297513447034 -0.0087143673129451617 0.032096718812372062 -0.033639671597193298 0.011005284175866154 0.22751571240217389 0.30628232210076306 0.065287156993068834 -0.022631489498376969 0.032110559995588671 0.048459401807875307 -0.053159107964823239 0.025914328224511382 0.18994431131427625 0.0027681772213061159
leaf_weight=536.23258582106791 1066.6504056210397 52.795731849735603 104.4119357354939 102.34792368928902 12.961793402675537 14.426239462336524 29.774968747748062 58.201867479132488 21.670314773451537 52.532428520731628 102.28301460528746 445.19922361033969 10.864034493220968 1347.8043111751322
leaf_count=13223 31556 1039 543 1539 147 317 724 1583 435 352 1341 4447 272 35615
internal_value=0.000727746 0.00421266 -0.00684631 0.00799367 0.0282961 0.0673644 0.148978 0.0273319 0.109578 -0.00602664 -0.0211693 0.0103769 0.0615556 0.00852656
internal_weight=3958.16 2891.51 1034.84 498.61 293.98 137.035 44.2012 92.834 34.6321 156.944 204.631 1856.66 63.6598 1793
internal_count=93133 61577 20204 6981 4101 3206 1041 2165 582 895 2880 41373 1311 40062
is_linear=0
shrinkage=0.1


Tree=70
num_leaves=15
num_cat=0
split_feature=8 4 3 10 8 21 21 18 5 12 17 17 1 0
split_gain=13.5379 14.0206 12.4238 18.0923 17.2325 20.5642 20.735 18.4858 16.1817 14.9276 14.9223 16.8396 15.3199 14.409
threshold=627.05629179682091 -6.2499999999999991 35.000000000000007 0.82480818414322254 131.11328169932221 36.458333333333336 4.2708333333333348 0.11154575415896666 10.500000000000002 20.750000000000004 28.750000000000004 1.0000000180025095e-35 -487.49999999999994 -37.499999999999993
decision_type=2 10 10 2 2 10 10 2 2 2 8 10 10 10
left_child=2 -2 4 8 5 6 -1 -8 -4 -9 11 12 -10 -7
right_child=1 -3 3 -5 -6 13 7 9 10 -11 -12 -13 -14 -15
leaf_value=0.013312281857004567 0.19226330809748254 0.0058482239311330193 0.036180256263933827 0.017784906480243428 -0.0072584874865424462 0.017679918857859505 -0.0087821410072066921 0.16547487353898896 -0.069684893975123674 0.048746243716934902 -0.062161044511723586 0.044013251157874432 0.00015821669098171982 -0.078856098599156932
leaf_weight=209.28084790986031 6.3559688408859065 9.0799056577961874 56.72086650505662 662.7638927299995 2620.6035769009031 27.717324676690623 17.450124233029783 23.537894030101597 48.453891528770328 21.91048606694676 68.001988482428715 46.24367159139365 86.042523060925305 33.120054114842787
leaf_count=4076 156 342 354 7043 75191 339 950 238 277 353 1199 486 637 1427
internal_value=-0.000932634 0.0896352 -0.00131186 0.008513 -0.00453434 0.0168603 0.0286057 0.0784866 -0.0115967 0.111461 -0.0225925 -0.00744508 -0.0253322 -0.0352999
internal_weight=3937.28 15.4359 3921.85 968.227 2953.62 333.017 272.179 62.8985 305.463 45.4484 248.742 180.74 134.496 60.8374
internal_count=93068 498 92570 9996 82574 7383 5617 1541 2953 591 2599 1400 914 1766
is_linear=0
shrinkage=0.1


Tree=71
num_leaves=15
num_cat=0
split_feature=13 11 12 1 3 11 11 1 13 11 18 11 11 22
split_gain=12.4201 15.0799 13.1647 17.937 13.6372 14.9746 13.3359 29.0239 27.779 27.5999 29.6201 41.2696 32.9448 21.2506
threshold=405.05580000000003 0.019856651566368021 184.08333333333334 -107.49999999999999 -94.999999999999986 0.011596584664587005 -0.059720851313123872 -357.49999999999994 616.7405500000001 -0.10433386532384524 -0.68429558720017802 -0.19873793591194802 -0.10967218219120324 15.60667133331299
decision_type=2 2 2 10 8 2 2 8 2 2 2 2 2 8
left_child=1 -1 6 4 -4 -6 7 -2 9 10 11 -9 13 -12
right_child=2 -3 3 -5 5 -7 -8 8 -10 -11 12 -13 -14 -15
leaf_value=0.072351408736674783 -0.041723519964323781 -0.019233765415294739 -0.066973231130585661 -0.044687845084255925 0.064483482816677609 -0.018480885641498187 0.0053725605624502628 0.29724947178189715 -0.026383216253149423 -0.0098857808049915893 0.0053651094192093095 0.017127125660256357 0.12209691314386506 0.13514755812727547
leaf_weight=49.963675251230597 204.45855608256534 27.23397957207635 18.161705484613776 145.96139145048801 46.068167028948665 39.798282054252923 2560.7142109881388 8.9007234089076537 265.87255485728383 276.70125778391957 228.56641611037776 11.497988073388113 30.036358387442306 12.360629403498022
leaf_count=334 1871 245 369 6904 891 897 61609 328 9013 5030 4207 866 383 101
internal_value=0.000754391 0.040209 -4.71493e-05 -0.0221905 0.0095004 0.0262602 0.00149664 -0.0080575 0.000236591 0.01272 0.0341487 0.147534 0.0251017 0.0125546
internal_weight=3926.3 77.1977 3849.1 249.99 104.028 85.8664 3599.11 1038.39 833.936 568.063 291.362 20.3987 270.963 240.927
internal_count=93048 579 92469 9061 2157 1788 83408 21799 19928 10915 5885 1194 4691 4308
is_linear=0
shrinkage=0.1


Tree=72
num_leaves=15
num_cat=0
split_feature=20 9 6 16 11 4 16 4 13 4 11 2 19 14
split_gain=11.4924 10.3327 10.4198 17.4573 15.1788 12.2674 11.5673 18.0069 13.995 12.0166 12.4749 13.8445 12.6919 12.1905
threshold=743.66666666666686 0.9122214319582741 142.65245733414125 -148.83461874999992 -0.039905028822786438 21.250000000000004 -167.19161875 316.25000000000006 405.05580000000003 291.25000000000006 -0.17666582306656062 -117.49999999999999 -0.71500281916182284 -7.2101499999999978
decision_type=10 2 2 8 2 10 8 10 2 10 2 8 2 10
left_child=1 2 3 4 -1 -6 7 -4 -8 13 -11 12 -12 -10
right_child=-2 -3 6 -5 5 -7 8 -9 9 10 11 -13 -14 -15
leaf_value=-0.032682500676640913 -0.045730890155571635 0.041892027105484703 -0.047268215283451265 0.0070148297375365199 0.032333333630843043 0.18131876792431759 0.048479523616591115 0.11039295533218554 -0.0083064550596854223 -0.12131736143131835 0.062124887262539834 -0.047424897574378941 -0.019499074126965804 0.004881977146663133
leaf_weight=8.0823087955359387 54.705872092046775 57.038480389397591 96.368428686633706 649.13986759609543 9.8189016792457569 13.372679966967551 53.120377438142896 6.8861111374571911 1302.6027657149825 12.237193899927659 28.499010164290667 88.3534630110953 52.886329942382872 1514.8679150315002
leaf_count=304 3458 833 3704 16954 534 245 393 165 31900 158 153 2455 529 31351
internal_value=-0.000631581 1.37069e-05 -0.00061971 0.0105951 0.0823891 0.122185 -0.00304028 -0.0357957 -0.00192095 -0.0028294 -0.0276626 -0.0202396 0.00949063 -0.00121622
internal_weight=3947.98 3893.27 3836.24 680.414 31.2739 23.1916 3155.82 103.255 3052.57 2999.45 181.976 169.739 81.3853 2817.47
internal_count=93136 89678 88845 18037 1083 779 70808 3869 66939 66546 3295 3137 682 63251
is_linear=0
shrinkage=0.1


Tree=73
num_leaves=15
num_cat=0
split_feature=22 11 22 16 20 7 2 12 0 15 14 6 4 2
split_gain=11.7797 12.8396 17.3117 13.7605 15.3188 15.2931 12.8713 11.8556 12.801 14.2707 13.9072 11.8215 24.2875 25.038
threshold=10.590743541717531 -0.049914943567288629 15.60667133331299 49.828668749999999 -181.24999999999997 52.330134823720762 -67.499999999999986 -509.49999999999994 -217.49999999999997 2.2873000000000165 64.486900000000006 581.59260123074989 -16.249999999999996 -87.499999999999986
decision_type=10 2 10 8 8 10 10 2 8 10 10 2 10 8
left_child=7 2 6 5 -5 -3 -2 8 -1 -10 -11 12 -9 -14
right_child=1 3 -4 4 -6 -7 -8 11 9 10 -12 -13 13 -15
leaf_value=-0.022651642462685837 -0.10992985261688511 -0.051067449397906077 0.035775923021571364 0.15687879636902305 0.013916326359722104 0.063619129044140563 -0.032020541253564801 0.014400378155881747 0.082617629619170657 -0.029330559162447492 0.061283250387351378 -0.010896255887859503 0.014547253383201401 -0.012555560856224994
leaf_weight=37.09739732183516 37.332579093752429 57.8859429564327 19.864699539495632 8.0236041441094113 45.745170111535117 13.583629685686899 50.181858672294766 1126.8220029062359 52.36435201857239 35.565006818622351 30.623072795569897 771.0040924041532 480.45332149602473 1166.5578965262976
leaf_count=309 414 2674 250 89 1912 318 2775 17232 668 363 240 15452 5396 45045
internal_value=-0.000135885 -0.0219142 -0.0471153 -0.000104753 0.0377247 -0.0286928 -0.0661222 0.00123868 0.0281606 0.0441173 0.0128816 4.89556e-05 0.00309408 -0.00464531
internal_weight=3933.1 232.617 107.379 125.238 53.7688 71.4696 87.5144 3700.49 155.65 118.552 66.1881 3544.84 2773.83 1647.01
internal_count=93137 8432 3439 4993 2001 2992 3189 84705 1580 1271 603 83125 67673 50441
is_linear=0
shrinkage=0.1


Tree=74
num_leaves=15
num_cat=0
split_feature=18 13 22 19 0 4 2 17 0 4 17 19 21 17
split_gain=10.9959 15.3366 11.353 11.093 15.1528 10.2745 24.0363 44.6527 25.3135 21.0526 24.0769 19.1162 18.7102 35.1744
threshold=-0.97876850416056738 607.4692500000001 6.5748710632324228 0.99748593894359827 -297.49999999999994 -23.749999999999996 -37.499999999999993 33.750000000000007 -597.49999999999989 -336.24999999999994 631.25000000000011 -0.9521757995927399 5.4583333333333348 -36.249999999999993
decision_type=2 2 10 2 10 8 8 10 10 10 8 2 8 10
left_child=1 2 -1 5 -5 6 8 -8 -2 10 -9 -10 13 -7
right_child=3 -3 -4 4 -6 12 7 9 11 -11 -12 -13 -14 -15
leaf_value=0.13707423529641452 -0.050892723753776882 -0.057653423838741863 -0.075688510635054773 0.077978854832261024 -0.054422705003179209 0.029264148638855431 0.062392217718595537 0.14160523628975627 -0.056904653911722516 -0.024176937030154031 -0.056062102932808458 0.012351513213958257 0.003634599239634518 -0.02281897167382162
leaf_weight=6.8369492541532946 89.689152826089412 61.359781402861699 2.9211734638083726 9.0376949538476747 65.619801160646603 155.95870006177574 196.54730504238978 16.556791882961988 42.585773658007383 135.95066966314334 8.8137989509850758 465.83141267159954 1926.7536149864318 747.0885958627332
leaf_count=381 694 5857 302 82 1697 1116 2996 396 253 5082 685 4003 41533 28136
internal_value=-0.000384152 -0.0390721 0.0722669 0.000338502 -0.0375759 0.00109592 0.0100533 0.0305135 -0.00221927 -0.00847145 0.0734133 0.0064502 -0.00193258 -0.0138017
internal_weight=3931.55 71.1179 9.75812 3860.43 74.6575 3785.78 955.975 357.869 598.106 161.321 25.3706 508.417 2829.8 903.047
internal_count=93213 6540 683 86673 1779 84894 14109 9159 4950 6163 1081 4256 70785 29252
is_linear=0
shrinkage=0.1


Tree=75
num_leaves=15
num_cat=0
split_feature=17 19 0 3 8 0 13 18 6 1 21 3 21 22
split_gain=10.8706 10.6964 11.014 9.91462 21.7374 20.2673 27.0237 19.2033 16.6873 16.641 18.1655 16.4608 19.3093 15.4657
threshold=1831.2500000000002 0.99748593894359827 -357.49999999999994 35.000000000000007 131.11328169932221 -37.499999999999993 452.35750000000002 0.98363543905665363 142.65245733414125 7.5000000000000009 31.770833333333339 -1.0000000180025095e-35 76.458333333333357 8.0553388595581072
decision_type=10 2 10 10 2 10 2 2 2 8 10 8 10 10
left_child=1 3 -3 4 5 -1 -7 -5 11 -8 -11 -6 -13 -9
right_child=-2 2 -4 7 8 6 9 13 -10 10 -12 12 -14 -15
leaf_value=0.046369270179166235 -0.096590915594946411 0.062858976220562246 -0.052140337285547712 0.014529825845118187 -0.009636243534233176 0.093201219160621962 -0.050581195849662544 -0.052994513313028825 -0.0095364527345449673 0.051145014427238705 -0.084607288664508173 0.010763770707472775 0.067109770331482535 0.044667387704827158
leaf_weight=167.70785331609659 10.650130106834693 8.6978058731183392 63.721158636268228 850.9749931700062 254.59250238828827 23.398880803957582 78.130313168046996 75.744379843585193 1974.5262553422945 42.824123236816376 11.756568790529853 261.06611850298941 78.505075857741758 19.735993165988475
leaf_count=1993 1495 84 1707 8472 7555 175 2794 787 55966 1559 639 8224 1427 234
internal_value=-0.000138076 0.000149173 -0.0376604 0.000872042 -0.00203546 0.0223401 -0.00360521 0.00975058 -0.00511582 -0.021243 0.0209081 0.00956617 0.0239491 -0.0325539
internal_weight=3922.03 3911.38 72.419 3838.96 2892.51 323.818 156.11 946.455 2568.69 132.711 54.5807 594.164 339.571 95.4804
internal_count=93111 91616 1791 89825 80332 7160 5167 9493 73172 4992 2198 17206 9651 1021
is_linear=0
shrinkage=0.1


Tree=76
num_leaves=15
num_cat=0
split_feature=21 0 17 0 20 2 22 17 15 2 17 9 5 13
split_gain=12.4148 21.7964 19.7885 29.9821 27.6392 23.5484 23.1009 26.6629 19.6567 19.584 25.9133 19.1709 18.7188 16.4764
threshold=5.4583333333333348 222.50000000000003 3.7500000000000004 67.500000000000014 -28.749999999999996 12.500000000000002 2.3527889251708989 23.750000000000004 120.09919999999995 402.50000000000006 251.25000000000003 0.11254139072847687 25.500000000000004 575.94040000000007
decision_type=10 10 8 10 8 8 10 8 8 10 8 2 2 2
left_child=2 8 5 4 -4 11 7 -6 -2 -8 -11 -1 -7 -5
right_child=1 -3 3 13 6 12 9 -9 -10 10 -12 -13 -14 -15
leaf_value=0.014777724221123592 0.0027686032539969178 -0.053675526520852647 0.0024617510653177415 0.058951283453528541 0.032741601285638577 0.036915267098637752 -0.057817325207986485 -0.038809294346118593 0.028650782253961882 0.29015828747428668 -0.015358677452903447 -0.011319789709038323 0.18228886515119336 -0.003601020133810424
leaf_weight=500.37912665284239 1256.383897429565 56.792771138134412 281.24203638080508 71.966700246091932 85.023891535354778 72.32266391441226 315.76059335877653 131.13294916623272 381.95217741385568 2.708498587831853 10.685097044333814 640.77171687106602 9.2605982273817045 99.317999479244463
leaf_count=8391 32913 1740 4093 886 2035 1627 15269 4082 7862 89 950 10314 198 2626
internal_value=0.000249856 0.00669231 -0.00466895 -0.0151116 -0.0230007 0.00385839 -0.0361133 -0.010644 0.00881642 -0.0527562 0.0622905 0.000126535 0.0554243 0.0228705
internal_weight=3915.7 1695.13 2220.57 997.838 826.553 1222.73 545.311 216.157 1638.34 329.154 13.3936 1141.15 81.5833 171.285
internal_count=93075 42515 50560 30030 26518 20530 22425 6117 40775 16308 1039 18705 1825 3512
is_linear=0
shrinkage=0.1


Tree=77
num_leaves=15
num_cat=0
split_feature=22 7 14 7 13 5 16 1 11 21 5 2 5 21
split_gain=9.26069 13.8711 11.5451 9.17597 20.1618 18.9756 21.1318 18.3608 14.9202 17.4873 11.8089 11.411 14.9837 10.4121
threshold=-6.2470631599426261 109.39477345786189 -1.8895499999999854 -291.34524549619118 526.60955000000001 4.5000000000000009 -1.432218749999947 -22.499999999999996 0.047595995387650032 -10.20833333333333 27.500000000000004 -57.499999999999993 17.500000000000004 65.208333333333357
decision_type=10 8 10 8 2 2 8 10 2 8 2 10 2 8
left_child=1 2 -1 4 7 -6 -7 10 11 -10 -2 -8 -13 -11
right_child=3 -3 -4 -5 5 6 8 -9 9 13 -12 12 -14 -15
leaf_value=-0.029289343885420201 0.059810407490020326 0.081172654295021074 0.052220218215487439 -0.0017279058036265072 -0.12633038161571594 -0.052453072753037712 0.026553680951939763 0.12312537718323779 -0.060167085402582615 0.12053403627477491 -0.018491512634650896 0.038722019662871199 -0.081205789060157171 0.01718666109243221
leaf_weight=41.541377218905836 44.570081032346934 34.099486915394664 28.384206527145579 3495.8518576981733 10.488343080505727 47.702171980519779 68.813396055600606 26.04550423193723 8.6921991779236105 31.511594540905207 32.710057002026588 15.559002746595068 27.827943994896486 14.456685834098606
leaf_count=380 356 253 226 85948 71 1443 962 478 231 772 275 335 1222 290
internal_value=0.000579469 0.0298744 0.00406681 -0.000225 0.0157314 -0.00110882 0.00556996 0.0520697 0.0223712 0.0647003 0.026855 0.00136046 -0.038295 0.08909
internal_weight=3928.25 104.025 69.9256 3824.23 328.377 225.051 214.563 103.326 166.861 54.6605 77.2801 112.2 43.3869 45.9683
internal_count=93242 859 606 92383 6435 5326 5255 1109 3812 1293 631 2519 1557 1062
is_linear=0
shrinkage=0.1


Tree=78
num_leaves=15
num_cat=0
split_feature=0 17 14 17 1 6 20 16 4 22 11 7 7 0
split_gain=11.0006 19.1354 22.9897 18.5985 17.8598 16.8582 16.7985 30.1202 25.3901 37.4768 22.7771 18.2445 17.443 17.0693
threshold=7.5000000000000009 8.7500000000000018 -430.49309999999991 1831.2500000000002 -2344.9999999999995 1366.5284169454255 -11.83333333333333 2.1976243697479281 -11.249999999999998 7.653461456298829 -0.032181209211217456 176.94705448585768 -1225.089373430174 -1077.4999999999998
decision_type=10 10 10 8 8 2 8 8 8 10 2 10 8 10
left_child=1 6 5 4 -2 -3 7 13 9 10 -8 12 -10 -1
right_child=3 2 -4 -5 -6 -7 8 -9 11 -11 -12 -13 -14 -15
leaf_value=-0.049667112602703192 0.13566813842374267 0.0055380870672193617 -0.02506978294302736 -0.083657155104253644 0.009679904476807763 0.10360888080436813 -0.019074594206111843 0.012636548197380471 0.11609449551111946 0.15062399240978241 0.05923402956036309 0.061514303420700245 -0.0056966523549112141 -0.010318068517809077
leaf_weight=129.90416751196608 10.383140879683195 103.47003489511553 591.07512810628396 20.159871620475315 1034.2639042263618 20.135291295824572 62.858952406793833 616.06010036496446 11.069134603487326 28.313822363037616 88.450905672740191 48.04316407488659 458.10968090314418 704.55060323933139
leaf_count=1115 90 3895 25868 928 24020 321 687 7656 280 473 1040 1222 15507 10266
internal_value=0.000518093 -0.00271055 -0.0168718 0.00919061 0.0110607 0.0222171 0.00200823 -0.00412262 0.0147575 0.047036 0.0267905 0.00347849 -0.00258248 -0.0164959
internal_weight=3926.85 2862.04 714.68 1064.81 1044.65 123.605 2147.36 1450.51 696.846 179.624 151.31 517.222 469.179 834.455
internal_count=93368 68330 30084 25038 24110 4216 38246 19037 19209 2200 1727 17009 15787 11381
is_linear=0
shrinkage=0.1


Tree=79
num_leaves=15
num_cat=0
split_feature=18 3 7 5 21 20 18 5 11 17 1 5 7 20
split_gain=8.75948 15.3259 17.4661 16.8149 23.6679 14.4968 12.3005 10.7737 12.8002 12.7296 18.4079 12.1975 16.7626 15.675
threshold=0.99761913169647187 -184.99999999999997 8.0953587653330619 28.500000000000004 -4.5416666666666652 -46.458333333333321 0.9884946951290402 31.500000000000004 -0.14200635671360903 -1313.7499999999998 -2634.9999999999995 28.500000000000004 389.5009106362233 -165.41666666666666
decision_type=2 10 8 2 10 10 2 2 2 8 8 2 10 10
left_child=6 -2 3 4 5 -3 7 9 -9 -1 -11 -12 13 -13
right_child=1 2 -4 -5 -6 -7 -8 8 -10 10 11 12 -14 -15
leaf_value=-0.070969794151836615 -0.033293207868765613 0.07906845621402947 -0.0082364985985382156 -0.015958277357415958 0.12879439501965326 -0.022511087148525531 -0.041839439426204272 -0.075121908375845217 -0.011161789911939383 0.071383610062517061 -0.0030449292844153177 0.030903700122138378 0.062847379865610106 -0.0010092795302223806
leaf_weight=23.401656845584512 46.253067131154239 27.063541258685291 73.838778141885996 27.123676630202681 41.338852450251579 27.445031447801739 73.299387430306524 34.235459914430976 284.98831413127482 36.289252682123333 2335.7372090463759 205.46466198377311 56.857478864374571 604.44151897716802
leaf_count=197 363 148 866 574 595 287 1770 921 10328 394 55170 2429 910 17999
internal_value=-0.000342166 0.0180003 0.0301623 0.0530996 0.0726051 0.0284391 -0.00156665 -0.000730954 -0.0182344 0.000986922 0.00152859 0.000714985 0.010839 0.00711483
internal_weight=3897.78 243.063 196.81 122.971 95.8474 54.5086 3654.71 3581.42 319.224 3262.19 3238.79 3202.5 866.764 809.906
internal_count=92951 2833 2470 1604 1030 435 90118 88348 11249 77099 76902 76508 21338 20428
is_linear=0
shrinkage=0.1


Tree=80
num_leaves=15
num_cat=0
split_feature=12 1 11 5 11 14 22 7 0 16 1 22 4 8
split_gain=9.73669 14.6546 13.8751 18.2045 13.8752 11.7042 14.7704 13.264 11.4824 10.5428 10.1493 21.1051 24.6572 16.974
threshold=121.05555555555557 -102.49999999999999 0.024830323958650053 27.500000000000004 -0.12834581713113549 -260.72654999999992 0.16610884666442874 60.755720617247697 22.500000000000004 -53.834680357142865 17.500000000000004 8.3402943611145037 -98.749999999999986 574.45457661564751
decision_type=2 10 2 2 2 8 10 8 8 10 10 10 8 2
left_child=5 2 3 4 -2 6 -1 -8 -4 -3 -7 13 -13 -12
right_child=1 9 8 -5 -6 10 7 -9 -10 -11 11 12 -14 -15
leaf_value=-0.12860438432452428 -0.075069171284373543 -0.0049390836800984952 -0.054332398126920103 0.0875277985258507 0.024437851813551324 -0.00040090094531293312 -0.04645335956005963 0.080513318388320834 0.034141574031414927 -0.046049446998758736 0.013603251541829231 0.12599975403802915 -0.036284720149907156 0.059936957398914636
leaf_weight=14.140332366339861 17.228075206978247 104.27767631411552 47.76525020506233 35.140959514770657 59.603700700448826 2825.9521295011509 29.15956588415429 10.331597828306256 20.181785467662849 155.24920671700966 356.49898946587928 9.2362856089603138 111.45535164594185 100.95770401274785
leaf_count=135 379 3650 985 461 1124 60777 707 132 502 7773 9827 267 4067 2215
internal_value=-0.000449207 -0.0144524 0.0074599 0.0289981 0.00144745 0.00133414 -0.0445857 -0.0120685 -0.0279396 -0.0296137 0.00207049 0.0141303 -0.0229321 0.0239372
internal_weight=3897.18 439.447 179.92 111.973 76.8318 3457.73 53.6315 39.4912 67.947 259.527 3404.1 578.148 120.692 457.457
internal_count=93001 14874 3451 1964 1503 78127 974 839 1487 11423 77153 16376 4334 12042
is_linear=0
shrinkage=0.1


Tree=81
num_leaves=15
num_cat=0
split_feature=2 0 15 2 13 11 16 15 13 4 22 21 14 18
split_gain=10.332 10.3495 17.1918 18.0374 26.4677 36.4347 20.4196 14.9429 13.7606 17.8491 14.6499 17.1948 13.7571 12.8126
threshold=1012.5000000000001 17.500000000000004 63.008850000000002 272.50000000000006 667.88700000000006 0.066653856351779381 0.62011142857141988 -194.43714999999997 518.91120000000012 -103.74999999999999 4.5438075065612802 30.916666666666668 6.0848000000000022 -0.67086170185690197
decision_type=10 10 8 10 2 2 8 10 2 8 8 10 8 2
left_child=1 -1 3 4 7 6 -6 -3 10 -10 -9 -12 -5 -11
right_child=-2 2 -4 12 5 -7 -8 8 9 13 11 -13 -14 -15
leaf_value=-0.0019716289475141596 -0.062113410362847621 -0.043929330363831842 -0.0049893696794021461 0.0023460175350222346 0.18446445138082079 0.30517249446641337 -0.016700948178549536 0.075106873997095036 0.068055807648179437 0.093025335200045869 -0.0071965817226231467 0.094881349261792799 0.16083767406457145 -0.036207011760137069
leaf_weight=3170.0425515535753 25.546710841706954 40.96964532090351 340.24003406858537 8.2167791120009479 6.2549674169858926 6.2974503396544597 16.10244177537971 65.421283258590847 24.974980098893866 7.4379363284679121 78.560128054581583 19.850561028812081 15.604148685815746 88.332011705264449
leaf_count=76407 2659 663 6368 533 246 236 594 491 359 344 802 210 271 2916
internal_value=6.06011e-05 0.000484958 0.0113147 0.0259638 0.0201256 0.110594 0.0450674 0.0118483 0.0200041 -0.00559986 0.0387938 0.014141 0.108465 -0.0253126
internal_weight=3913.85 3888.3 718.262 378.022 354.201 28.6549 22.3574 325.547 284.577 120.745 163.832 98.4107 23.8209 95.7699
internal_count=93099 90440 14033 7665 6861 1076 840 5785 5122 3619 1503 1012 804 3260
is_linear=0
shrinkage=0.1


Tree=82
num_leaves=15
num_cat=0
split_feature=5 11 13 5 18 11 0 4 4 18 13 0 9 5
split_gain=11.6669 15.6284 23.7326 18.2263 26.4065 17.2355 19.2826 17.1699 20.5383 33.9491 16.6154 21.3356 14.0396 15.5291
threshold=21.500000000000004 -0.25058409460232006 550.59390000000019 18.500000000000004 0.93237596376505805 -0.012063691968016653 -72.499999999999986 -428.74999999999994 13.750000000000002 0.16799745313369893 446.80420000000004 -102.49999999999999 0.62973194188663817 15.500000000000002
decision_type=2 2 2 2 2 2 8 10 10 2 2 10 2 2
left_child=1 2 -1 12 5 6 -5 -8 -9 -10 -7 -12 13 -3
right_child=-2 3 -4 4 -6 10 7 8 9 -11 11 -13 -14 -15
leaf_value=0.11987004754376961 0.0042871777438155878 -0.0023971840174212347 -0.041248507476883307 -0.051744312724945653 -0.084240418144957474 -0.14304650322519383 0.16051897126068621 -0.020590216789237618 0.13912894317372182 -0.025404722089894607 0.027571251697307092 -0.059843384063702515 -0.021015264638159871 0.032199559606655714
leaf_weight=22.084044917486608 2451.9664040678181 611.61878039012663 14.470776816480791 41.021725628757849 66.891688753385097 13.45567639172077 7.9102047513006246 65.159151205094531 26.46339399041608 22.59259000653401 42.455628915107809 77.970681398524903 283.98353928641882 163.63162218616344
leaf_count=244 63653 11069 403 344 1037 141 167 1809 736 420 857 3306 5302 3807
internal_value=7.39056e-05 -0.00700148 0.0566888 -0.00867608 -0.0279501 -0.0150333 0.00679409 0.0267176 0.0161381 0.0643597 -0.041485 -0.0290526 -0.00203398 0.0049372
internal_weight=3911.68 1459.71 36.5548 1423.15 363.921 297.029 163.147 122.125 114.215 49.056 133.882 120.426 1059.23 775.25
internal_count=93295 29642 647 28995 8817 7780 3476 3132 2965 1156 4304 4163 20178 14876
is_linear=0
shrinkage=0.1


Tree=83
num_leaves=15
num_cat=0
split_feature=12 9 20 21 15 15 3 3 14 15 16 0 21 19
split_gain=10.1753 13.1261 17.2938 33.3377 11.575 9.82815 13.4954 13.3402 29.4397 21.3727 19.9122 21.4382 18.032 17.1127
threshold=91.055555555555571 0.17746707386905899 -84.583333333333329 0.45833333333333343 -17.44239999999996 -235.25554999999991 -34.999999999999993 -94.999999999999986 -8.9206499999999931 -122.8832 -50.224795833333381 42.500000000000007 -31.979166666666664 0.80281625642728172
decision_type=2 2 8 10 10 8 8 8 8 8 10 8 10 2
left_child=5 2 3 -2 -5 6 -1 8 -7 10 -9 -12 -10 -11
right_child=1 -3 -4 4 -6 7 -8 9 12 13 11 -13 -14 -15
leaf_value=-0.023111557053627087 -0.04861953868306091 0.0003568821901178262 -0.054757794236073409 0.0099767923986325766 0.11473126034640165 -0.016155643650096991 0.042726368924449448 -0.052486029486648426 0.019029195235554356 0.0073500344600276367 -0.011545623357261985 0.12421575258992248 0.090305558043809395 -0.013379609711212014
leaf_weight=40.407682237913832 56.443493268918246 388.68934628821444 123.95622154511511 19.406806928105652 22.66175005515106 103.59443033835851 127.20435899449512 137.75507142546121 73.976408764952794 2041.5019689707551 199.38676389493048 11.349083731882272 68.462549019954167 493.71957871015184
leaf_count=695 793 12107 5827 371 338 2093 3511 3343 609 43358 4485 272 1079 14301
internal_value=0.00109571 -0.0107453 -0.0300574 0.00126076 0.0677603 0.003293 0.0268113 0.00202532 0.0243279 0.00011473 -0.0230688 -0.00368213 0.0536785 0.00330937
internal_weight=3908.52 611.158 222.468 98.5121 42.0686 3297.36 167.612 3129.75 246.033 2883.71 348.491 210.736 142.439 2535.22
internal_count=93182 19436 7329 1502 709 73746 4206 69540 3781 65759 8100 4757 1688 57659
is_linear=0
shrinkage=0.1


Tree=84
num_leaves=15
num_cat=0
split_feature=4 7 6 16 17 2 16 12 4 7 21 4 17 0
split_gain=8.28704 8.72402 12.2314 19.5884 15.6367 19.0575 15.7195 14.9609 16.1898 17.5298 14.5053 21.1268 25.1521 28.341
threshold=951.25000000000011 123.36784397105194 160.77867519239251 -167.19161875 31.250000000000004 -727.49999999999989 62.793735256410237 41.055555555555564 -121.24999999999999 -4.6656777751241796 74.375000000000014 -11.249999999999998 3.7500000000000004 -187.49999999999997
decision_type=10 10 2 8 8 8 10 2 8 8 8 10 10 10
left_child=1 2 10 -4 -5 -6 7 8 9 -7 11 12 13 -1
right_child=-2 -3 3 4 5 6 -8 -9 -10 -11 -12 -13 -14 -15
leaf_value=-0.022623772851411685 -0.038442897190386967 0.012725331016114037 -0.071720129703044366 0.00049119217429631262 0.087882352843484196 0.19835200971040723 -0.068616897437728058 -0.049627609679627364 -0.010226711276596757 0.0046812759265702835 0.016023592941521423 -0.012313645613581184 -0.014874807755936362 0.04276087641501878
leaf_weight=85.067463350482285 53.781118603772484 522.46992353047244 46.853091763099656 877.16165394964628 13.338532452005891 7.2410393040627241 78.647885916056111 87.227892891387455 128.91891861986369 10.911175257060679 642.10646102356259 833.79014047444798 214.74192544503603 291.00903060752898
leaf_count=636 1132 9758 1727 15757 150 183 3569 3285 2893 323 10630 33036 6833 3214
internal_value=0.000176838 0.000727668 -0.00116537 -0.00896872 -0.00646814 -0.0251214 -0.0302025 -0.017071 0.00244303 0.0882606 0.00355747 -0.00206862 0.012386 0.0279503
internal_weight=3893.27 3839.49 3317.02 1250.3 1203.45 326.285 312.947 234.299 147.071 18.1522 2066.72 1424.61 590.818 376.076
internal_count=93126 91994 82236 27887 26160 10403 10253 6684 3399 506 54349 43719 10683 3850
is_linear=0
shrinkage=0.1


Tree=85
num_leaves=15
num_cat=0
split_feature=21 15 16 7 3 17 21 6 16 2 18 13 1 3
split_gain=9.93494 11.3321 13.991 10.7487 8.484 12.723 17.7348 19.7993 21.2322 13.7067 19.2012 12.9322 14.9412 22.7606
threshold=-556.45833333333314 56.640400000000035 -22.716202083333254 20.772608841552628 1.0000000180025095e-35 8.7500000000000018 1.7708333333333337 2005.3802585033748 -52.970087593984935 -287.49999999999994 -0.074076261599829274 554.31280000000015 -12.499999999999998 -94.999999999999986
decision_type=8 8 8 10 10 10 10 2 10 8 2 2 8 8
left_child=1 2 -1 -4 5 11 -7 9 -9 10 -8 -2 -13 -14
right_child=4 -3 3 -5 -6 6 7 8 -10 -11 -12 12 13 -15
leaf_value=0.091894954252094166 -0.0071153941138061326 -0.051158879764666911 -0.069445792426393413 0.070724368500575993 0.0034196532169065378 -0.035827314009356265 -0.040753211737889365 -0.024696805171471943 0.15146362927395096 -0.014327798776389506 0.150471956359537 0.031126118669085146 0.14682810114062436 -0.013272702402273568
leaf_weight=35.876942496630363 931.53113088710234 11.343298410298301 11.972718200646343 8.4769540410488826 1798.3904089574935 290.66184734844137 8.6135247582569736 11.33885229052976 15.357262526056727 328.80235349223949 11.199103381950406 230.65699942270294 8.3039516066201013 194.3933925377205
leaf_count=444 14905 271 326 167 30090 14915 405 298 325 17144 122 3892 219 9618
internal_value=-0.000905674 0.0367947 0.0550906 -0.010753 -0.00158134 -0.00600939 -0.0173293 -0.00294623 0.0784514 -0.00938604 0.0693733 -0.00047739 0.0137751 -0.0060252
internal_weight=3896.92 67.6699 56.3266 20.4497 3829.25 2030.86 665.973 375.311 26.6961 348.615 19.8126 1364.89 433.354 202.697
internal_count=93141 1208 937 493 91933 61843 33209 18294 623 17671 527 28634 13729 9837
is_linear=0
shrinkage=0.1


Tree=86
num_leaves=15
num_cat=0
split_feature=22 2 18 1 19 1 5 4 5 6 22 8 1 8
split_gain=13.5916 18.3979 31.235 30.871 17.967 15.4695 15.0097 11.833 30.3949 31.4651 12.2264 12.0788 11.3671 18.3757
threshold=7.569653034210206 -27.499999999999996 0.96904697354198299 -27.499999999999996 -0.43733099657705293 -2097.4999999999995 24.500000000000004 18.750000000000004 30.500000000000004 140.88902235674578 9.1605415344238299 533.10382039641377 17.500000000000004 611.22792126504214
decision_type=10 8 2 8 2 8 2 8 2 2 10 2 10 2
left_child=12 2 5 6 7 -2 -3 -5 -9 -10 -11 -12 -1 -14
right_child=1 3 -4 4 -6 -7 -8 8 9 10 11 -13 13 -15
leaf_value=-0.00030069534360650167 -0.079982906170133414 -0.024182920331607551 0.087112456030190674 -0.042090484575056826 -0.056925291677216931 0.00070874962525825647 0.088364706082351724 -0.023051926463308437 0.21730704342048984 -0.053251392236859096 -0.018071804933362474 0.1584855436211772 0.011681934507548675 0.098010572101445328
leaf_weight=2486.2243236389477 24.58092019893229 17.738939795643091 39.983214532956481 103.41530306485947 182.25427272624802 333.25582496798597 32.646165665471926 120.68146463064477 10.538559604901819 12.074921295163223 6.8016274529509229 7.4705706664826721 479.10676393343601 25.030289168003947
leaf_count=46731 331 424 238 5505 16783 4669 694 2215 224 322 236 218 14094 497
internal_value=-0.000753618 -0.011584 0.00441557 -0.0244613 -0.0329083 -0.00504166 0.0490409 -0.015983 0.00130944 0.0795189 0.0184742 0.0786706 0.00247778 0.0161537
internal_weight=3881.8 891.442 397.82 493.622 443.237 357.837 50.3851 260.982 157.567 36.8857 26.3471 14.2722 2990.36 504.137
internal_count=93181 31859 5238 26621 25503 5000 1118 8720 3215 1000 776 454 61322 14591
is_linear=0
shrinkage=0.1


Tree=87
num_leaves=15
num_cat=0
split_feature=5 2 0 18 18 18 22 0 1 2 13 5 21 2
split_gain=8.43352 17.7199 13.7647 12.5314 23.6865 18.3547 19.1892 13.2769 17.2095 13.7341 15.8668 30.1396 12.7272 11.7756
threshold=21.500000000000004 62.500000000000007 -967.49999999999989 0.96602908662670139 0.94138322595482449 0.98363543905665363 6.1016411781311044 -914.99999999999989 -107.49999999999999 -12.499999999999998 520.44195000000002 24.500000000000004 1.0000000180025095e-35 982.50000000000011
decision_type=2 8 8 2 2 2 10 8 8 8 2 2 10 10
left_child=1 2 -1 4 13 6 -5 -7 -9 12 -11 -12 -10 -2
right_child=3 -3 -4 5 -6 7 -8 8 9 10 11 -13 -14 -15
leaf_value=-0.10519672807078262 0.0040726370045023634 0.013785169334310258 -0.010425203123802011 0.11686763016561963 -0.059065611492789695 0.11231494841388567 0.0052014259800469516 -0.050744498589893029 0.10914487500298126 0.068368074843277588 0.15472758076244586 -0.041484848277784453 0.0098419377540024059 -0.083063569026187278
leaf_weight=14.562254707328973 2067.4899793652585 359.50125687604304 1077.1692022089846 36.72311244206503 61.484028664417565 10.996573908254502 26.156547817867249 43.859455933794379 26.018786964938045 24.386035782285035 7.7296769390813997 76.000723032513633 25.126726817339659 14.627764833858235
leaf_count=162 54966 11250 18223 355 1528 95 558 269 187 337 258 2702 237 1892
internal_value=0.000580127 -0.00544517 -0.0117844 0.00419326 0.00160191 0.0241691 0.0712255 0.0100832 0.00402546 0.0193312 -0.0009902 -0.0217589 0.0614837 0.00342089
internal_weight=3871.83 1451.23 1091.73 2420.6 2143.6 276.998 62.8797 214.118 203.121 159.262 108.116 83.7304 51.1455 2082.12
internal_count=93019 29635 18385 63384 58386 4998 913 4085 3990 3721 3297 2960 424 56858
is_linear=0
shrinkage=0.1


Tree=88
num_leaves=15
num_cat=0
split_feature=3 8 3 15 14 20 15 3 5 20 6 9 2 17
split_gain=9.22003 13.4931 12.2464 23.1622 17.8346 15.2179 14.5742 13.5549 18.8515 13.8434 13.6083 13.3644 10.9275 12.8166
threshold=1.0000000180025095e-35 76.055512754639906 845.00000000000011 476.89950000000005 -12.570449999999964 -556.24999999999989 inf 75.000000000000014 15.500000000000002 115.41666666666667 186.41308465003843 0.070222854433380735 -107.49999999999999 18.750000000000004
decision_type=10 2 10 8 10 10 8 10 2 10 2 2 10 8
left_child=1 -1 6 4 -4 -6 7 8 9 -2 12 -12 -9 -14
right_child=2 -3 3 -5 5 -7 -8 10 -10 -11 11 -13 13 -15
leaf_value=0.053141000445296883 -0.03359824887525064 -0.0049539678785404714 0.020881140052861777 0.054165386248578057 -0.0019755115456150463 -0.08723953539914174 -0.033597916200016682 0.01104570604924119 0.010137293637357873 0.071193590650416735 -0.026562488699524375 0.022329856613147042 0.093650959369336123 0.029787267875836777
leaf_weight=39.782552724238485 162.85880341054872 2039.5088130615186 36.331970997620374 32.891296973451972 30.448933076579124 66.310578605625778 77.2180956073571 63.844932707725093 886.03956264740555 12.726856277207842 71.359314713161439 245.9174152680207 63.049672295339406 64.385807933285832
leaf_count=813 2558 62127 343 248 230 725 1372 456 19472 291 782 2533 533 843
internal_value=0.000726702 -0.00381744 0.00593641 -0.0198763 -0.0384419 -0.0607028 0.00854764 0.0106403 0.00420099 -0.0256425 0.024048 0.0112845 0.04505 0.0618675
internal_weight=3892.67 2079.29 1813.38 165.983 133.091 96.7595 1647.4 1570.18 1061.63 175.586 508.557 317.277 191.28 127.435
internal_count=93326 62940 30386 1546 1298 955 28840 27468 22321 2849 5147 3315 1832 1376
is_linear=0
shrinkage=0.1


Tree=89
num_leaves=15
num_cat=0
split_feature=6 21 16 19 6 9 1 7 15 3 6 5 20 16
split_gain=11.3029 19.2018 29.2684 38.0418 20.4106 18.7943 17.2715 18.9697 15.5798 15.5316 14.8676 12.9599 16.9453 29.4517
threshold=899.16625299533018 -11.58333333333333 -52.970087593984935 0.81797259176656401 2220.011261204138 0.59431266846361197 -32.499999999999993 116.22225185288978 -231.80254999999994 -1.0000000180025095e-35 2566.6807105911621 27.500000000000004 -9.0833333333333304 -78.27013749999999
decision_type=2 10 10 2 2 2 10 10 10 10 2 2 10 8
left_child=-1 9 8 4 6 -6 7 -4 10 -2 -3 12 -10 -14
right_child=1 2 3 -5 5 -7 -8 -9 11 -11 -12 -13 13 -15
leaf_value=0.0017628953502041467 -0.058917314900583939 -0.026053998314914357 0.11354156396721773 -0.075956464674191926 0.18347402039686256 0.058850215906190211 -0.031394613409562559 -0.011856473812555467 -0.046341477071376397 -0.0095529781275835359 0.12392527453000712 -0.090599139220448877 0.11783148110902789 -0.084643406498075488
leaf_weight=3285.1681613747496 125.02921166399028 13.639913905295545 26.30922897416167 27.134682890959084 16.414581066230312 45.435584104154259 37.513926389394328 21.299922317499295 76.925556872971356 129.88886689243373 11.33018548437394 36.767523465212435 18.082757391966879 10.631744986050764
leaf_count=82176 2091 372 417 870 122 907 1483 309 1067 2011 195 677 362 335
internal_value=-0.000537465 -0.0131903 0.00232349 0.0309413 0.051057 0.0943175 0.0188939 0.0583498 -0.027452 -0.0339002 0.0441505 -0.0402272 -0.0220104 0.0425381
internal_weight=3881.57 596.404 341.486 174.108 146.973 61.8502 85.1231 47.6092 167.378 254.918 24.9701 142.408 105.64 28.7145
internal_count=93394 11218 7116 4108 3238 1029 2209 726 3008 4102 567 2441 1764 697
is_linear=0
shrinkage=0.1


Tree=90
num_leaves=15
num_cat=0
split_feature=5 2 11 13 16 14 7 1 16 21 16 4 16 21
split_gain=7.72271 11.509 21.4529 16.0528 15.8404 19.1769 14.1107 13.5167 12.0524 14.711 18.9315 14.1032 11.1037 11.2521
threshold=21.500000000000004 182.50000000000003 -0.25058409460232006 489.18350000000004 62.39678333333331 72.885450000000034 1380.3081528632385 -507.49999999999994 -94.230542500000112 -63.958333333333329 -110.23257916666661 -936.24999999999989 -85.329963142857068 41.770833333333336
decision_type=2 8 2 2 8 10 10 10 10 10 10 10 10 10
left_child=1 4 -3 7 5 6 8 -4 9 -1 -11 -10 -13 -14
right_child=-2 2 3 -5 -6 -7 -8 -9 11 10 -12 12 13 -15
leaf_value=-0.06842429283781841 0.0023100453375070932 0.16031559659336389 0.11775253176940173 -0.0041281517724007588 -0.0010248437662315258 -0.1096316163571342 -0.094009118272461167 0.003156484535434777 0.0451198821164778 -0.0015508751430528456 0.092062860041210726 -0.10462266826234419 -0.016249742184539243 -0.063937779129966107
leaf_weight=18.939067244064063 2424.7012626269716 8.3189860542770457 20.737775048241019 234.18350655271206 645.41428875620477 24.295706092612818 23.588820336386561 19.656635222490877 24.869573450880125 75.345751092303544 29.267767996061593 18.795015236362815 224.9928941441467 62.866080054547638
leaf_count=236 63529 300 154 8583 10511 552 422 292 291 956 667 259 5122 1344
internal_value=-0.00112822 -0.0069505 0.0110885 0.00600196 -0.0114001 -0.0246855 -0.0201543 0.0634115 -0.0161283 0.010468 0.0252632 -0.0260419 -0.031941 -0.0268497
internal_weight=3855.97 1431.27 282.897 274.578 1148.37 502.961 478.665 40.3944 455.076 123.553 104.614 331.524 306.654 287.859
internal_count=93218 29689 9329 9029 20360 9849 9297 446 8875 1859 1623 7016 6725 6466
is_linear=0
shrinkage=0.1


Tree=91
num_leaves=15
num_cat=0
split_feature=17 18 2 21 16 11 21 22 2 4 11 18 2 13
split_gain=9.37287 18.9627 15.2317 34.2375 9.55085 12.4052 9.32369 20.9913 28.333 22.4607 25.8373 25.688 22.2895 17.508
threshold=461.25000000000006 0.30975593425560216 402.50000000000006 -17.291666666666661 -49.595763333333359 0.081189701911942982 5.4583333333333348 2.563250064849854 -3507.4999999999995 -16.249999999999996 -0.21274429489592908 0.62587949062545845 -27.499999999999996 524.75740000000008
decision_type=10 2 10 8 8 2 8 10 8 10 2 2 8 2
left_child=2 -2 6 -4 -3 -6 7 8 -1 11 13 -9 -12 -11
right_child=1 4 3 -5 5 -7 -8 9 -10 10 12 -13 -14 -15
leaf_value=0.14540428144378559 -0.068842093099242399 0.068559463351970162 0.25323365833418338 -0.0054949613187087942 -0.044178958510476506 0.077259788714299449 0.0054289278466935062 -0.020810859026129745 0.0047792282176728658 0.10640654493122814 -0.012708050851935972 0.026864704891049515 -0.059510002716459669 -0.027283997533776916
leaf_weight=13.603960007429121 55.9060266391607 18.763169260928407 6.7736656288616359 14.832308808574455 33.628551958710887 10.136706729535943 2046.9489217000082 249.56337759527378 763.36981225409545 20.932841177098453 188.10400465968996 204.87578953919001 222.44000032078475 17.101445813896134
leaf_count=115 5883 261 204 647 1039 114 43518 5738 11476 188 3262 2442 17709 412
internal_value=0.000517195 -0.027061 0.00139551 0.0832327 0.0107907 -0.0149543 0.000898876 -0.00462061 0.00742516 -0.0149818 -0.0308292 0.000694611 -0.0381492 0.0471359
internal_weight=3866.98 118.434 3748.55 21.606 62.5284 43.7653 3726.94 1679.99 776.974 903.017 448.578 454.439 410.544 38.0343
internal_count=93008 7297 85711 851 1414 1153 84860 41342 11591 29751 21571 8180 20971 600
is_linear=0
shrinkage=0.1


Tree=92
num_leaves=15
num_cat=0
split_feature=14 5 19 5 1 17 14 13 17 19 8 7 16 16
split_gain=9.39057 15.7566 12.838 19.4056 22.1199 15.6653 15.5398 13.8408 12.6449 12.6828 15.3128 12.2616 13.1321 12.2212
threshold=-6.5314499999999489 31.500000000000004 -0.78322059153266799 29.500000000000004 -347.49999999999994 -33.749999999999993 -19.405900000000027 461.36285000000004 -116.24999999999999 -0.054803225926609363 600.16662039607274 -236.48477303472748 -51.295048571428616 -246.6270916666667
decision_type=8 2 2 2 8 10 10 2 8 2 2 8 10 8
left_child=2 13 -1 4 7 -5 8 -4 -6 10 -10 12 -11 -2
right_child=1 -3 3 5 6 -7 -8 -9 9 11 -12 -13 -14 -15
leaf_value=-0.039659509502606827 0.097350110286452449 -0.024169015372540285 0.015262559208965788 0.060985152966898319 0.098639093935596348 0.0043795121235097097 -0.038546316081490978 -0.069887601223419984 -0.025459320676635245 -0.010146066583365816 0.045924636534511266 0.010582858211241403 0.17960062156851844 0.0041443782851405741
leaf_weight=116.4510534472065 13.148575829342008 203.74299166240962 23.552703749388456 65.102793730795383 12.28424005396664 188.43639873736538 113.14618454198353 93.032907499931753 218.04539230361115 5.918005177518352 33.893702938687056 214.78310787281953 8.098168060416354 2544.8291091937572
leaf_count=3561 629 6840 113 520 82 8402 3421 1321 6365 177 1179 10786 330 49537
internal_value=-0.000578581 0.00252643 -0.00842108 -0.00465823 -0.0130063 0.019097 -0.00529735 -0.052702 0.00239569 -0.000263251 -0.0157123 0.0167426 0.104144 0.00466133
internal_weight=3854.47 2761.72 1092.74 976.294 722.754 253.539 606.169 116.586 493.023 480.738 251.939 228.799 14.0162 2557.98
internal_count=93263 57006 36257 32696 23774 8922 22340 1434 18919 18837 7544 11293 507 50166
is_linear=0
shrinkage=0.1


Tree=93
num_leaves=15
num_cat=0
split_feature=7 22 19 3 11 9 14 2 13 14 2 1 14 11
split_gain=10.6076 8.32282 8.7356 26.1708 17.575 21.3397 22.0284 14.7963 14.0726 13.0618 12.5513 14.581 11.8061 11.4199
threshold=-2673.7822300278444 -6.2470631599426261 0.80281625642728172 -34.999999999999993 0.13482669614181145 0.010498759988977703 31.309399999999986 -17.499999999999996 582.92535000000009 30.221899999999952 -3674.9999999999995 -3634.9999999999995 -16.604650000000046 0.22351912015392034
decision_type=8 8 2 10 2 2 8 10 2 8 8 8 10 2
left_child=-1 -2 10 8 5 -5 7 9 12 -7 -3 -12 -4 -13
right_child=1 2 3 4 -6 6 -8 -9 -10 -11 11 13 -14 -15
leaf_value=-0.056216134807916832 0.043208060781972459 0.088201363421797518 0.12893924753090041 -0.04374775973697069 -0.085828961987002031 0.022941974353150228 -0.036679179091637364 -0.044961480561205421 -0.027187379453211331 0.13665024126513681 0.11502203623569787 0.000146923296989698 0.034378576856365563 0.048320936292227439
leaf_weight=32.643727884744294 43.434388434397988 15.712039764970539 18.35430320026353 164.77716930862516 36.473724474199116 172.59212146676145 105.33265347522683 30.060303825652227 22.806933462270536 9.8034093719907087 10.23683842550963 3118.6914743965026 45.242847129935399 48.997181356535293
leaf_count=575 372 138 305 4856 1416 4064 3425 2685 665 105 111 72607 780 1147
internal_value=-0.000309369 0.000180084 -0.00032309 -0.0113259 -0.0198189 -0.0146624 0.000508559 0.0190312 0.0393351 0.0297654 0.0017657 0.00131074 0.0632426 0.000907084
internal_weight=3875.16 3842.52 3799.08 605.443 519.039 482.566 317.788 212.456 86.4041 182.396 3193.64 3177.93 63.5972 3167.69
internal_count=93251 92676 92304 18301 16551 15135 10279 6854 1750 4169 74003 73865 1085 73754
is_linear=0
shrinkage=0.1


Tree=94
num_leaves=15
num_cat=0
split_feature=1 20 3 11 17 1 15 20 22 4 20 18 12 5
split_gain=11.8627 19.5083 13.7914 15.8028 13.5226 29.8008 16.0811 16.4069 15.8892 13.3411 17.3426 16.0667 24.9397 20.5352
threshold=17.500000000000004 -62.249999999999993 -1.0000000180025095e-35 0.044239319606780216 11.250000000000002 -87.499999999999986 2.2873000000000165 99.583333333333357 6.7447721958160409 -1.0000000180025095e-35 -54.583333333333321 0.89787622492179153 -34.249999999999993 23.500000000000004
decision_type=10 8 8 2 10 10 10 10 10 8 8 2 2 2
left_child=4 -2 3 -3 9 6 7 -6 -9 10 -1 13 -13 -12
right_child=1 2 -4 -5 5 -7 -8 8 -10 -11 11 12 -14 -15
leaf_value=-0.00275095197405893 0.054492211770362987 -0.052355825437434347 0.012342466953975229 0.031759929161523225 0.0077751958819687874 -0.040462398091296217 -0.021172287003970353 0.11511380838468371 -0.025882589578281958 -0.0050318697280300638 -0.023891123511057925 0.022040987421978242 0.10681648051470199 0.029755930701003783
leaf_weight=523.44915400492027 92.398421383928508 73.909691979235504 494.10727016668534 31.03693345899228 134.34027400997002 270.08258715301054 132.64773431618232 30.380247247056104 10.292815593536941 1595.9265731170308 111.08563679736108 108.66543725691736 50.492145499913022 195.61830758897122
leaf_count=5087 1617 4800 13626 1767 3991 12827 2849 746 327 36395 2617 957 861 4540
internal_value=0.000124937 0.0119804 0.00534348 -0.0274144 -0.00246973 -0.016287 0.00499798 0.0248408 0.0796681 0.000623219 0.00974171 0.0237545 0.0494347 0.0103109
internal_weight=3854.43 691.452 599.054 104.947 3162.98 577.744 307.661 175.013 40.6731 2585.24 989.311 465.862 159.158 306.704
internal_count=93007 21810 20193 6567 71197 20740 7913 5064 1073 50457 14062 8975 1818 7157
is_linear=0
shrinkage=0.1


Tree=95
num_leaves=15
num_cat=0
split_feature=22 11 11 11 19 19 4 12 17 17 22 21 11 21
split_gain=9.57626 9.85205 12.2913 44.066 46.8973 24.8415 21.1877 17.4415 22.2646 14.9708 18.8614 22.0025 18.6781 20.1631
threshold=11.194227218627931 -0.35141640602462204 -0.10433386532384524 -0.10967218219120324 0.49432983330901509 -0.78322059153266799 -1.0000000180025095e-35 -437.74999999999994 -28.749999999999996 -38.749999999999993 1.0000000180025095e-35 -9.5416666666666661 0.034868791185246668 -30.729166666666661
decision_type=10 2 2 2 2 2 8 2 10 8 10 8 2 8
left_child=1 -1 3 -3 5 -5 -7 8 -4 10 11 -9 -12 -14
right_child=-2 2 7 4 -6 6 -8 9 -10 -11 12 -13 13 -15
leaf_value=-0.053916600266972592 -0.025189797903192208 0.0031374490965422061 -0.018838612191079067 0.026449764145114109 -0.023426495698137883 0.26311352850962322 0.088858962671516231 0.026836158791650824 0.063686816874132732 -0.0064919062743834764 0.046438841061620467 -0.042932501768541693 -0.071633468982770829 0.020541225951631627
leaf_weight=32.600234133773483 156.5174456856912 424.29839495103806 51.687095481902361 12.352530370815655 23.694357703207061 18.418231419520453 13.185847754823046 78.259072031825781 86.243638735730201 2539.6549675742281 193.74599763192236 104.38118745665997 31.12330000847578 89.871186702512205
leaf_count=715 5696 9231 283 182 351 270 283 520 1194 71690 1297 705 197 602
internal_value=-0.0010419 -1.37318e-05 0.000480053 0.0151715 0.0895021 0.149542 0.195366 -0.00180039 0.0328489 -0.00338432 0.0124644 -0.0130542 0.027267 -0.00356162
internal_weight=3856.03 3699.52 3666.92 491.949 67.651 43.9566 31.6041 3174.97 137.931 3037.04 497.381 182.64 314.74 120.994
internal_count=93216 87520 86805 10317 1086 735 553 76488 1477 75011 3321 1225 2096 799
is_linear=0
shrinkage=0.1


Tree=96
num_leaves=15
num_cat=0
split_feature=11 15 21 15 12 11 21 13 2 5 5 21 18 21
split_gain=9.21271 18.3273 19.3589 15.7707 17.3109 15.6775 14.119 16.2433 13.3825 18.7572 18.5548 15.3215 14.6854 14.8901
threshold=-0.039905028822786438 -186.04639999999998 -10.20833333333333 -33.461799999999975 176.25000000000003 -0.10205215748549344 176.04166666666671 468.60765000000009 -207.49999999999997 30.500000000000004 31.500000000000004 35.208333333333336 -0.021498191439754431 3.4166666666666674
decision_type=2 8 10 8 2 2 10 2 10 2 2 10 2 10
left_child=1 2 -1 4 -2 -4 8 -8 9 11 -11 12 -5 -14
right_child=3 -3 5 6 -6 -7 7 -9 -10 10 -12 -13 13 -15
leaf_value=-0.011304238391805369 -0.0047283928988548262 -0.011309870603338703 0.099768923020020273 -0.012125920510388744 -0.065420638321984678 0.016659198555112432 0.12958733237265035 0.024664240363060815 -0.00021200065194252487 0.096339501234772418 -0.0072987740741503049 -0.036563917387146497 0.02039383911778344 0.084636926341263269
leaf_weight=83.482174578122795 621.49170124216471 1100.5133285110933 41.419600230176002 107.47289898782037 49.860539437911939 49.87072950322181 15.037950266152619 199.62368463538587 1213.1883771767025 53.786770488601178 25.035297641297802 57.860488542821258 199.88056510617025 43.347343931440264
leaf_count=1249 19506 24742 861 2571 2487 1029 80 3580 32965 430 284 788 2194 610
internal_value=0.000423471 -0.00652938 0.0234657 0.00385269 -0.00932653 0.0550396 0.0084749 0.0325813 0.00541461 0.019392 0.0637431 0.0107008 0.0185806 0.0321427
internal_weight=3861.87 1275.29 174.773 2586.59 671.352 91.2903 1915.23 214.662 1700.57 487.383 78.8221 408.561 350.701 243.228
internal_count=93376 27881 3139 65495 21993 1890 43502 3660 39842 6877 714 6163 5375 2804
is_linear=0
shrinkage=0.1


Tree=97
num_leaves=15
num_cat=0
split_feature=3 15 21 3 6 15 15 15 1 8 11 22 1 21
split_gain=7.90798 17.1543 12.6754 10.5335 15.1127 14.6643 13.7866 15.7804 15.0065 12.5554 10.9025 14.963 10.4946 10.0233
threshold=845.00000000000011 400.04765000000003 -466.45833333333331 75.000000000000014 184.11932612718007 1.8552999999999431 90.665750000000017 68.918699999999959 -207.49999999999997 202.47914648306462 0.084943615347498669 2.563250064849854 -102.49999999999999 1.0000000180025095e-35
decision_type=10 8 10 10 2 8 10 8 8 2 2 8 10 8
left_child=3 2 -2 -1 10 12 7 8 -7 -8 11 13 -6 -5
right_child=1 -3 -4 4 5 6 9 -9 -10 -11 -12 -13 -14 -15
leaf_value=-4.8946369491383082e-05 0.023089580748464258 0.039866670084785123 -0.055491034017653741 0.027702959217586993 0.076183317340357715 -0.070177351350728417 0.041761668772869666 -0.091611994256182924 0.012184105684691113 -0.026715207268082616 0.097137686901214743 0.045995229720099298 0.0036100831014504297 -0.06219645671446538
leaf_weight=3162.0302258250304 25.526702923700213 35.116089898394421 94.674383780686185 22.915653407806531 38.314276726450771 30.298830453306437 70.081301781581715 31.821622856426984 74.701057839207351 42.097896775929257 25.384374326094985 123.27928936900571 40.615687320474535 24.96085553849116
leaf_count=86036 148 298 1064 214 277 178 811 378 780 467 278 1154 563 260
internal_value=0.00119624 -0.0208343 -0.0387503 0.00212981 0.0152406 0.00207174 -0.00985545 -0.0310617 -0.01202 0.0160551 0.0370914 0.0276733 0.0393511 -0.0194805
internal_weight=3841.82 155.317 120.201 3686.5 524.471 327.931 249.001 136.822 105 112.179 196.54 171.156 78.93 47.8765
internal_count=92906 1510 1212 91396 5360 3454 2614 1336 958 1278 1906 1628 840 474
is_linear=0
shrinkage=0.1


Tree=98
num_leaves=15
num_cat=0
split_feature=13 8 22 21 1 11 11 14 16 14 16 16 9 1
split_gain=10.1553 16.5949 26.7985 15.0227 16.6053 14.9097 14.6865 16.315 21.0516 14.4598 14.1613 19.8598 24.8368 20.523
threshold=650.28495000000009 480.62454859271247 2.6302633285522465 -8.2291666666666661 37.500000000000007 0.027216932257154051 0.084943615347498669 32.473900000000022 282.73520473684215 177.04790000000003 69.016693055555621 62.39678333333331 0.75174859378821235 -437.49999999999994
decision_type=2 2 10 10 8 2 2 8 10 8 10 10 2 8
left_child=10 6 3 -3 -5 -4 9 -8 -9 -2 11 -1 13 -13
right_child=1 2 5 4 -6 -7 7 8 -10 -11 -12 12 -14 -15
leaf_value=0.0007656770408463662 -0.045318686676842676 -0.0062953821824363841 0.012823032346051555 0.044156276462116034 0.19327620073032142 -0.037047868792329894 0.079172277991244877 -0.036970506472699866 0.093764670941284031 -0.0088675638222074655 -0.05448116175843172 0.096550594863506922 0.12974207402734375 0.0054648021012916256
leaf_weight=2734.0106521099224 238.07273753703339 14.078476158145348 177.80892203655094 16.240511367097497 14.171882171067411 89.196958423824981 26.594139708438888 60.067673878278583 14.439143144991247 200.8543364504585 42.480227492167614 28.595329985022545 22.570914311334491 151.53758972417563
leaf_count=57637 10551 276 7024 363 240 4582 1466 1565 362 4110 1911 153 178 2698
internal_value=-0.00058077 -0.0102047 0.00816003 0.0791085 0.117585 -0.0039131 -0.0207933 0.0134635 -0.0107283 -0.0286966 0.00217249 0.00301027 0.0331323 0.0203775
internal_weight=3830.72 851.525 311.497 44.4909 30.4124 267.006 540.028 101.101 74.5068 438.927 2979.19 2936.71 202.704 180.133
internal_count=93116 30539 12485 879 603 11606 18054 3393 1927 14661 62577 60666 3029 2851
is_linear=0
shrinkage=0.1


Tree=99
num_leaves=15
num_cat=0
split_feature=13 15 3 8 0 1 22 17 4 22 4 15 17 4
split_gain=8.49582 19.2306 23.0397 20.5447 17.0813 16.7417 14.6451 13.0934 16.1262 13.0481 12.8505 12.6206 22.8632 12.2923
threshold=677.92640000000017 322.0564 -24.999999999999996 543.69096431883145 27.500000000000004 1967.5000000000002 1.9663572311401369 131.25000000000003 11.250000000000002 7.272414207458497 -46.249999999999993 130.51330000000002 23.750000000000004 16.250000000000004
decision_type=2 8 10 2 8 8 10 8 10 8 8 10 10 8
left_child=11 3 -3 5 6 -2 -5 8 9 -4 -9 -1 13 -13
right_child=1 2 7 4 -6 -7 -8 10 -10 -11 -12 12 -14 -15
leaf_value=0.00075767340793921208 -0.026331303310679156 0.101719841355182 0.0059817799978363652 0.12255208644707548 0.093112859065751508 -0.089849805467914101 -0.018374224828869277 0.049988392957711181 0.044141242406688513 -0.088356354881008445 -0.10062798851744136 0.02071731384117572 -0.026725420309801858 0.0913142676705056
leaf_weight=3081.6627227907884 237.29383200884331 25.27609753923025 49.565983199747279 7.0866655850550151 20.492903010337614 49.758122151892167 82.92003360617673 7.0393312998348847 77.782402414828539 19.752486884826794 20.138506275718104 48.159367253538221 46.50045497296378 51.23086516186595
leaf_count=70695 8684 812 938 132 444 1963 4545 338 1025 808 1044 569 623 458
internal_value=9.49275e-05 -0.0108524 0.0144298 -0.0235474 0.0130076 -0.0376154 -0.00605371 0.00126177 0.0131425 -0.0217744 -0.0612273 0.00212295 0.0307603 0.0576537
internal_weight=3824.66 597.106 199.555 397.552 110.5 287.052 90.0067 174.279 147.101 69.3185 27.1778 3227.55 145.891 99.3902
internal_count=93078 20733 4965 15768 5121 10647 4677 4153 2771 1746 1382 72345 1650 1027
is_linear=0
shrinkage=0.1


Tree=100
num_leaves=15
num_cat=0
split_feature=9 17 21 3 14 2 17 6 14 12 2 2 20 22
split_gain=11.4943 10.1087 8.9199 7.30181 12.0028 19.9635 11.4672 19.609 17.8876 14.7455 12.5073 12.0938 12.8331 10.685
threshold=0.9201063829787236 1331.2500000000002 33.416666666666679 1.0000000180025095e-35 -128.04154999999994 -107.49999999999999 -61.249999999999993 1682.4535638406389 -58.219000000000015 -278.87499999999994 -1727.4999999999998 -27.499999999999996 42.083333333333336 8.1257686614990252
decision_type=2 10 8 10 8 8 10 2 8 2 8 8 8 10
left_child=1 3 -2 6 5 -5 7 8 -1 10 -8 -12 -13 -10
right_child=2 -3 -4 4 -6 -7 9 -9 13 -11 11 12 -14 -15
leaf_value=-0.040086963388847839 0.091722650454748644 -0.084121917764088339 0.0022905967257742274 -0.089104885515078974 0.002559127954778315 0.079481036912102565 0.10671295585482235 -0.051638055891737228 0.031295331807561694 -0.011863616503432544 -0.021549155852899633 0.091847502058073641 0.0062001999416641694 -0.031085307601324948
leaf_weight=46.493403259664774 22.852971464511938 13.589064299478194 21.04437933024019 7.551428722916171 1715.7281167382607 41.47642413538415 14.325202867388724 45.265460125636309 298.53171693673357 1434.0041177677922 60.961993566714227 26.961460075573996 47.160613124491647 29.433355875313282
leaf_count=230 415 2471 228 56 27987 1271 153 468 2433 54148 627 729 1309 381
internal_value=-0.000445295 -0.00104223 0.0498549 -0.00072036 0.00396851 0.0522528 -0.00485116 0.00982827 0.0173762 -0.00874606 0.0210556 0.0112546 0.0381618 0.0256195
internal_weight=3825.38 3781.48 43.8974 3767.89 1764.76 49.0279 2003.14 419.724 374.458 1583.41 149.409 135.084 74.1221 327.965
internal_count=92906 92263 643 89792 29314 1327 60478 3512 3044 56966 2818 2665 2038 2814
is_linear=0
shrinkage=0.1


Tree=101
num_leaves=15
num_cat=0
split_feature=13 11 3 22 13 16 4 13 20 6 0 13 16 20
split_gain=8.45555 13.618 7.30868 14.8845 14.8636 21.0315 16.7147 24.167 22.2236 13.7868 14.2631 13.6441 12.9881 12.4112
threshold=405.05580000000003 0.021969678053393959 1.0000000180025095e-35 5.9495010375976571 452.35750000000002 -51.295048571428616 116.25000000000001 491.94660000000005 -671.24999999999989 1000.3249393997679 -3494.9999999999995 439.3263 -124.76165833333336 21.833333333333339
decision_type=2 2 8 10 2 10 8 2 10 2 10 2 8 8
left_child=1 -1 3 4 -2 9 7 -7 -8 10 -6 -4 13 -5
right_child=2 -3 11 12 5 6 8 -9 -10 -11 -12 -13 -14 -15
leaf_value=0.06467381943183946 0.03198455133893921 -0.023763805558349022 -0.031693030685174199 0.072288748639609324 0.10522101715668031 0.069489891556618708 0.060352738248629238 0.0069827397596549075 -0.05120771371235236 -0.055175211350012965 -0.01517967360280047 0.005665917458439175 -0.021686782316686401 -0.031891569258720269
leaf_weight=48.412857401184738 143.39103982597589 26.228272636886686 101.79879186302423 28.874648791272193 9.3317072986392287 71.824793533422053 21.802461812738329 412.59761732065817 82.623517781496048 94.620018028013874 208.14546315185726 1997.4702715231106 561.83005176432198 17.78193195379572
leaf_count=344 839 243 1021 1219 286 788 571 13136 2329 2553 5025 36039 27386 1334
internal_value=0.000591972 0.0336942 -7.53407e-05 -0.00504765 0.00219779 -0.00257316 0.00854907 0.0163747 -0.0275642 -0.0235183 -0.00955545 0.00384006 -0.0174661 0.0327471
internal_weight=3826.73 74.6411 3752.09 1652.82 1044.34 900.946 588.848 484.422 104.426 312.097 217.477 2099.27 608.487 46.6566
internal_count=93113 587 92526 55466 25527 24688 16824 13924 2900 7864 5311 37060 29939 2553
is_linear=0
shrinkage=0.1


Tree=102
num_leaves=15
num_cat=0
split_feature=6 21 3 13 19 17 21 14 21 13 17 20 4 21
split_gain=7.32346 10.9378 18.3256 11.9283 11.9606 10.3008 14.158 9.50445 9.49232 8.28304 7.89235 11.3581 19.3144 10.7537
threshold=142.65245733414125 70.208333333333357 -174.99999999999997 545.04245000000014 -0.91249077947840473 73.750000000000014 221.87500000000003 64.486900000000006 87.708333333333357 459.24085000000008 8.7500000000000018 -41.249999999999993 -11.249999999999998 38.875000000000007
decision_type=2 8 8 2 2 8 8 8 10 2 8 8 8 10
left_child=1 9 -3 4 -4 7 -7 -5 -9 -1 11 -11 -13 -12
right_child=-2 2 3 5 -6 6 -8 8 -10 10 13 12 -14 -15
leaf_value=-0.038476394239553874 -0.0016085790274162504 -0.066477346294466236 0.13115684870511587 -0.059106532025121152 0.04300312383008164 0.13763956321842752 0.0014437384578509615 -0.037570453858079472 0.054282301512292797 -0.0060596099762687582 -0.026850550462548729 0.080802127040456792 0.0057729974173542538 0.052285952695868415
leaf_weight=46.976698290091008 3115.7692448563757 18.122304265620187 18.032972667366266 24.7653877614066 92.91955497325398 12.09467853035312 18.349799653631639 18.151050199754536 26.469638099893928 134.25554588576779 111.04224705806701 54.282232096418738 90.88790559116751 19.327846322965343
leaf_count=616 74763 233 119 949 1142 228 346 316 445 2031 6039 688 4562 816
internal_value=0.000451193 0.00979966 0.0275893 0.0359524 0.0583742 0.0107009 0.0582068 -0.010674 0.0169134 0.000843845 0.00543399 0.014898 0.0341889 -0.0148096
internal_weight=3801.45 685.678 228.905 210.783 110.953 99.8306 30.4445 69.3861 44.6207 456.772 409.796 279.426 145.17 130.37
internal_count=93293 18530 3778 3545 1261 2284 574 1710 761 14752 14136 7281 5250 6855
is_linear=0
shrinkage=0.1


Tree=103
num_leaves=15
num_cat=0
split_feature=4 14 13 11 11 11 20 13 16 4 14 2 3 8
split_gain=8.41646 7.50227 6.64324 10.239 7.26121 16.4319 15.8896 26.1855 30.7981 22.2234 18.0789 19.1131 18.2007 20.5865
threshold=1303.7500000000002 -5.8235500000000107 405.05580000000003 0.019856651566368021 -0.059720851313123872 -0.083542955731646509 -199.58333333333329 616.7405500000001 26.114953571428604 71.250000000000014 -75.706750000000014 -37.499999999999993 495.00000000000006 432.20340797706848
decision_type=10 10 2 2 2 2 8 2 8 8 10 10 10 2
left_child=2 -2 3 -1 5 6 -4 8 9 10 11 -8 13 -12
right_child=1 -3 4 -5 -6 -7 7 -9 -10 -11 12 -13 -14 -15
leaf_value=0.057085163321382408 0.014294868792644201 -0.09008580544669792 -0.022677773557753658 -0.018752383648446082 0.0015746491602158124 -0.030095350947389091 -0.0021590330508796372 -0.023273855579779429 0.072782951453303421 -0.05475322196334164 0.043194364888409206 0.096327164456835812 -0.1225697294986829 -0.029907927298546622
leaf_weight=46.463639069348574 10.222183641046287 18.656683451146819 239.4662515046075 27.854160586837679 2671.7719814018928 258.12585783045506 32.611428911332041 181.03668942704098 92.277384115033783 48.001522358623333 80.670113213825971 48.625382909085602 10.331559262238441 71.968565481365658
leaf_count=326 328 329 2340 247 68320 5459 269 7360 1596 958 1756 1105 90 2600
internal_value=-0.0010293 -0.0538966 -0.000614454 0.0287898 -0.0012071 -0.00819297 -0.00114118 0.00800227 0.0227509 0.00675682 0.0190213 0.0572457 -0.000265634 0.00875658
internal_weight=3838.08 28.8789 3809.2 74.3178 3734.89 1063.11 804.989 565.523 384.486 292.209 244.207 81.2368 162.97 152.639
internal_count=93083 657 92426 573 91853 23533 18074 15734 8374 6778 5820 1374 4446 4356
is_linear=0
shrinkage=0.1


Tree=104
num_leaves=15
num_cat=0
split_feature=10 16 8 21 14 16 15 17 14 5 20 7 15 14
split_gain=6.31701 13.2845 11.923 10.0408 11.1548 16.4854 18.0205 18.6188 12.4638 16.4012 18.9223 21.0888 18.6687 17.1373
threshold=0.80707196029776684 -167.19161875 148.9588299514443 134.79166666666671 45.747099999999996 62.39678333333331 24.101349999999972 28.750000000000004 -4.3011499999999776 22.500000000000004 292.08333333333343 -1075.4645277461839 35.714499999999965 -1.3490499999999768
decision_type=2 8 2 8 10 10 8 10 8 2 8 10 8 10
left_child=1 -1 -2 4 8 -6 -7 -8 -3 10 -10 -12 13 -11
right_child=2 3 -4 -5 5 6 7 -9 9 12 11 -13 -14 -15
leaf_value=-0.063731560632937029 0.036544683060179294 -0.0090298368425176505 0.001194476220331713 -0.022828479484853247 -0.049280719388579794 0.080517302668286883 0.016774624065612233 -0.090545244763610588 -0.01876011492286446 0.074596035571463146 -0.015224334679430299 0.1340599316303735 0.083270818863011922 -0.019153260431208994
leaf_weight=38.357623697491363 97.899299286480527 235.9288489962928 2708.1568393563502 227.10797940113116 93.975962066382635 25.053175551816821 52.45808253553696 22.217745029600337 128.47319386154413 28.673087932518683 18.04055288399104 18.485780212446116 68.237340787774883 56.031218492542394
leaf_count=1696 1680 7154 70282 3373 1655 309 702 787 2249 460 306 407 1009 1206
internal_value=-3.41637e-06 -0.00676829 0.00244037 -0.00446353 0.00113865 -0.0194565 0.00885757 -0.01593 0.00836346 0.021258 -0.000641866 0.0618867 0.0447352 0.0130817
internal_weight=3819.1 1013.04 2806.06 974.683 747.575 193.705 99.729 74.6758 553.87 317.941 165 36.5263 152.942 84.7043
internal_count=93275 21313 71962 19617 16244 3453 1798 1489 12791 5637 2962 713 2675 1666
is_linear=0
shrinkage=0.1


Tree=105
num_leaves=15
num_cat=0
split_feature=4 2 19 21 0 17 0 22 4 17 11 15 2 18
split_gain=9.40935 16.0366 17.8717 9.49118 12.9228 11.903 23.033 15.8818 23.3642 16.5035 17.0869 17.3858 15.3801 16.7393
threshold=406.25000000000006 -32.499999999999993 -0.71500281916182284 5.4583333333333348 302.50000000000006 3.7500000000000004 67.500000000000014 3.9672307968139653 -61.249999999999993 36.250000000000007 -0.10433386532384524 3.9125000000000232 617.50000000000011 0.45273815774107123
decision_type=10 8 2 10 10 10 10 10 8 10 2 10 8 2
left_child=3 2 -2 5 -5 -1 7 9 12 10 11 -7 13 -9
right_child=1 -3 -4 4 -6 6 -8 8 -10 -11 -12 -13 -14 -15
leaf_value=0.0032090050492491794 0.055336739541718305 -0.070241144751315127 -0.034074379123104452 0.0091363682446416548 -0.056392564506728117 0.14272197734194306 0.020901369767017387 -0.061650523381141992 -0.051637071511775684 -0.035182929553075698 -0.00066542049183444991 -0.003111844015710651 0.1328405540783151 0.04034747015759723
leaf_weight=1349.9113957746886 35.225138092413545 48.724815508583561 57.3885488784872 1489.5533059243462 29.72970325575443 17.380340848583728 165.5456308433786 27.657267096510623 241.97851763328072 114.79192100412911 169.55287338746712 14.647692246362565 8.3574147800682095 35.699600146850571
leaf_count=22207 214 2119 660 38180 1265 398 3510 1244 13125 4400 4218 264 573 548
internal_value=0.00079358 -0.0244326 0.000160527 0.00177286 0.00781783 -0.00250933 -0.0122035 -0.0209209 -0.0368285 -0.00508173 0.0121487 0.0779515 0.0131617 -0.00444396
internal_weight=3806.14 141.339 92.6137 3664.81 1519.28 2145.52 795.611 630.066 313.693 316.373 201.581 32.028 71.7143 63.3569
internal_count=92925 2993 874 89932 39445 50487 28280 24770 15490 9280 4880 662 2365 1792
is_linear=0
shrinkage=0.1


Tree=106
num_leaves=15
num_cat=0
split_feature=1 2 4 4 1 19 8 9 18 0 19 20 2 19
split_gain=8.01725 16.1062 13.389 15.3329 22.4002 17.4646 14.2114 17.047 13.7425 21.9645 23.851 17.6597 22.4883 12.6095
threshold=17.500000000000004 -1727.4999999999998 556.25000000000011 26.250000000000004 132.50000000000003 0.33221629650757628 604.97924816505076 0.072416094584286786 0.28519915169571858 67.500000000000014 -0.88519256530727686 -1.4583333333333333 -92.499999999999986 -0.27693019561494486
decision_type=8 8 10 10 10 2 2 2 2 10 2 8 8 2
left_child=-1 -2 3 8 5 6 -5 -8 -3 10 -10 12 -12 -11
right_child=1 2 -4 4 -6 -7 7 -9 9 13 11 -13 -14 -15
leaf_value=-0.0018444327780943273 0.12613991719678805 -0.015832086768620007 -0.076226870492956567 0.03638258776238 -0.037333661546737389 -0.029799083900485135 0.028882412551841926 0.17045092366959474 -0.068310201800300438 0.064477691222923489 -0.015220678501358321 -0.01443642494070539 0.054024611278964921 -0.0081900822417230873
leaf_weight=2585.8672418097849 10.432917165569959 305.4818268113886 18.095539969624951 214.06071518349927 46.291797298763413 33.631130552385002 16.393993028905243 17.843413003487512 45.11048758495599 96.496835867408663 74.009309754706919 184.80879272456514 125.3506564986892 31.348103218013421
leaf_count=60216 97 13522 634 3958 2217 2122 266 185 469 693 419 5349 1736 1267
internal_value=0.00130779 0.00798869 0.00686564 0.00819119 0.0265511 0.0371356 0.0462848 0.105407 0.00118261 0.0105237 -0.000343681 0.00779382 0.0283707 0.046734
internal_weight=3805.22 1219.36 1208.92 1190.83 328.221 281.929 248.298 34.2374 862.606 557.124 429.279 384.169 199.36 127.845
internal_count=93150 32934 32837 32203 8748 6531 4409 451 23455 9933 7973 7504 2155 1960
is_linear=0
shrinkage=0.1


Tree=107
num_leaves=15
num_cat=0
split_feature=3 2 21 22 17 0 12 15 2 8 3 16 16 21
split_gain=6.84749 22.1797 16.4924 9.46286 7.03351 8.10054 7.06894 9.27641 8.21337 7.82011 11.0752 16.7223 15.1794 15.3855
threshold=835.00000000000011 -422.49999999999994 16.770833333333339 1.7696485519409182 -1313.7499999999998 -3494.9999999999995 -509.49999999999994 -177.79769999999999 -22.499999999999996 131.11328169932221 75.000000000000014 62.793735256410237 33.524537925696571 -104.54166666666664
decision_type=10 10 8 10 8 8 2 10 10 2 10 10 10 10
left_child=4 -2 -3 -4 -1 -6 7 -7 -9 -8 -11 12 13 -12
right_child=1 2 3 -5 5 6 9 8 -10 10 11 -13 -14 -15
leaf_value=-0.051044160132755978 0.028267367796225774 -0.092439225310308001 0.037412864621774809 -0.046487144147718137 0.07226134157998286 0.073406131857344084 0.012022258200494455 -0.010448715397212635 0.048020845375986589 -0.0048410174507859897 0.049051811862285057 -0.015790119607954897 0.088372097566829955 -0.004022722138593047
leaf_weight=25.73808710090816 56.830049891257659 46.394494157400914 22.402727807871997 30.681969334604219 14.633302671834825 27.373798216693103 419.7447374156327 71.756847872864455 34.921115285949782 2647.803646038752 92.748321648221463 131.18984340061434 34.88595289667137 130.52652979432605
leaf_count=233 399 636 214 270 165 354 8448 595 642 76739 671 1648 397 1386
internal_value=-0.000829423 -0.0212553 -0.0495461 -0.0110427 5.54105e-05 0.000434231 0.000121496 0.0225658 0.00895956 -0.000755126 -0.00252438 0.0132021 0.0279392 0.0181448
internal_weight=3787.63 156.309 99.4792 53.0847 3631.32 3605.58 3590.95 134.052 106.678 3456.9 3037.15 389.351 258.161 223.275
internal_count=92797 1519 1120 484 91278 91045 90880 1591 1237 89289 80841 4102 2454 2057
is_linear=0
shrinkage=0.1


Tree=108
num_leaves=15
num_cat=0
split_feature=7 20 6 13 5 3 21 1 21 20 11 20 19 14
split_gain=7.62869 7.97503 12.1525 9.57727 29.5405 12.2615 11.7164 18.7423 17.5474 14.8726 13.4767 10.7557 9.30467 10.3283
threshold=-2673.7822300278444 168.75000000000003 2381.6485881097919 988.39745000000005 17.500000000000004 425.00000000000006 4.791666666666667 -107.49999999999999 78.541666666666671 7.7500000000000009 -0.00047453933524285724 -103.74999999999999 0.78192542922038288 -241.95804999999999
decision_type=8 10 2 2 2 10 10 10 8 10 2 8 2 10
left_child=-1 3 12 -2 -5 6 11 -8 9 -9 -11 -6 13 -3
right_child=1 2 -4 4 5 -7 7 8 -10 10 -12 -13 -14 -15
leaf_value=-0.048636733983737537 0.00021384956075788626 0.0021689599358004461 0.060162488303338937 0.17791613811515561 0.068252671827603667 0.063348940997137435 0.10582485522168793 -0.03292722429771925 -0.092807744025522929 0.20982468262199216 0.013377584622329975 -0.09119520046543364 0.092428991932522006 -0.042347372441234217
leaf_weight=31.497972380719148 3377.3012538726325 80.322272424469702 17.885226917278487 10.897451274795456 4.4415289429016411 33.47872465569526 16.198407953837886 16.202092405641459 17.402511657448482 5.6427003898425028 7.6726100061787275 21.388950999826196 5.7939767306088461 146.93504367879359
leaf_count=585 79057 2305 230 289 68 261 270 520 337 280 390 1334 290 6988
internal_value=-0.000394348 2.24357e-05 -0.0171636 0.00125542 0.0274417 0.0127148 -0.00683543 0.0164622 -0.0159535 0.0309136 0.105469 -0.0622563 -0.0233296 -0.0266729
internal_weight=3793.06 3761.56 250.937 3510.63 133.325 122.428 88.9488 63.1183 46.9199 29.5174 13.3153 25.8305 233.051 227.257
internal_count=93204 92619 9813 82806 3749 3460 3199 1797 1527 1190 670 1402 9583 9293
is_linear=0
shrinkage=0.1


Tree=109
num_leaves=15
num_cat=0
split_feature=19 3 19 6 20 1 22 14 9 21 20 12 17 22
split_gain=7.796 26.2311 19.1366 16.9139 15.7393 19.5039 14.896 14.8928 17.0911 17.8636 31.8816 14.371 13.6844 13.0665
threshold=0.69674355214024553 -34.999999999999993 0.9041524681792551 2130.152575886646 -865.83333333333314 -12.499999999999998 3.7591385841369633 31.309399999999986 0.026954373728567241 300.62500000000006 -456.33333333333331 135.25000000000003 -468.74999999999994 -4.1373162269592276
decision_type=2 10 2 2 8 8 8 8 2 10 10 2 8 10
left_child=4 2 -2 7 5 -1 -4 8 13 -10 -11 -6 -9 -3
right_child=1 3 6 -5 11 -7 -8 12 9 10 -12 -13 -14 -15
leaf_value=0.013538636396924611 -0.011868628198305862 0.085895221598503768 0.030750069403819909 -0.08554472796629381 0.0019771709927970983 0.105359393167267 0.1252298596979691 0.069110138913914265 0.0050925461186811689 -0.03240464919321509 0.23178627736342647 -0.021976078029542434 -0.043724532292827363 -0.040210165365469411
leaf_weight=97.250149796251208 63.703460925957188 7.8755938187241545 52.106174503918737 35.369320426601917 2655.0024246797548 29.512986965943128 24.248332122690044 10.531862279400228 216.91045830282383 8.2113876712974179 8.7179930410347861 275.55202599253971 184.56478871608851 122.49885775288567
leaf_count=909 1832 56 819 880 57992 302 463 68 7833 199 253 10037 7352 4105
internal_value=-0.00100763 -0.0102494 0.028548 -0.0194194 0.00121598 0.0355737 0.0619856 -0.0150927 -0.00312094 0.013046 0.108983 -0.000281816 -0.037312 -0.0319966
internal_weight=3792.06 734.738 140.058 594.68 3057.32 126.763 76.3545 559.311 364.214 233.84 16.9294 2930.55 195.097 130.374
internal_count=93100 23860 3114 20746 69240 1211 1282 19866 12446 8285 452 68029 7420 4161
is_linear=0
shrinkage=0.1


Tree=110
num_leaves=15
num_cat=0
split_feature=13 19 3 6 15 17 9 18 15 22 17 1 1 16
split_gain=6.43912 14.0286 18.2665 11.3672 11.3143 21.8037 11.3738 9.46163 20.0818 20.434 15.2776 16.1982 13.7322 11.374
threshold=660.00900000000013 -0.27693019561494486 -34.999999999999993 729.31473397942057 114.12745000000002 41.250000000000007 0.68974737230315342 -0.68429558720017802 -82.146599999999964 1.5725078582763674 31.250000000000004 -12.499999999999998 -197.49999999999997 -167.19161875
decision_type=2 2 8 2 10 10 2 2 10 8 8 10 10 8
left_child=4 3 -3 -2 7 6 -6 8 -1 10 11 -10 -11 -9
right_child=1 2 -4 -5 5 -7 -8 13 9 12 -12 -13 -14 -15
leaf_value=-0.007500257632928351 0.0054265472665104807 0.080953911955791324 -0.039898239265878745 -0.039937061381100626 0.026228091745587653 -0.035397765861563284 0.088393093864227487 -0.037469298270912568 0.092845335594115674 -0.055510646796129187 -0.016155393064507573 0.2664732542214534 0.050095094692823521 0.00013057964380046975
leaf_weight=108.73359487589914 461.94473128113896 12.522626435675191 178.3956064809463 61.721966424724087 100.99831937532872 43.58903093682602 41.394166844896972 81.995009521313477 20.320703670848161 16.828651641029865 6.9144699680618933 7.4815062689594951 39.096713715465739 2626.3331303845625
leaf_count=8558 14965 733 8955 2141 1305 659 328 2542 558 814 387 355 3004 47903
internal_value=8.65344e-05 -0.00846245 -0.0315908 1.38382e-05 0.00206329 0.0259075 0.0447902 0.000529793 0.0214981 0.0559866 0.115122 0.147198 0.0179001 -0.00102117
internal_weight=3808.27 714.585 190.918 523.667 3093.69 185.982 142.392 2907.7 199.376 90.642 34.7167 27.8022 55.9254 2708.33
internal_count=93207 26794 9688 17106 66413 2292 1633 64121 13676 5118 1300 913 3818 50445
is_linear=0
shrinkage=0.1


Tree=111
num_leaves=15
num_cat=0
split_feature=6 3 14 15 20 4 6 12 18 0 13 0 13 6
split_gain=7.40882 11.1699 13.4448 10.7072 17.6761 11.4111 10.7693 9.8444 9.82318 9.45146 9.07865 8.46672 7.85914 12.7531
threshold=142.65245733414125 -1.0000000180025095e-35 -75.706750000000014 -6.1249500000000401 55.416666666666679 28.750000000000004 137.46957249092625 -310.24999999999994 0.53490278810886338 -277.49999999999994 543.19950000000006 -12.499999999999998 694.64195000000007 353.48266576735983
decision_type=2 10 8 10 8 10 2 2 2 8 2 8 2 2
left_child=1 9 11 7 5 6 -5 -4 10 -1 -7 -3 -2 -14
right_child=12 2 3 4 -6 8 -8 -9 -10 -11 -12 -13 13 -15
leaf_value=-0.053629595429737768 -0.0005838074631665034 0.16021097008720714 0.080272313511671078 0.12574432419198897 -0.039461704412326187 0.14820642841594908 0.014120639852950867 -0.014280871058598483 0.0039053721549250548 0.0010135770651212034 0.055251175395400143 0.045273304937958142 -0.0042091494223991778 -0.043474880529191427
leaf_weight=35.015158642781898 2705.475461489812 8.912866050959563 11.008813333231954 8.4100501813227293 31.391093488200568 20.073797004297376 111.71788357070182 132.2417296130443 14.308096066582946 261.11280384170823 24.895142006338574 21.809589520271405 286.96974787820363 115.35808162612375
leaf_count=420 59029 119 166 184 793 225 2801 3747 340 8354 513 893 11157 4692
internal_value=-0.000454957 0.00898474 0.0201998 0.0145661 0.0288508 0.0409562 0.0229089 -0.00650835 0.0765431 -0.00560636 0.0990671 0.082617 -0.00252535 -0.0155476
internal_weight=3788.7 680.897 384.769 354.047 210.796 179.405 120.128 143.251 59.277 296.128 44.9689 30.7225 3107.8 402.328
internal_count=93433 18555 9781 8769 4856 4063 2985 3913 1078 8774 738 1012 74878 15849
is_linear=0
shrinkage=0.1


Tree=112
num_leaves=15
num_cat=0
split_feature=5 12 2 15 19 6 5 12 1 0 2 20 0 5
split_gain=7.08051 25.9875 15.6191 16.7929 17.063 17.7567 12.5055 12.3652 12.3368 15.4462 22.6231 16.7353 14.5852 12.6607
threshold=21.500000000000004 -78.785714285714278 62.500000000000007 322.0564 0.0032254414201910555 264.10223596066993 18.500000000000004 -219.24999999999997 -37.499999999999993 -37.499999999999993 -87.499999999999986 -48.166666666666664 772.50000000000011 3.5000000000000004
decision_type=2 2 8 8 2 2 2 2 8 8 8 10 10 2
left_child=1 2 -1 4 -4 -6 8 -5 -3 10 -10 -12 13 -11
right_child=-2 6 3 7 5 -7 -8 -9 9 12 11 -13 -14 -15
leaf_value=0.0013688889116663184 0.002881590042222085 0.011151931976322029 -0.010620187125937366 0.027033267756982615 0.009974987335052728 0.13676717869113739 -0.039543341715057662 0.16627761599564544 -0.052071471824503307 -0.086587748843169929 0.11407031485094077 0.0053117434905456187 0.11074358075496003 -0.023793001936696423
leaf_weight=407.3573919297196 2381.3288798949798 190.1227235296974 63.516192677663639 11.227339879143985 23.624659060616978 20.029023248702288 187.86519309371943 15.289374425541608 28.053293160162866 34.453586021438241 25.751546571380459 30.249660581233911 6.6038387243752359 365.50034791277722
leaf_count=4775 63634 2043 1238 206 578 359 6632 382 142 576 221 354 163 11981
internal_value=-0.000443214 -0.00605791 0.0111331 0.0406547 0.0225251 0.0699094 -0.0167665 0.110446 -0.010432 -0.0188018 0.0200424 0.056447 -0.0268622 -0.0294048
internal_weight=3790.97 1409.64 541.044 133.687 107.17 43.6537 868.6 26.5167 680.735 490.612 84.0545 56.0012 406.558 399.954
internal_count=93284 29650 7538 2763 2175 937 22112 588 15480 13437 717 575 12720 12557
is_linear=0
shrinkage=0.1


Tree=113
num_leaves=15
num_cat=0
split_feature=15 15 4 17 15 15 2 8 11 20 1 13 22 15
split_gain=7.98671 14.9585 11.4604 12.3222 10.9773 16.0559 15.7635 15.5034 14.2153 23.8955 37.6937 25.3582 17.1868 16.6702
threshold=13.285200000000005 21.109899999999957 983.75000000000011 -543.74999999999989 3.9125000000000232 2.2873000000000165 -247.49999999999997 467.54634881296761 -0.10433386532384524 -87.916666666666643 -12.499999999999998 626.76235000000008 6.7447721958160409 -33.461799999999975
decision_type=10 10 10 8 10 10 10 2 2 8 10 2 8 8
left_child=4 -2 3 -3 5 8 -6 -8 9 10 -1 12 -11 -10
right_child=1 2 -4 -5 6 -7 7 -9 13 11 -12 -13 -14 -15
leaf_value=-0.034857584042965198 -0.032828272883677047 0.069991364294693173 -0.086659342292895875 -0.0020608874474657922 0.074377871438616516 -0.068407256663064755 -0.02657731635400061 0.051281786224948223 -0.010290610476257152 0.094354809315533847 0.089256537038767389 -0.03090404292352621 0.025600584224136441 0.0098825759351307968
leaf_weight=112.76715121709276 172.67200393881649 23.137098550796509 14.738198429578913 1424.7426363514387 51.525238682283089 30.698447885457426 58.583495281985961 43.830390326678753 839.77148238598602 82.206353279354516 30.181903051910922 34.020463159366045 66.341912663425319 797.82333697576541
leaf_count=1124 3616 138 367 31827 624 597 1025 898 26968 1517 477 2192 2348 19483
internal_value=0.000182916 -0.00508108 -0.00178514 -0.000861981 0.00419141 0.00219778 0.0298319 0.00691796 0.00333614 0.0223883 -0.00821443 0.0462641 0.0640256 -0.000462359
internal_weight=3783.04 1635.29 1462.62 1447.88 2147.75 1993.81 153.939 102.414 1963.11 325.518 142.949 182.569 148.548 1637.59
internal_count=93201 35948 32332 31965 57253 54706 2547 1923 54109 7658 1601 6057 3865 46451
is_linear=0
shrinkage=0.1


Tree=114
num_leaves=15
num_cat=0
split_feature=9 2 18 20 18 18 5 18 11 3 18 0 22 22
split_gain=8.68239 6.72561 5.51122 16.9154 12.6993 18.1843 17.2552 15.9834 13.0893 16.0258 11.8978 20.4356 11.8841 11.0865
threshold=0.9201063829787236 -117.49999999999999 0.99846012810022822 -128.16666666666666 0.98363543905665363 0.96602908662670139 15.500000000000002 0.93237596376505805 0.080382479839675627 -1.0000000180025095e-35 0.86939742797584552 -82.499999999999986 -0.30880451202392573 -6.2470631599426261
decision_type=2 10 2 10 2 2 2 2 2 8 2 8 10 10
left_child=2 -2 4 -4 5 7 -7 10 9 -6 13 -12 -9 -1
right_child=1 -3 3 -5 8 6 -8 12 -10 -11 11 -13 -14 -15
leaf_value=0.038459430109400373 0.008145555652977296 0.086491617613070074 -0.037889920830840175 0.030933555976277994 0.013048991388505925 -0.054172349113363896 0.046811161221825097 -0.084410799364525169 0.030010067434086823 -0.062545675673774212 -0.057507685343433257 0.03352863042581844 -0.016589275166783348 -0.0016688312515550996
leaf_weight=69.602236807579175 23.439929679501802 19.963623168761842 44.371154589578509 167.99864770798013 39.138187715783715 18.44073768472299 136.79405220551416 33.528916177339852 31.784032924566418 95.302261097589508 27.06715655955486 206.30677164014196 105.54076925711706 2770.4853911581449
leaf_count=644 263 383 310 1877 918 346 2094 366 703 2071 222 4715 3328 74892
internal_value=0.0013578 0.0453174 0.000836552 0.0164438 -0.000105731 0.00122951 0.0345451 -0.000390608 -0.0270037 -0.0406048 0.00111461 0.0227697 -0.0334266 -0.000672214
internal_weight=3789.76 43.4036 3746.36 212.37 3533.99 3367.77 155.235 3212.53 166.224 134.44 3073.46 233.374 139.07 2840.09
internal_count=93132 646 92486 2187 90299 86607 2440 84167 3692 2989 80473 4937 3694 75536
is_linear=0
shrinkage=0.1


Tree=115
num_leaves=15
num_cat=0
split_feature=11 11 11 18 11 15 0 18 5 11 18 0 4 19
split_gain=10.9479 18.4906 19.0898 49.5926 17.0109 15.6415 20.636 20.7722 16.1578 15.3452 13.2378 25.0037 21.5032 19.7018
threshold=-0.1479590997455402 -0.10433386532384524 -0.10967218219120324 0.50076406180191702 -0.055746914998354227 -14.640150000000032 -32.499999999999993 0.83849049182116964 30.500000000000004 -0.054191011027994479 0.42949934704746318 -52.499999999999993 28.750000000000004 0.15101078994440373
decision_type=2 2 2 2 2 8 8 2 2 2 2 8 10 2
left_child=5 2 -2 -4 -3 6 -1 -8 -7 -6 11 -11 -13 -12
right_child=1 4 3 -5 9 8 7 -9 -10 10 13 12 -14 -15
leaf_value=-0.039124206447230948 0.0079397517623465263 -0.017952509232634847 -0.027849008583599164 0.14184170976431604 0.09031678508098355 -0.021166220967247216 0.054937831810135264 -0.071696833596184478 -0.090654767218455501 0.040137655819004227 -0.012802629297918902 -0.0074236569879602022 0.021377469508962757 0.015504283045888752
leaf_weight=58.477470941725187 139.15489237511065 507.31420274858829 28.908338477020152 40.602275049546733 18.528711242834106 189.30630717746681 82.574231876409613 14.43846249009948 39.944953735859599 207.55607383436291 990.83171748404857 752.14015916013159 394.30207989312476 325.99880261148792
leaf_count=681 3416 11370 789 419 362 3985 2388 401 1019 3524 13774 29511 10705 10939
internal_value=-0.0010976 0.000710838 0.0294794 0.071876 -0.00117569 -0.0170644 0.00739656 0.0355515 -0.0336151 0.00199455 0.00134825 0.00828817 0.00249207 -0.00578843
internal_weight=3790.08 3405.34 208.666 69.5106 3196.67 384.741 155.49 97.0127 229.251 2689.36 2670.83 1354 1146.44 1316.83
internal_count=93283 84809 4624 1208 80185 8474 3470 2789 5004 68815 68453 43740 40216 24713
is_linear=0
shrinkage=0.1


Tree=116
num_leaves=15
num_cat=0
split_feature=3 14 10 12 11 14 14 19 14 16 0 22 11 8
split_gain=6.88471 20.8989 16.0025 16.122 18.8332 15.0337 12.358 11.8853 11.8133 35.8749 22.2457 14.4161 13.1916 15.5187
threshold=35.000000000000007 67.191999999999965 0.4768421052631579 -122.74999999999999 0.13482669614181145 60.497499999999953 323.46225000000004 -0.9995538613407261 77.782750000000007 62.39678333333331 42.500000000000007 8.1533226966857928 0.039417161480102637 400.24984394500797
decision_type=10 10 2 2 2 10 10 2 10 10 10 10 2 2
left_child=7 5 -3 -4 6 -2 -5 -1 11 -10 12 -9 -11 -14
right_child=1 2 3 4 -6 -7 -8 8 9 10 -12 -13 13 -15
leaf_value=0.064196347545529622 0.012979164014764287 -0.099915341819775488 -0.041067398862601516 -0.016412645532017076 0.11414777510715908 0.077293129915082193 0.047697684258835943 -0.0027369978955627079 -0.043971539301096825 0.062177165516805161 -0.049582224283652235 -0.023825268522199045 0.048325594660487171 -0.04842674747352757
leaf_weight=25.052342370152473 610.61862010823097 19.769864888978191 98.229032009607181 122.76275021850597 14.619296240387483 37.719644008902833 38.715868150815368 2133.5177836629446 77.641089734679554 142.37872084439732 27.295887756219599 381.31983224028954 38.747972578799818 27.459677920793183
leaf_count=364 6111 197 845 1898 175 399 408 54089 2813 3080 958 20196 782 1000
internal_value=-0.000593982 0.00681207 -0.0152639 -0.00882256 0.00929423 0.0168342 -0.000842691 -0.00304161 -0.00365965 0.0146144 0.0340023 -0.00594277 0.0451247 0.008074
internal_weight=3795.85 942.435 294.097 274.327 176.098 648.338 161.479 2853.41 2828.36 313.523 235.882 2514.84 208.586 66.2077
internal_count=93315 10033 3523 3326 2481 6510 2306 83282 82918 8633 5820 74285 4862 1782
is_linear=0
shrinkage=0.1


Tree=117
num_leaves=15
num_cat=0
split_feature=19 11 13 0 11 1 17 4 18 7 1 1 2 2
split_gain=7.10236 21.4024 17.1919 20.5512 16.2884 12.4784 12.4269 15.0783 11.351 12.0388 10.5467 9.71181 9.29684 9.61611
threshold=0.80281625642728172 0.1372149041227837 539.96735000000012 47.500000000000007 -0.14200635671360903 -47.499999999999993 -8.7499999999999982 -61.249999999999993 0.082691702092476851 1.0544347490782828 182.50000000000003 -3634.9999999999995 -3507.4999999999995 -2852.4999999999995
decision_type=2 2 2 8 2 10 8 8 2 10 10 8 8 8
left_child=11 2 3 4 -2 -6 7 -4 -7 -10 -8 -1 -13 -14
right_child=1 -3 6 -5 5 8 10 -9 9 -11 -12 12 13 -15
leaf_value=0.073101231097750838 -0.077457098240266614 -0.082802774410912244 -0.065166141694209964 0.12360287068013642 0.030307049264214021 -0.052710057770286582 -0.049574620809828086 0.011028978618491963 -0.034199553917407928 0.11383298841264122 0.073515112250043105 0.08402850065808308 -0.085249541857149239 0.0013567217449241978
leaf_weight=17.983150909189135 19.915709409746341 36.931885733501986 30.786622041836381 15.121294059092177 152.06812877301127 40.977193454513326 130.38153157709166 141.01099029672332 10.801388634135948 9.4909298005513829 6.487253241124562 12.545175681822 11.873162470757959 3133.4537716138875
leaf_count=188 609 1511 246 248 1884 2597 8117 2107 370 308 342 95 84 74383
internal_value=-8.96828e-05 -0.0101168 -0.00515793 0.0143944 0.00681725 0.0150092 -0.0208868 -0.00292351 -0.0228364 0.0371313 -0.0432496 0.00178825 0.00135913 0.0010028
internal_weight=3769.83 593.973 557.041 248.375 233.253 213.338 308.666 171.798 61.2695 20.2923 136.869 3175.86 3157.87 3145.33
internal_count=93089 18339 16828 6016 5768 5159 10812 2353 3275 678 8459 74750 74562 74467
is_linear=0
shrinkage=0.1


Tree=118
num_leaves=15
num_cat=0
split_feature=12 1 13 8 6 22 12 22 4 17 5 21 13 6
split_gain=7.0156 8.23142 9.9313 6.31378 6.14063 10.2865 6.10686 5.97409 10.234 10.4035 13.586 17.9307 9.55811 7.43143
threshold=-744.49999999999989 -647.49999999999989 639.23930000000007 627.05629179682091 4730.9676258638256 -0.76742315292358387 -60.916666666666664 10.590743541717531 33.750000000000007 8.7500000000000018 27.500000000000004 -9.0833333333333304 591.27775000000008 148.15445903775955
decision_type=2 10 2 2 2 10 2 10 10 8 2 10 2 2
left_child=1 -1 -3 4 7 -6 -5 -2 9 10 -9 -12 -10 -13
right_child=3 2 -4 6 5 -7 -8 8 12 -11 11 13 -14 -15
leaf_value=-0.0045413304647856064 8.8832326907051687e-05 0.11309314406902116 0.006669949602450021 0.13001388456100768 0.028679934313946949 -0.078866345887696379 0.0062811652749135832 -0.024971401855941183 -0.094101307677963916 -0.035738595939130174 -0.030996448233121584 0.047001321859103225 -0.011179140498770845 0.14288990376166646
leaf_weight=33.160023756325245 3452.2819332806394 18.313324294984341 16.303682132158428 6.1823944414500138 13.119557672645895 24.102365511585958 9.2135067706694809 42.064304761588573 27.761105543002486 61.09642768179765 17.326402819016948 19.390560720814392 27.494845462613739 15.021718976437112
leaf_count=308 82865 176 264 136 146 581 364 1263 748 3537 515 862 996 487
internal_value=-0.000466595 0.0311803 0.0645652 -0.00105219 -0.00132624 -0.0412011 0.0608667 -0.000909852 -0.0172382 -0.00394449 0.0169224 0.0508104 -0.0537722 0.0917118
internal_weight=3782.83 67.777 34.617 3715.06 3699.66 37.2219 15.3959 3662.44 210.155 154.899 93.803 51.7387 55.256 34.4123
internal_count=93248 748 440 92500 92000 727 500 91273 8408 6664 3127 1864 1744 1349
is_linear=0
shrinkage=0.1


Tree=119
num_leaves=15
num_cat=0
split_feature=3 11 5 17 22 17 18 20 1 4 19 4 3 16
split_gain=7.21652 12.4586 15.6705 13.068 11.7765 22.8053 11.8374 13.7995 19.5505 14.7894 12.1491 10.7441 14.9341 10.6411
threshold=1.0000000180025095e-35 -0.21274429489592908 28.500000000000004 -13.749999999999998 5.0840277671813974 8.7500000000000018 0.97305990402711318 -32.916666666666664 -22.499999999999996 41.250000000000007 -0.90521828610473387 -13.749999999999998 -74.999999999999986 -51.295048571428616
decision_type=8 2 2 8 10 10 2 10 10 8 2 8 10 8
left_child=4 2 3 -2 13 6 7 10 9 -9 -6 -8 -13 -1
right_child=1 -3 -4 -5 5 -7 11 8 -10 -11 -12 12 -14 -15
leaf_value=-0.01167080246154787 -0.0098779528591939978 0.0024132780211542169 -0.032343799725883797 0.098081061289263777 0.024625709152067781 -0.040021932517462298 0.099808926781996987 0.073757962534330382 -0.021465820664664743 -0.02341046409605551 -0.037066582842260852 0.06211866277025694 -0.030712249778264606 0.0099772103702344388
leaf_weight=354.21246170648374 14.991245947778223 2007.9230597682181 19.662370179197751 41.547594786272384 38.195805971510708 235.9941831183969 17.251910295337439 57.690490590408444 81.643697180552408 20.817811571527272 176.26995055109728 31.723165958188474 35.928190850187093 628.48247857304523
leaf_count=6529 88 35971 347 801 379 17669 130 1322 6699 313 4977 181 1036 16668
internal_value=9.72974e-07 0.00393019 0.0433523 0.0697816 -0.00487806 -0.0148254 -0.00182658 -0.0094816 0.0126844 0.0480217 -0.026016 0.0316667 0.0130889 0.00217025
internal_weight=3762.33 2084.12 76.2012 56.5388 1678.21 695.515 459.521 374.618 160.152 78.5083 214.466 84.9033 67.6514 982.695
internal_count=93110 37207 1236 889 55903 32706 15037 13690 8334 1635 5356 1347 1217 23197
is_linear=0
shrinkage=0.1


Tree=120
num_leaves=15
num_cat=0
split_feature=6 3 14 8 19 4 12 19 3 3 12 1 18 14
split_gain=6.96868 7.95406 9.63668 13.566 14.4411 9.74927 9.89094 9.55478 12.4747 14.8611 12.3613 10.5943 8.92434 8.62171
threshold=142.65245733414125 -1.0000000180025095e-35 -75.706750000000014 592.95829949233359 -0.12545862287572049 36.250000000000007 -163.74999999999997 -0.39827153806311183 -14.999999999999998 -414.99999999999994 -80.749999999999986 -87.499999999999986 -0.03977009085991149 20.785650000000036
decision_type=2 8 8 2 2 8 2 2 10 10 2 10 2 8
left_child=1 7 3 -3 -5 6 12 11 9 -9 -11 -1 -4 -7
right_child=-2 2 5 4 -6 13 -8 8 -10 10 -12 -13 -14 -15
leaf_value=0.050927457001223142 -0.0019635483539415031 0.0011512467631755554 0.095341436984758998 0.053219760273028764 0.22557827403397665 0.068425647221639352 -0.012365313792348332 -0.08915997103266482 -0.067883274655796105 -0.028599075060174742 0.049847300043725652 -0.011129860862251095 0.0067296935789231465 0.016949267951347474
leaf_weight=48.822723777382635 3091.4404031458544 19.460982505581342 16.592434397200122 15.065309298573995 6.8772337206173679 43.31979525310453 176.10584383626701 15.460254358884411 41.386702306452207 35.25797954108566 44.223919296404347 60.785895420529414 32.587530147051439 126.44191529834643
leaf_count=524 74832 525 396 419 253 897 6032 361 2604 685 1794 1757 340 1916
internal_value=5.60058e-05 0.00919472 0.0172853 0.062624 0.114718 0.0123874 -0.00126675 -0.00517508 -0.0227745 -0.00260834 0.0151257 0.0167227 0.0379299 0.0304088
internal_weight=3773.83 682.389 436.451 41.4035 21.9425 395.048 225.286 245.937 136.329 94.9422 79.4819 109.609 49.18 169.762
internal_count=93335 18503 10778 1197 672 9581 6768 7725 5444 2840 2479 2281 736 2813
is_linear=0
shrinkage=0.1


Tree=121
num_leaves=15
num_cat=0
split_feature=13 8 2 17 13 0 0 22 0 15 18 17 14 9
split_gain=8.70162 7.49303 5.85375 11.5452 14.6306 10.5227 17.1912 13.2939 9.68456 24.224 14.6108 11.7051 11.6892 11.5263
threshold=405.05580000000003 397.74292086450487 67.500000000000014 46.250000000000007 446.80420000000004 67.500000000000014 117.50000000000001 7.0978012084960946 -147.49999999999997 -1.9704999999999584 0.93237596376505805 103.75000000000001 -7.2101499999999978 0.026954373728567241
decision_type=2 2 8 10 2 8 10 10 8 8 2 10 10 2
left_child=1 -1 3 -2 -5 -6 -7 -8 9 12 13 -12 -4 -10
right_child=2 -3 8 4 5 6 7 -9 10 -11 11 -13 -14 -15
leaf_value=0.071395562964632286 -0.00033925669745730113 0.0070705070448100543 0.045059130205565179 0.056112406248489691 -0.045355640755002473 0.048281577914110065 -0.081356735926751869 0.023706725271825956 -0.02172691080463407 0.17392587648551169 0.0035094988693032806 -0.075113537271327038 -0.083690082940534052 0.018276201908255438
leaf_weight=30.256109438370913 2810.2632891277317 43.645642645657063 23.308244483254381 20.871918745338917 150.88356212020153 37.793340464821085 29.716374312760308 19.207561355317011 86.5852059632889 11.138095386791973 37.566422944772057 37.006317473016679 8.9406008783262241 407.01462412247201
leaf_count=223 61708 355 576 173 6245 818 505 310 4122 244 959 1420 155 15267
internal_value=0.000264734 0.0340074 -0.000421886 -0.00220285 -0.0223855 -0.0294873 -0.00167499 -0.0404601 0.00850378 0.0534956 0.00498014 -0.0359844 0.00792144 0.0112293
internal_weight=3754.2 73.9018 3680.3 3068.74 258.473 237.601 86.7173 48.9239 611.56 43.3869 568.173 74.5727 32.2488 493.6
internal_count=93080 578 92502 69759 8051 7878 1633 815 22743 975 21768 2379 731 19389
is_linear=0
shrinkage=0.1


Tree=122
num_leaves=15
num_cat=0
split_feature=18 1 18 22 5 12 7 1 11 8 17 22 5 3
split_gain=6.90441 7.98488 11.381 7.79147 7.07455 16.7457 13.6362 13.0438 11.0514 9.03268 12.2037 8.84928 10.4344 19.3712
threshold=-0.97876850416056738 37.500000000000007 -0.99275805973510278 4.8183732032775888 21.500000000000004 -26.833333333333339 1047.1748862545003 -767.49999999999989 -0.23332696182973797 600.16662039607274 -6.2499999999999991 -0.3782277107238769 7.5000000000000009 95.000000000000014
decision_type=2 8 2 10 2 2 10 8 2 2 10 10 2 10
left_child=1 -1 3 -3 5 6 7 -2 -9 -10 -11 -7 13 -13
right_child=4 2 -4 -5 -6 11 -8 8 9 10 -12 12 -14 -15
leaf_value=-0.052783267394504757 -0.041096981410934402 0.00049271174173688953 -0.077329573891950124 0.17044379306814669 0.0047760584507081406 0.014070926553399378 -0.071414205014663265 0.069313882982951325 0.0048484175282341281 0.096903024273853333 0.011103568599440179 -0.020795733955589042 -0.030225196077943096 0.051447438360604947
leaf_weight=45.931979455344845 48.895129782613367 5.1152169017586839 5.5432269737939341 4.721196430909913 2313.4820982851088 84.002898362698033 21.132153442129493 30.962836838676594 575.39920659980271 25.192026148783043 45.994146960554644 136.05030240677297 373.30365675379289 49.901744805276394
leaf_count=5529 369 246 482 268 59186 1306 362 334 8828 230 1097 1430 13125 294
internal_value=0.000833454 -0.0321778 0.0288267 0.0902656 0.00138837 -0.00424601 0.00592979 0.00827479 0.011893 0.00904053 0.0423889 -0.0160628 -0.0206061 -0.0012372
internal_weight=3765.63 61.3116 15.3796 9.83641 3704.32 1390.83 747.575 726.443 677.548 646.585 71.1862 643.259 559.256 185.952
internal_count=93086 6525 996 514 86561 27375 11220 10858 10489 10155 1327 16155 14849 1724
is_linear=0
shrinkage=0.1


Tree=123
num_leaves=15
num_cat=0
split_feature=1 17 5 19 1 19 8 17 21 0 6 16 11 21
split_gain=6.01571 13.5177 14.6494 12.6804 12.3821 11.7933 10.3434 12.2239 11.1366 10.7739 12.8869 14.5072 14.7769 10.875
threshold=17.500000000000004 46.250000000000007 8.5000000000000018 -0.93540136501496318 -142.49999999999997 -0.92591997619106292 612.0457281158466 11.250000000000002 230.62500000000003 -707.49999999999989 151.82146081074691 -45.196046581196576 -0.024319514886503933 5.2083333333333348
decision_type=8 10 2 2 10 2 2 8 10 8 2 8 2 10
left_child=1 -1 -3 -2 -4 -5 7 -7 9 -9 -11 12 13 -12
right_child=3 2 4 5 -6 6 -8 8 -10 10 11 -13 -14 -15
leaf_value=-0.00083990391726121167 -0.011219057911848152 0.12627794349540197 7.8052133780349297e-05 0.094928051147643119 -0.061561887302404583 0.029095539910232712 0.058726432269919519 0.10397525896919931 0.050832947592008543 0.01327858557327407 0.019103555581969862 -0.029839353396174675 -0.021612561627499915 0.12290163721767039
leaf_weight=2420.3138255550293 315.05608247336932 4.6487945504486552 51.965051645762287 15.888571225106714 86.388866264605895 205.24409815703984 41.326236014312599 8.3306465306086448 40.791349181323312 239.28235806053272 26.888448238314595 241.22276887897169 46.387707355141174 15.613876607501878
leaf_count=53973 4838 25 1091 132 5262 4304 1154 177 1171 8447 927 9600 1823 359
internal_value=0.000121159 -0.00261124 -0.032377 0.00597448 -0.0385758 0.012129 0.0105004 0.00801278 0.000981158 -0.00262047 -0.00435959 -0.0171461 0.0172485 0.059184
internal_weight=3759.35 2563.32 143.003 1196.03 138.354 880.976 865.087 823.761 618.517 577.726 569.395 330.113 88.89 42.5023
internal_count=93283 60351 6378 32932 6353 28094 27962 26808 22504 21333 21156 12709 3109 1286
is_linear=0
shrinkage=0.1


Tree=124
num_leaves=15
num_cat=0
split_feature=22 11 13 16 2 1 3 13 2 20 22 9 3 0
split_gain=8.34477 18.3667 17.378 15.6208 18.1488 15.4781 16.5228 20.8066 15.2902 13.5475 12.9725 13.7818 12.3462 13.1871
threshold=1.6517028808593752 -0.0042186775308786931 654.57430000000011 63.156184065934106 -3507.4999999999995 -297.49999999999994 -74.999999999999986 587.56460000000004 -287.49999999999994 -78.166666666666643 0.037565469741821296 0.50750018750468773 155.00000000000003 -92.499999999999986
decision_type=10 2 2 10 8 8 10 2 10 8 8 2 10 10
left_child=1 2 3 4 -1 10 8 9 -7 -8 11 -6 13 -11
right_child=-2 -3 -4 -5 5 6 7 -9 -10 12 -12 -13 -14 -15
leaf_value=0.098894514205456488 -0.0040058034371112062 0.017683971792957734 -0.043349888632367911 0.057010733109702477 -0.083083863577083361 0.016411222275442439 -0.0021044926809248811 -0.034497713801457719 -0.054507301799939414 0.01322481675301453 0.0088867641427419243 -0.0046117197932351419 -0.028828918397465458 0.084068222757447353
leaf_weight=15.768552483059464 2384.4294378817431 665.69934003450908 102.33171046065399 45.052873313892633 62.43807134218514 49.694449986331165 76.210215855389833 59.978648555115797 75.818036447279155 39.115501638269052 45.879553120117635 34.770597745664418 16.703985402360559 81.786327297799289
leaf_count=109 71242 10445 3170 535 465 646 705 1576 1239 403 423 345 135 1528
internal_value=-0.000431702 0.00578161 -0.00545765 0.00103162 -0.00358067 -0.00673635 0.00339373 0.0171536 -0.0265206 0.0317357 -0.0348331 -0.0553479 0.0503574 0.0614447
internal_weight=3755.68 1371.25 705.549 603.217 558.164 542.395 399.307 273.795 125.512 213.816 143.088 97.2087 137.606 120.902
internal_count=92966 21724 11279 8109 7574 7465 6232 4347 1885 2771 1233 810 2066 1931
is_linear=0
shrinkage=0.1


Tree=125
num_leaves=15
num_cat=0
split_feature=1 21 11 17 1 1 18 21 20 11 18 7 20 21
split_gain=6.83106 11.0679 17.3183 11.053 13.9305 12.3778 12.0421 18.7847 14.0105 16.7142 11.7388 11.1423 10.4478 13.1186
threshold=-917.49999999999989 -393.95833333333331 0.051018259512869486 23.750000000000004 -387.49999999999994 17.500000000000004 -0.77830568977787384 40.916666666666679 -34.583333333333321 0.08217981948575849 0.99995780822346225 -8.6570828077259545 -134.58333333333329 -9.5416666666666661
decision_type=8 8 2 8 8 8 2 8 8 2 2 8 8 8
left_child=-1 2 -2 -3 -5 12 7 -7 9 -8 -10 -9 13 -6
right_child=1 3 -4 4 5 6 8 11 10 -11 -12 -13 -14 -15
leaf_value=-0.017111600174536539 0.079353401708535914 0.0036553235223937917 -0.033623370037293814 0.065236003244997398 -0.060060183016649366 -0.022105426469191516 0.0042057631513867403 -0.02904717885874681 -0.014033802596388482 0.098557748484195962 -0.099401415096592671 0.10592431290925407 -0.042427854720309577 0.057890700072906101
leaf_weight=223.85327804891858 40.828445628867485 2492.8262393698096 19.396870087482966 23.736246598768048 13.96337119117379 31.726235062989872 137.73836954007857 7.0923210834152997 497.4360823299503 20.757260333513841 15.687293663620947 31.169650505355094 173.79956751997815 24.608200889779255
leaf_count=2529 866 56980 560 454 239 3251 1715 366 16196 217 110 1108 8113 515
internal_value=-0.000211451 0.000864574 0.0430119 0.000120999 -0.0088848 -0.0107954 -0.00468186 0.0344996 -0.00881011 0.017103 -0.0168319 0.0808031 -0.0320221 0.0147524
internal_weight=3754.62 3530.77 60.2253 3470.54 977.715 953.978 741.607 69.9882 671.619 158.496 513.123 38.262 212.371 38.5716
internal_count=93219 90690 1426 89264 32284 31830 22963 4725 18238 1932 16306 1474 8867 754
is_linear=0
shrinkage=0.1


Tree=126
num_leaves=15
num_cat=0
split_feature=0 17 18 20 22 12 2 19 13 13 3 19 17 6
split_gain=7.87755 10.4027 10.7 23.4863 11.7617 16.3885 10.9932 13.2376 12.0828 12.0695 11.9588 10.8503 10.7143 10.3429
threshold=1.0000000180025095e-35 1831.2500000000002 0.85226249403558707 91.833333333333357 7.1883621215820321 -91.305555555555543 72.500000000000014 -0.99744649847117761 575.94040000000007 606.08035000000007 185.00000000000003 -0.039769286347669845 81.250000000000014 139.64194138592063
decision_type=10 8 2 8 10 2 8 2 2 2 10 2 10 2
left_child=-1 2 6 4 -4 -6 8 -8 13 -10 12 -9 -11 -2
right_child=1 -3 3 -5 5 -7 7 11 9 10 -12 -13 -14 -15
leaf_value=-0.0037337757262925417 0.093289789631422843 -0.070762971352825929 0.06461396984908209 -0.041261865825942046 0.098798307835946064 -0.037749832708767694 -0.07685880927582385 0.042122323594546762 -0.068126896427785855 -0.014130902310326855 0.026834024215102604 -0.018370882774314295 -0.091752249069650654 0.0059898592463864947
leaf_weight=2646.4837868252653 13.116776158567516 16.2160233357572 106.53791020833887 36.733780270325951 11.339418309275059 29.554371573147364 11.343210556195116 149.80021385336295 39.649573855567724 192.78683727083262 66.936552700120956 36.294060690212063 18.671190119814128 357.86023782310076
leaf_count=65240 185 963 1868 1186 200 1257 226 4215 1970 6360 587 2216 709 5744
internal_value=-0.00079025 0.00637416 0.00760744 0.0294719 0.047255 0.00156804 0.00303692 0.023777 -0.00293194 -0.0172063 -0.00973622 0.0302892 -0.0213843 0.00931905
internal_weight=3733.32 1086.84 1070.62 184.165 147.432 40.8938 886.459 197.437 689.021 318.044 278.395 186.094 211.458 370.977
internal_count=92926 27686 26723 4511 3325 1457 22212 6657 15555 9626 7656 6431 7069 5929
is_linear=0
shrinkage=0.1


Tree=127
num_leaves=15
num_cat=0
split_feature=3 11 3 22 17 4 2 9 13 4 6 14 9 13
split_gain=7.1569 7.66377 7.04259 9.15627 13.1586 8.28709 16.9725 11.349 8.04655 14.4727 14.0609 13.566 12.9484 21.9868
threshold=-1854.9999999999998 -0.0042186775308786931 1.0000000180025095e-35 5.9495010375976571 3.7500000000000004 -11.249999999999998 -52.499999999999993 0.013029454205924775 452.35750000000002 161.25000000000003 1000.3249393997679 -7.8994999999999882 0.26536911060720586 489.98265000000009
decision_type=8 2 8 10 10 8 8 2 2 8 2 8 2 2
left_child=1 -1 3 8 5 6 -5 -8 10 11 -2 -10 13 -13
right_child=2 -3 -4 4 -6 -7 7 -9 9 -11 -12 12 -14 -15
leaf_value=-0.021602108183512426 0.0044745916531095655 0.15336899856793934 0.0023262559231533209 -0.012390818297734895 -0.035629237973846546 -0.013338594263757338 0.13436148868275474 0.01938655317477446 -0.015494172031007711 -0.03486424363257927 0.074762742821575731 0.090957068889255199 -0.0042160263265930611 0.012611221485815192
leaf_weight=3.8721252563409507 142.73855400644243 5.1025594400125538 2083.0852800923749 56.635669382754713 220.93902024190174 279.81388952536508 16.103548248996958 18.035701534477994 305.40183524787426 134.22999089071527 34.594987235963345 45.131620850181207 234.74626928003272 162.22455304506002
leaf_count=306 857 158 37166 656 17289 11138 367 433 10221 3555 189 345 6525 3845
internal_value=-0.00131387 0.0832804 -0.00153945 -0.00641651 -0.0163709 -0.00482447 0.0212797 0.0759007 -0.000846397 -0.00475974 0.018529 0.000685504 0.0118721 0.0300181
internal_weight=3742.66 8.97468 3733.68 1650.6 591.528 370.589 90.7749 34.1392 1059.07 881.734 177.334 747.504 442.102 207.356
internal_count=93050 464 92586 55420 29883 12594 1456 800 25537 24491 1046 20936 10715 4190
is_linear=0
shrinkage=0.1


Tree=128
num_leaves=15
num_cat=0
split_feature=12 18 19 16 0 11 14 22 17 13 12 1 21 1
split_gain=5.91157 8.37205 6.95941 14.0959 14.9839 11.671 9.40734 9.9411 9.23062 11.5008 9.69471 9.60367 8.99559 12.6417
threshold=-509.49999999999994 0.84313847884979054 0.80281625642728172 -43.601888888888816 -62.499999999999993 -0.21904602694595091 -2.6835999999999838 0.081775665283203139 151.25000000000003 595.05520000000013 -437.74999999999994 -27.499999999999996 -14.08333333333333 -27.499999999999996
decision_type=2 2 2 8 8 2 8 8 10 2 2 10 8 8
left_child=1 -1 -2 5 -5 -4 -7 -8 10 -10 -6 -12 -9 -14
right_child=2 -3 3 4 8 6 7 12 9 -11 11 -13 13 -15
leaf_value=0.029738233119911285 0.0016065181413119291 -0.026046681145532137 -0.095350516061964291 0.012456167895804386 0.0971495713715535 -0.010083281845734593 -0.0080302184654258216 0.11185605621617228 0.15635598606199524 -0.048786006204376176 -0.024176226198786809 -0.063249328334789051 0.080760452640562641 -0.031372057455130685
leaf_weight=135.7553240400739 3013.276786167582 32.667047563474625 8.0780074279755336 102.11788628506474 4.5205164290964595 57.15455643821042 27.827165324706584 23.062525813351385 4.7821215705480409 4.4893027775688097 188.15551498252898 95.321059164241888 22.360588425770402 16.911078019533306
leaf_count=1584 73134 265 145 1029 90 1601 292 386 194 291 4277 8307 253 1181
internal_value=0.000577111 0.0188284 -0.000289434 -0.0105716 -0.0205009 0.014916 0.0215646 0.0415171 -0.0318261 0.0619455 -0.0350488 -0.037491 0.0634135 0.0328942
internal_weight=3736.48 168.422 3568.06 554.78 399.386 155.394 147.316 90.1614 297.269 9.27142 287.997 283.477 62.3342 39.2717
internal_count=93029 1849 91180 18046 14188 3858 3713 2112 13159 485 12674 12584 1820 1434
is_linear=0
shrinkage=0.1


Tree=129
num_leaves=15
num_cat=0
split_feature=20 3 18 2 2 0 0 4 17 1 3 18 20 3
split_gain=6.87641 7.30237 18.3997 15.7381 7.69575 12.5789 9.28485 7.4814 7.55264 6.81373 6.72271 11.3189 14.7562 11.7053
threshold=743.66666666666686 835.00000000000011 0.61490419508004501 -607.49999999999989 497.50000000000006 -147.49999999999997 692.50000000000011 -8.7499999999999982 541.25000000000011 517.50000000000011 75.000000000000014 0.96234642434711437 88.750000000000014 -584.99999999999989
decision_type=10 10 2 10 10 8 10 10 8 8 10 2 8 8
left_child=1 4 3 -3 10 -6 7 8 -7 -5 11 -1 13 -13
right_child=-2 2 -4 9 5 6 -8 -9 -10 -11 -12 12 -14 -15
leaf_value=-0.0043578218928189286 -0.039024402235337652 0.054945269118949695 -0.078141252549851228 -0.0029719603066829994 0.16838798389017876 0.1213892999099612 0.15913904963507702 -0.073206252561191856 -0.028039878421780295 -0.067347883996173419 0.010797202459781073 -0.055214658408346898 -0.043869696678706882 0.02283888753860823
leaf_weight=2577.6128166072303 46.006860570400022 34.069461002014577 41.18373705400154 44.147483045351692 5.9654762870632112 5.1801461358554732 2.8016153831267721 9.3396840893547051 6.8189037681440823 25.291130476514809 488.85177285713144 19.305547089315951 40.379211484687403 377.49984096456319
leaf_count=73864 3393 253 431 401 89 156 249 939 423 196 4894 159 1203 6220
internal_value=-0.00101914 -0.000533326 -0.0224736 0.000211203 0.000371135 0.0498916 0.0150761 -0.0101155 0.0408463 -0.0270424 -6.84943e-05 -0.00183337 0.0130266 0.0189121
internal_weight=3724.45 3678.45 144.692 103.508 3533.76 30.1058 24.1403 21.3387 11.999 69.4386 3503.65 3014.8 437.185 396.805
internal_count=92870 89477 1281 850 88196 1856 1767 1518 579 597 86340 81446 7582 6379
is_linear=0
shrinkage=0.1


Tree=130
num_leaves=15
num_cat=0
split_feature=0 14 1 17 19 4 2 4 0 19 19 14 0 4
split_gain=5.20182 12.079 10.7028 9.89846 9.80743 8.93992 11.4285 10.1327 28.8101 13.3498 12.7393 17.8694 10.8949 12.7366
threshold=7.5000000000000009 -249.60944999999995 -287.49999999999994 1831.2500000000002 0.86329308994092868 406.25000000000006 -27.499999999999996 23.750000000000004 47.500000000000007 -0.9521757995927399 0.30569783931965289 497.20044999999999 67.500000000000014 -76.249999999999986
decision_type=10 8 8 8 2 10 8 10 10 2 2 8 10 8
left_child=1 -1 4 5 -2 7 -7 9 10 -4 11 -9 13 -11
right_child=2 -3 3 -5 -6 6 -8 8 -10 12 -12 -13 -14 -15
leaf_value=-0.062024983480599719 0.063253560502206582 -0.0015121946720615736 -0.034192311915150979 -0.072622657939793597 -0.011389393477964718 0.039352158977058196 -0.096502654760127177 0.064623087296921872 -0.029194563806338437 0.038979865030491403 -0.021693644788928344 -0.024913358393933827 0.026382699510481857 -0.013311653960558832
leaf_weight=32.397848175955005 56.771419261698611 2686.7609700183966 100.50855693942867 15.964663379359989 24.926010947674513 8.6104408253449929 17.575380306225274 150.1434540412738 78.843130785913672 54.698663035756908 26.897058208764065 25.599897086620331 166.76209302485222 283.80251532845432
leaf_count=856 486 67239 2070 926 280 101 596 2508 2046 992 1886 357 3508 9405
internal_value=2.15141e-05 -0.00225572 0.00614186 0.00307095 0.0406175 0.00447185 -0.0520265 0.006196 0.0218366 -0.00109574 0.0417377 0.0515135 0.00554247 -0.0047719
internal_weight=3730.26 2719.16 1011.1 929.406 81.6974 913.441 26.1858 887.255 281.484 605.772 202.64 175.743 505.263 338.501
internal_count=93256 68095 25161 24395 766 23469 697 22772 6797 15975 4751 2865 13905 10397
is_linear=0
shrinkage=0.1


Tree=131
num_leaves=15
num_cat=0
split_feature=11 20 2 11 1 22 11 11 11 4 9 7 9 8
split_gain=5.227 18.9331 18.924 27.5985 15.039 14.2797 13.4128 11.7123 11.6981 22.1642 13.4638 12.2531 11.6478 11.4819
threshold=-0.1479590997455402 9.5833333333333339 -32.499999999999993 -0.17841967040747295 -387.49999999999994 9.2545628547668475 -0.10433386532384524 -0.092231321079559711 -0.10967218219120324 -6.2499999999999991 0.13694553163731246 74.392802361900422 0.31453607518903265 207.35936649897556
decision_type=2 10 10 2 8 10 2 2 2 10 2 8 2 2
left_child=1 2 4 13 5 -1 8 -8 10 -10 -2 -11 -12 -4
right_child=6 -3 3 -5 -6 -7 7 -9 9 11 12 -13 -14 -15
leaf_value=-0.018168805902466473 -0.020817949388876357 -0.055874093040006935 0.0071983893821193261 -0.041714023769411288 0.0031516377066682791 -0.11335168774299829 -0.032613700378468717 0.00082648224115669197 0.10866155512421104 -0.050312424434754546 0.10876093305910431 0.083908963446712129 0.016345415162468967 0.12205010760298117
leaf_weight=44.679632913321257 72.60723507340299 74.522857701434987 11.960182757582514 22.768277467985172 163.49550375819672 23.768256633542478 107.47475049452623 3039.5809527465608 38.294303377624601 19.75330493261572 17.372992262244225 9.1221724800998363 54.782604478881694 32.314428409095854
leaf_count=371 1981 3063 302 1257 2344 324 2517 77575 495 548 373 132 1158 783
internal_value=6.88201e-05 -0.0111371 0.00016272 0.0465567 -0.0133897 -0.0523769 0.00131783 -0.000325527 0.0256075 0.0597768 0.00945167 -0.00652067 0.039779 0.0918688
internal_weight=3732.5 373.509 298.986 67.0429 231.943 68.4479 3358.99 3147.06 211.933 67.1698 144.763 28.8755 72.1556 44.2746
internal_count=93223 8444 5381 2342 3039 695 84779 80092 4687 1175 3512 680 1531 1085
is_linear=0
shrinkage=0.1


Tree=132
num_leaves=15
num_cat=0
split_feature=12 6 8 6 11 11 18 11 17 5 4 9 11 4
split_gain=5.31604 9.66598 11.4682 6.47712 4.18226 18.9873 17.8158 23.2239 20.6856 19.1793 18.4903 17.8559 14.9915 14.378
threshold=-627.24999999999989 165.22683929858746 189.20814112561746 143.70013082566157 -0.1479590997455402 -0.10433386532384524 -0.5986128078032279 -0.19873793591194802 31.250000000000004 29.500000000000004 -28.749999999999996 0.16285602299451266 -0.16807673459078348 3.7500000000000004
decision_type=2 2 2 2 2 2 2 2 10 2 10 2 2 10
left_child=1 3 -3 -1 6 13 7 8 10 11 -2 12 -8 -6
right_child=4 2 -4 -5 5 -7 9 -9 -10 -11 -12 -13 -14 -15
leaf_value=0.029027226569250154 0.042375478843636044 0.013152704571565097 0.10612940306110508 -0.044347122675111414 0.049209996032395099 -0.0016506329859559126 0.025974508148267201 -0.047763155251753231 -0.049344857443034379 -0.076450374688212253 0.23331182655491181 -0.040695245577414219 -0.060932841275126028 -0.0055265073961750805
leaf_weight=21.157895356416702 9.7133526285178977 33.703630423173308 21.241145737934858 25.430867443792522 132.52265101124067 3068.0350314445095 131.11188876372762 15.25863861129619 6.3152781380631486 48.812659236631589 11.002874430734666 102.52363418194 22.388689120765775 74.623622296378016
leaf_count=267 139 297 226 307 2631 79224 2333 1376 585 1113 357 1729 590 2013
internal_value=-0.000140423 0.022314 0.0503512 -0.011115 -0.000775807 0.000331747 -0.0111966 0.0488994 0.10322 -0.0196664 0.14986 -0.00858486 0.0129864 0.0295596
internal_weight=3723.84 101.534 54.9448 46.5888 3622.31 3275.18 347.127 42.2901 27.0315 304.837 20.7162 256.024 153.501 207.146
internal_count=93187 1097 523 574 92090 83868 8222 2457 1081 5765 496 4652 2923 4644
is_linear=0
shrinkage=0.1


Tree=133
num_leaves=15
num_cat=0
split_feature=11 4 20 22 4 11 18 21 20 20 11 15 12 21
split_gain=6.5053 15.0102 14.4055 13.1609 17.6209 18.527 23.5301 22.7401 32.6428 28.7418 25.3464 39.3237 17.8522 17.4398
threshold=-0.039905028822786438 113.75000000000001 -384.08333333333331 1.6517028808593752 -336.24999999999994 0.042205789620664021 0.40318277172597511 2.7083333333333335 -36.249999999999993 64.583333333333357 0.029212581570100756 13.784950000000011 105.52777777777779 9.7916666666666696
decision_type=2 10 10 8 8 2 2 10 10 10 2 8 2 8
left_child=1 -1 -3 -2 -5 6 7 -6 -9 10 12 -12 -10 -7
right_child=3 2 -4 4 5 13 -8 8 9 -11 11 -13 -14 -15
leaf_value=-0.0026427745866914841 0.012923978226538655 0.0084036071374720116 -0.064284346020338071 0.053883694433111674 -0.0065643102054415529 -0.034599997218486576 -0.01120968221604929 -0.0080384739391327047 0.0789953268784261 0.003840798018921079 0.35555369115439184 0.073987905311109062 -0.069255203457390793 -0.0023876972727509892
leaf_weight=1099.9778608804045 823.59442486520857 40.926078634336591 79.437835037300829 52.688949637697078 192.08511098969029 306.29513923334889 473.48059274366824 101.46711500006495 101.75999247841537 58.720107691711746 7.565417287289165 13.474179735989312 8.063200051605234 371.33090204856126
leaf_count=25409 13389 565 1866 963 7192 13689 10285 2911 3708 1900 350 315 339 10527
internal_value=-0.000341361 -0.00632763 -0.0397034 0.00256987 -0.00248989 -0.00433924 0.00462159 0.0201276 0.0377057 0.0621023 0.0880177 0.186772 0.0675841 -0.0169776
internal_weight=3730.87 1220.34 120.364 2510.53 1686.93 1634.24 956.616 483.135 291.05 189.583 130.863 21.0396 109.823 677.626
internal_count=93408 27840 2431 65568 52179 51216 27000 16715 9523 6612 4712 665 4047 24216
is_linear=0
shrinkage=0.1


Tree=134
num_leaves=15
num_cat=0
split_feature=7 22 11 12 22 7 22 0 16 16 11 11 18 4
split_gain=5.97386 4.96619 14.3144 15.3528 9.58817 8.09608 7.47182 7.34465 7.20658 7.82887 6.2212 8.21746 18.3671 16.8065
threshold=-3421.924717652721 11.194227218627931 -0.074893161385236592 -31.833333333333339 15.60667133331299 249.96342810826823 11.028201103210451 -42.499999999999993 -51.295048571428616 -1.432218749999947 -0.35141640602462204 -0.21904602694595091 0.83849049182116964 -131.24999999999997
decision_type=8 10 2 2 10 10 10 10 8 10 2 2 2 8
left_child=-1 6 4 7 -3 -5 10 -4 -8 -10 -2 12 13 -12
right_child=1 2 3 5 -6 -7 8 -9 9 -11 11 -13 -14 -15
leaf_value=-0.060705766344524431 -0.044098543473953158 -0.06780388797444252 -0.016675107241254674 -0.048634008784774467 0.016059499946357542 0.074270087560922404 -0.03116755071863065 0.091408894409543348 0.19928515555433379 0.029958179327910658 -0.043896489503429788 0.00015059958082972228 -0.038531789826966582 0.083551751438683958
leaf_weight=15.21467873652 29.932573404046707 56.917932480049785 8.0438557143788803 31.469984011084307 17.39215486246394 5.4966893432429051 4.6757137588574551 23.877048399532214 4.4012699243612587 6.3876980878412706 12.179231503163463 3408.5782603727712 26.531585184275173 52.101044918090338
leaf_count=299 722 2470 119 2017 245 115 167 758 204 304 177 84263 382 968
internal_value=-0.000140904 0.000125343 -0.0180665 0.0146885 -0.0482232 -0.0288842 0.000865122 0.0644933 0.068074 0.110079 0.000551429 0.000945838 0.030468 0.0591015
internal_weight=3703.2 3687.99 143.198 68.8876 74.3101 36.9667 3544.79 31.9209 15.4647 10.789 3529.32 3499.39 90.8119 64.2803
internal_count=93210 92911 5724 3009 2715 2132 87187 877 675 508 86512 85790 1527 1145
is_linear=0
shrinkage=0.1


Tree=135
num_leaves=15
num_cat=0
split_feature=14 5 5 0 6 20 11 7 15 16 11 21 6 22
split_gain=6.01898 12.0853 19.4913 15.2792 10.3469 8.74501 8.30947 6.18725 6.79998 7.5341 12.8726 6.69886 8.28351 6.96786
threshold=136.75730000000001 13.500000000000002 17.500000000000004 1.0000000180025095e-35 860.29064659688026 -631.24999999999989 0.034384965600011232 4.3104407937400717 186.24000000000004 282.73520473684215 -0.029049250092024293 95.625000000000014 152.47941867100783 7.1883621215820321
decision_type=10 2 2 8 2 8 2 10 8 10 2 10 2 8
left_child=-1 -2 3 -3 5 -4 7 8 -7 10 -10 12 -9 -14
right_child=1 2 4 -5 -6 6 -8 11 9 -11 -12 -13 13 -15
leaf_value=0.0012634756325059482 -0.096526791781200161 0.012440531120323681 0.075621528759917012 0.13812985589484236 -0.096270194435843337 -0.061213180705811755 -0.043226020114679548 0.07898414281448228 0.094632362637327411 -0.029868437678982396 -0.037098014696206362 0.078692437664825379 0.014259770277860498 -0.07241525596179664
leaf_weight=3386.5135365354945 15.448510280810295 30.987352640135214 9.5328946858644468 13.213324677664785 15.22154130291892 27.162577575305484 81.812739477551077 9.8758293001446855 15.537842515972445 41.282435810309835 12.693695281399412 14.048373628756961 23.006708118016835 14.251510133501137
leaf_count=84810 329 445 54 262 486 1379 2384 361 316 887 348 196 394 330
internal_value=1.61696e-05 -0.0129817 -0.00850154 0.0522387 -0.0188132 -0.0137163 -0.0175691 -0.00408366 -0.0197573 -0.00292005 0.0361598 0.0206023 0.00201326 -0.0199202
internal_weight=3710.59 324.075 308.627 44.2007 264.426 249.205 239.672 157.859 96.6766 69.514 28.2315 61.1824 47.134 37.2582
internal_count=92981 8171 7842 707 7135 6649 6595 4211 2930 1551 664 1281 1085 724
is_linear=0
shrinkage=0.1


Tree=136
num_leaves=15
num_cat=0
split_feature=9 10 2 19 21 19 7 16 20 1 14 7 7 21
split_gain=5.06363 6.33616 12.5596 18.8687 11.2157 10.8802 10.9837 13.6813 10.4689 10.9494 13.7744 9.72254 11.5524 11.3719
threshold=0.9201063829787236 0.83935483870967753 292.50000000000006 -0.022574958201731964 30.916666666666668 -0.35038587249348702 -10.969605410028164 404.82066190476206 -3220.8333333333326 32.500000000000007 -13.465700000000025 -56.585783468255933 -4.6656777751241796 -7.0416666666666652
decision_type=2 2 8 2 10 2 8 8 10 10 8 8 10 8
left_child=1 2 -1 4 5 6 7 -4 9 -3 -11 -5 13 -13
right_child=-2 8 3 11 -6 -7 -8 -9 -10 10 -12 12 -14 -15
leaf_value=-0.012450341940856665 0.033028140827888922 -0.035635506100739255 0.019456228345528188 -0.026754967765085059 -0.061388162862356627 -0.080541238314871172 0.0039509393211930388 0.18103562524683584 0.0034618564540462846 0.16254181249925209 -0.025360283831218668 0.24913457891948854 0.034369438563879202 0.080691647804105759
leaf_weight=830.84921968675917 44.516089504468255 116.78818930295529 13.64721716637723 8.0063557536341232 25.178646995685995 10.525808278005568 75.664727574039716 7.799260952393527 2528.8756378726976 5.6866944709909149 8.8255262950551678 6.1463817489566281 19.464493684354238 12.842938242189122
leaf_count=16102 642 4679 661 252 974 689 1992 84 64743 365 375 177 853 444
internal_value=-0.000121071 -0.000532016 -0.00727062 0.0166706 -0.0026492 0.0115297 0.0222284 0.0836639 0.00202854 -0.0253949 0.0540019 0.0707922 0.0912655 0.144948
internal_weight=3714.82 3670.3 1010.13 179.276 132.816 107.637 97.1112 21.4465 2660.18 131.3 14.5122 46.4602 38.4538 18.9893
internal_count=93032 92390 22228 6126 4400 3426 2737 745 70162 5419 740 1726 1474 621
is_linear=0
shrinkage=0.1


Tree=137
num_leaves=15
num_cat=0
split_feature=3 19 21 19 14 3 14 17 19 5 21 21 19 0
split_gain=6.16794 11.7256 8.91794 8.79229 6.7484 13.3007 12.7519 10.5291 12.3263 15.3486 12.2967 14.4054 15.5363 10.4627
threshold=805.00000000000011 -0.90521828610473387 15.208333333333334 0.23327506070224177 -6.8066999999999771 75.000000000000014 -13.465700000000025 91.250000000000014 0.9739916127851781 13.500000000000002 -393.95833333333331 126.04166666666667 -0.6587658185941293 -57.499999999999993
decision_type=10 2 8 2 10 10 10 10 2 2 8 10 2 10
left_child=4 2 -2 -3 5 6 -1 8 9 -6 -9 -12 -13 -7
right_child=1 3 -4 -5 7 13 -8 10 -10 -11 11 12 -14 -15
leaf_value=-0.0036942139736999557 -0.03265288538629716 -0.062503707570412986 0.039631426486407752 0.0076237737182276713 -0.047021139440127299 -0.029550899778489709 -0.033250296315538275 0.081616073937772551 -0.017033982823073637 0.012233070812731962 -0.042466054610588895 -0.030090955100495632 0.10524070378145836 0.033349619425258985
leaf_weight=1417.4256478761963 27.291624680045061 64.442340901761781 42.172015257412568 24.321733255987056 44.148393781622872 31.441546964924783 161.78636942035519 10.314008804038165 183.69126609992236 1407.233950578724 120.26161729398882 17.945656218915246 14.53773262206232 145.7149644412566
leaf_count=43023 240 784 278 328 764 245 4488 345 5206 30027 5285 336 563 1319
internal_value=-0.000277766 -0.0195329 0.0111712 -0.0434176 0.000584623 -0.00382302 -0.00674129 0.00488962 0.007309 0.0103995 -0.0192674 -0.026566 0.0318101 0.0220829
internal_weight=3712.73 158.228 69.4636 88.7641 3554.5 1756.37 1579.21 1798.13 1635.07 1451.38 163.059 152.745 32.4834 177.157
internal_count=93231 1630 518 1112 91601 49075 47511 42526 35997 30791 6529 6184 899 1564
is_linear=0
shrinkage=0.1


Tree=138
num_leaves=15
num_cat=0
split_feature=15 4 9 20 4 7 5 13 8 5 4 7 22 0
split_gain=6.29561 8.58111 8.04577 14.1252 13.5046 12.5868 8.78071 7.32543 14.4463 32.904 25.4353 8.53212 7.31955 12.0455
threshold=-235.25554999999991 271.25000000000006 0.16011049723756912 33.666666666666679 58.750000000000007 209.34574818319837 24.500000000000004 439.3263 227.15462749976143 23.500000000000004 128.75000000000003 -5.7671894718635022 1.6517028808593752 -7.4999999999999991
decision_type=8 8 2 10 10 8 2 2 2 2 8 10 8 10
left_child=1 2 3 4 6 -4 -1 8 9 -2 -10 -12 13 -9
right_child=7 -3 5 -5 -6 -7 -8 12 10 -11 11 -13 -14 -15
leaf_value=0.11913944202274483 -0.05639409745672596 -0.04581274310249412 -0.025721225836861407 -0.057291393936228341 0.14192782650744337 0.053605153123792909 0.021359868095898803 -0.0012947757838376139 -0.076192603440097928 0.071456317702796757 -0.030824491099148393 0.036621694280402343 -0.0024317468640995721 0.019260051570100429
leaf_weight=10.311049480282234 34.336789059452713 17.893725263187662 54.180627643887419 10.801565563597249 15.461359616834669 30.379110757960007 52.618997708370443 671.36130481644068 75.298500177916139 45.868558250367641 33.349926534108818 40.354829203337431 2117.8209480992518 494.38324263854884
leaf_count=382 235 366 1461 393 237 1079 1356 9115 946 379 186 256 66248 10388
internal_value=0.000827691 0.018429 0.0252691 0.0460466 0.0608279 0.00307117 0.038994 -0.000137554 -0.0173818 0.0167017 -0.0357173 0.00609954 0.0010711 0.0074314
internal_weight=3704.42 191.646 173.753 89.193 78.3914 84.5597 62.93 3512.77 229.209 80.2053 149.003 73.7048 3283.57 1165.74
internal_count=93027 5274 4908 2368 1975 2540 1738 87753 2002 614 1388 442 85751 19503
is_linear=0
shrinkage=0.1


Tree=139
num_leaves=15
num_cat=0
split_feature=21 0 4 6 2 10 5 8 5 6 6 3 19 21
split_gain=7.06651 20.0184 11.8263 17.6816 15.1937 14.9025 12.4313 11.114 11.7562 12.8576 11.9543 10.4556 10.1136 9.66041
threshold=2.7083333333333335 302.50000000000006 -18.749999999999996 1341.920262654626 -327.49999999999994 0.52396514161220054 32.500000000000007 555.15737226623719 19.500000000000004 2005.3802585033748 3156.3743496933243 -104.99999999999999 -0.59865606000573801 -35.729166666666664
decision_type=10 10 10 2 10 2 2 2 2 2 2 10 2 8
left_child=2 -2 3 6 -4 11 -1 8 -6 -10 -11 -5 -9 -13
right_child=1 -3 4 5 7 -7 -8 12 9 10 -12 13 -14 -15
leaf_value=0.0039427402285857433 0.0060023698735325896 -0.067010562268045484 0.011398775953951071 -0.041862361655170932 -0.048941955423231841 -0.05838277376707033 0.069662468103678446 -0.079902176584240509 -0.013621094068375701 0.085654902586827314 -0.023691597946128944 -0.031675851789269682 -0.025232907676312713 0.064175740770943443
leaf_weight=1111.2140279434389 1705.9509572771203 37.400231788575184 164.66642945219064 30.77401111042127 76.557262510934379 84.394783660478424 28.554782116087154 55.983826335519552 255.1215280375618 26.19150868745055 15.245272370404562 15.03245124418754 86.921581303002313 30.524517040117644
leaf_count=17274 45411 1544 3764 343 2789 1292 621 2238 10224 420 394 301 6464 321
internal_value=-0.000243561 0.0043985 -0.00432853 0.00126284 -0.0149973 -0.0296827 0.00564885 -0.0234263 -0.0142743 -0.0051904 0.0458143 0.00239403 -0.0470563 0.0325465
internal_weight=3724.53 1743.35 1981.18 1300.49 680.687 160.726 1139.77 516.021 373.116 296.558 41.4368 76.331 142.905 45.557
internal_count=93400 46955 46445 20152 26293 2257 17895 22529 13827 11038 814 965 8702 622
is_linear=0
shrinkage=0.1


Tree=140
num_leaves=15
num_cat=0
split_feature=9 4 7 2 18 2 21 11 21 0 0 22 0 15
split_gain=6.00884 5.41916 14.4082 14.9861 13.129 10.625 15.6274 15.2399 14.4488 14.3635 13.2451 11.86 10.5722 12.5528
threshold=0.9201063829787236 -31.249999999999996 450.11827151090932 -22.499999999999996 -0.39826117949089107 42.500000000000007 -71.583333333333329 -0.059720851313123872 -266.04166666666657 22.500000000000004 1.0000000180025095e-35 3.3744440078735356 -677.49999999999989 13.285200000000005
decision_type=2 8 10 8 2 10 10 2 10 8 8 10 10 8
left_child=1 2 3 12 -5 6 10 11 -7 -9 -6 -8 -1 -14
right_child=-2 -3 -4 4 5 8 7 9 -10 -11 -12 -13 13 -15
leaf_value=-0.03673304551932198 0.036114817124915391 -0.0030070063323656398 -0.047784232753169904 -0.015620812940838677 -0.03945549360473169 0.10464049802413518 -0.044974125912861061 0.13001570971899457 -0.013676172394546538 0.028506246863294057 0.069130803752319642 0.082227835146166106 0.018992623473938791 -0.013555289865391491
leaf_weight=68.451288119191304 43.412733453966212 2821.4195081406215 46.015122803742997 52.885823440068634 26.021655080607161 11.551071046618743 15.022937176749112 50.285511722089723 57.223858807701617 20.066552070202306 18.233893648721278 12.548958655912427 274.41408632881939 207.04245159542188
leaf_count=566 647 79235 758 4001 298 197 268 735 1682 366 299 213 2523 1563
internal_value=-0.000448059 -0.000888942 0.00605717 0.00915666 0.0286994 0.0398317 0.0553531 0.0774528 0.00741055 0.101867 0.00582253 0.0137717 -0.000254847 0.00499684
internal_weight=3724.6 3681.18 859.763 813.748 263.84 210.954 142.18 97.924 68.7749 70.3521 44.2555 27.5719 549.908 481.457
internal_count=93351 92704 13469 12711 8059 4058 2179 1582 1879 1101 597 481 4652 4086
is_linear=0
shrinkage=0.1


end of trees

feature_importances:
baseline_curvature=134
inundation_m=133
raw_last_change_m=123
ret_365_m=121
bank_height_m=121
doy_cos=108
doy_sin=107
nb_ret_365_m=105
n_obs_365=103
ret_84_m=97
ret_28_m=93
stage_km2=92
ret_56_m=86
embayment_m=79
stage_change_12d=69
nb_ret_84_m=68
dist_main_channel_m=66
stage_anom_km2=65
stage_change_24d=59
d_dist_main_28_m=51
near_channel_width_m=48
char_shield_frac=37
nearbank_water_frac=9

parameters:
[boosting: gbdt]
[objective: binary]
[metric: binary_logloss]
[tree_learner: serial]
[device_type: cpu]
[data_sample_strategy: bagging]
[data: ]
[valid: ]
[num_iterations: 141]
[learning_rate: 0.1]
[num_leaves: 15]
[num_threads: 4]
[seed: 20240601]
[deterministic: 1]
[force_col_wise: 0]
[force_row_wise: 1]
[histogram_pool_size: -1]
[max_depth: -1]
[min_data_in_leaf: 200]
[min_sum_hessian_in_leaf: 0.001]
[bagging_fraction: 0.8]
[pos_bagging_fraction: 1]
[neg_bagging_fraction: 1]
[bagging_freq: 1]
[bagging_seed: 22455]
[bagging_by_query: 0]
[feature_fraction: 0.8]
[feature_fraction_bynode: 1]
[feature_fraction_seed: 17448]
[extra_trees: 0]
[extra_seed: 10580]
[early_stopping_round: 0]
[early_stopping_min_delta: 0]
[first_metric_only: 0]
[max_delta_step: 0]
[lambda_l1: 0]
[lambda_l2: 1]
[linear_lambda: 0]
[min_gain_to_split: 0]
[drop_rate: 0.1]
[max_drop: 50]
[skip_drop: 0.5]
[xgboost_dart_mode: 0]
[uniform_drop: 0]
[drop_seed: 11824]
[top_rate: 0.2]
[other_rate: 0.1]
[min_data_per_group: 100]
[max_cat_threshold: 32]
[cat_l2: 10]
[cat_smooth: 10]
[max_cat_to_onehot: 4]
[top_k: 20]
[monotone_constraints: ]
[monotone_constraints_method: basic]
[monotone_penalty: 0]
[feature_contri: ]
[forcedsplits_filename: ]
[refit_decay_rate: 0.9]
[cegb_tradeoff: 1]
[cegb_penalty_split: 0]
[cegb_penalty_feature_lazy: ]
[cegb_penalty_feature_coupled: ]
[path_smooth: 0]
[interaction_constraints: ]
[verbosity: -1]
[saved_feature_importance_type: 0]
[use_quantized_grad: 0]
[num_grad_quant_bins: 4]
[quant_train_renew_leaf: 0]
[stochastic_rounding: 1]
[linear_tree: 0]
[max_bin: 255]
[max_bin_by_feature: ]
[min_data_in_bin: 3]
[bin_construct_sample_cnt: 200000]
[data_random_seed: 4268]
[is_enable_sparse: 1]
[enable_bundle: 1]
[use_missing: 1]
[zero_as_missing: 0]
[feature_pre_filter: 1]
[pre_partition: 0]
[two_round: 0]
[header: 0]
[label_column: ]
[weight_column: ]
[group_column: ]
[ignore_column: ]
[categorical_feature: ]
[forcedbins_filename: ]
[precise_float_parser: 0]
[parser_config_file: ]
[objective_seed: 8580]
[num_class: 1]
[is_unbalance: 0]
[scale_pos_weight: 1]
[sigmoid: 1]
[boost_from_average: 1]
[reg_sqrt: 0]
[alpha: 0.9]
[fair_c: 1]
[poisson_max_delta_step: 0.7]
[tweedie_variance_power: 1.5]
[lambdarank_truncation_level: 30]
[lambdarank_norm: 1]
[label_gain: ]
[lambdarank_position_bias_regularization: 0]
[eval_at: ]
[multi_error_top_k: 1]
[auc_mu_weights: ]
[num_machines: 1]
[local_listen_port: 12400]
[time_out: 120]
[machine_list_filename: ]
[machines: ]
[gpu_platform_id: -1]
[gpu_device_id: -1]
[gpu_device_id_list: ]
[gpu_use_dp: 0]
[num_gpu: 1]

end of parameters

pandas_categorical:[]
